Pulled,Venue,Location,PdfFile,Page,PriceEUR,ItemGuess,Slug
2026-09-05,La Forêt Secrète par Jean Imbert,Disneyland Hotel,La_foret_secrete_Menu_Decouverte.pdf,1,140,MENU DÉCOUVERTE,disneyland-hotel/la-foret-secrete-par-jean-imbert
2026-09-05,La Forêt Secrète par Jean Imbert,Disneyland Hotel,La_foret_secrete_Menu_Decouverte.pdf,1,40,"Langoustines, coquillages, agrumes avec caviar Impérial de Sologne",disneyland-hotel/la-foret-secrete-par-jean-imbert
2026-09-05,La Forêt Secrète par Jean Imbert,Disneyland Hotel,La_foret_secrete_Menu_Decouverte.pdf,2,140,DISCOVERY,disneyland-hotel/la-foret-secrete-par-jean-imbert
2026-09-05,La Forêt Secrète par Jean Imbert,Disneyland Hotel,La_foret_secrete_Menu_Decouverte.pdf,2,40,"Langoustine, shelfish, citrus fruits add-on of Impérial Sologne caviar",disneyland-hotel/la-foret-secrete-par-jean-imbert
2026-09-05,La Forêt Secrète par Jean Imbert,Disneyland Hotel,La_foret_secrete_Menu_Degustation.pdf,1,200,MENU DÉGUSTATION,disneyland-hotel/la-foret-secrete-par-jean-imbert
2026-09-05,La Forêt Secrète par Jean Imbert,Disneyland Hotel,La_foret_secrete_Menu_Degustation.pdf,1,60,Accord mets et vins en temps La profondeur des vins rouges,disneyland-hotel/la-foret-secrete-par-jean-imbert
2026-09-05,La Forêt Secrète par Jean Imbert,Disneyland Hotel,La_foret_secrete_Menu_Degustation.pdf,1,110,La profondeur des vins rouges L’harmonie des rouges et des blancs,disneyland-hotel/la-foret-secrete-par-jean-imbert
2026-09-05,La Forêt Secrète par Jean Imbert,Disneyland Hotel,La_foret_secrete_Menu_Degustation.pdf,1,120,L’harmonie des rouges et des La célébration en bulles,disneyland-hotel/la-foret-secrete-par-jean-imbert
2026-09-05,La Forêt Secrète par Jean Imbert,Disneyland Hotel,La_foret_secrete_Menu_Degustation.pdf,2,200,TASTING,disneyland-hotel/la-foret-secrete-par-jean-imbert
2026-09-05,La Forêt Secrète par Jean Imbert,Disneyland Hotel,La_foret_secrete_Menu_Degustation.pdf,2,60,Food and wine pairing in stages The depth of red wine,disneyland-hotel/la-foret-secrete-par-jean-imbert
2026-09-05,La Forêt Secrète par Jean Imbert,Disneyland Hotel,La_foret_secrete_Menu_Degustation.pdf,2,110,The depth of red wine The harmony of red and white wine,disneyland-hotel/la-foret-secrete-par-jean-imbert
2026-09-05,La Forêt Secrète par Jean Imbert,Disneyland Hotel,La_foret_secrete_Menu_Degustation.pdf,2,120,The harmony of red and white A celebration in bubbles,disneyland-hotel/la-foret-secrete-par-jean-imbert
2026-09-05,La Forêt Secrète par Jean Imbert,Disneyland Hotel,La_foret_secrete_Menu_Degustation.pdf,3,200,MENU VÉGÉTARIEN,disneyland-hotel/la-foret-secrete-par-jean-imbert
2026-09-05,La Forêt Secrète par Jean Imbert,Disneyland Hotel,La_foret_secrete_Menu_Degustation.pdf,3,60,Accord mets et vins en temps La profondeur des vins rouges,disneyland-hotel/la-foret-secrete-par-jean-imbert
2026-09-05,La Forêt Secrète par Jean Imbert,Disneyland Hotel,La_foret_secrete_Menu_Degustation.pdf,3,110,La profondeur des vins rouges L’harmonie des rouges et des blancs,disneyland-hotel/la-foret-secrete-par-jean-imbert
2026-09-05,La Forêt Secrète par Jean Imbert,Disneyland Hotel,La_foret_secrete_Menu_Degustation.pdf,3,120,L’harmonie des rouges et des La célébration en bulles,disneyland-hotel/la-foret-secrete-par-jean-imbert
2026-09-05,La Forêt Secrète par Jean Imbert,Disneyland Hotel,La_foret_secrete_Menu_Degustation.pdf,4,200,VEGETARIAN,disneyland-hotel/la-foret-secrete-par-jean-imbert
2026-09-05,La Forêt Secrète par Jean Imbert,Disneyland Hotel,La_foret_secrete_Menu_Degustation.pdf,4,60,Food and wine pairing in stages The depth of red wine,disneyland-hotel/la-foret-secrete-par-jean-imbert
2026-09-05,La Forêt Secrète par Jean Imbert,Disneyland Hotel,La_foret_secrete_Menu_Degustation.pdf,4,110,The depth of red wine The harmony of red and white wine,disneyland-hotel/la-foret-secrete-par-jean-imbert
2026-09-05,La Forêt Secrète par Jean Imbert,Disneyland Hotel,La_foret_secrete_Menu_Degustation.pdf,4,120,The harmony of red and white A celebration in bubbles,disneyland-hotel/la-foret-secrete-par-jean-imbert
2026-09-05,La Forêt Secrète par Jean Imbert,Disneyland Hotel,La_foret_secrete_Menu_Enfant.pdf,1,70,MENU POUR ENFANTS,disneyland-hotel/la-foret-secrete-par-jean-imbert
2026-09-05,La Forêt Secrète par Jean Imbert,Disneyland Hotel,La_foret_secrete_Menu_Enfant.pdf,2,70,CHILDREN’S FOR CHILDREN,disneyland-hotel/la-foret-secrete-par-jean-imbert
2026-09-05,Café Luminosity,Disney Adventure World,P2DR03_cafe-luminosity.pdf,1,50,Prix nets produit décongelé Nous n’acceptons pas les coupures au-delà de,disney-adventure-world/cafe-luminosity
2026-09-05,Café Luminosity,Disney Adventure World,P2DR03_cafe-luminosity.pdf,1,50,Prix nets produit décongelé Nous n’acceptons pas les coupures au-delà Tax included defrosted product We do not accept no,disney-adventure-world/cafe-luminosity
2026-09-05,Café Luminosity,Disney Adventure World,P2DR03_cafe-luminosity.pdf,1,4,"beetroot ketchup, rocket salad, curry-onion bread aromatisées au sel de mer Pipers sea salt potato crisps",disney-adventure-world/cafe-luminosity
2026-09-05,Café Luminosity,Disney Adventure World,P2DR03_cafe-luminosity.pdf,1,7,PAUSE GOÛTER,disney-adventure-world/cafe-luminosity
2026-09-05,Café Luminosity,Disney Adventure World,P2DR03_cafe-luminosity.pdf,1,4,PAUSE GOÛTER,disney-adventure-world/cafe-luminosity
2026-09-05,Café Luminosity,Disney Adventure World,P2DR03_cafe-luminosity.pdf,1,4,Magnum Amande Magnum Almond,disney-adventure-world/cafe-luminosity
2026-09-05,Café Luminosity,Disney Adventure World,P2DR03_cafe-luminosity.pdf,1,4,BBrriioocchhee rroouullééee àà llaa ccaannnneellllee,disney-adventure-world/cafe-luminosity
2026-09-05,Café Luminosity,Disney Adventure World,P2DR03_cafe-luminosity.pdf,1,55,,disney-adventure-world/cafe-luminosity
2026-09-05,Café Luminosity,Disney Adventure World,P2DR03_cafe-luminosity.pdf,1,15,Gobelet Tumbler PPrreessssiioonn,disney-adventure-world/cafe-luminosity
2026-09-05,Café Luminosity,Disney Adventure World,P2DR03_cafe-luminosity.pdf,1,17,PPrreessssiioonn avec boisson fraîche with a cold drink,disney-adventure-world/cafe-luminosity
2026-09-05,Café Luminosity,Disney Adventure World,P2DR03_cafe-luminosity.pdf,1,15,cl cl Premium Mug,disney-adventure-world/cafe-luminosity
2026-09-05,Café Luminosity,Disney Adventure World,P2DR03_cafe-luminosity.pdf,1,17,Premium Mug bbbblllloooonnnnddddeeee avec boisson chaude with a hot drink,disney-adventure-world/cafe-luminosity
2026-09-05,Café Luminosity,Disney Adventure World,P2DR03_cafe-luminosity.pdf,1,4,with a hot drink Café au lait Coffee with milk,disney-adventure-world/cafe-luminosity
2026-09-05,Café Luminosity,Disney Adventure World,P2DR03_cafe-luminosity.pdf,1,4,Café au lait Coffee with milk Cappuccino,disney-adventure-world/cafe-luminosity
2026-09-05,Chez Berlioz,Disney Adventure World,P2DR05_chez-berlioz.pdf,1,10,creamy chipotle sauce La Galette du Jardin,disney-adventure-world/chez-berlioz
2026-09-05,Chez Berlioz,Disney Adventure World,P2DR05_chez-berlioz.pdf,1,4,aromatisées au sel de mer Pipers sea salt potato crisps,disney-adventure-world/chez-berlioz
2026-09-05,Chez Berlioz,Disney Adventure World,P2DR05_chez-berlioz.pdf,1,4,MMaaggnnuumm,disney-adventure-world/chez-berlioz
2026-09-05,Chez Berlioz,Disney Adventure World,P2DR05_chez-berlioz.pdf,1,4,MMaaggnnuumm Magnum,disney-adventure-world/chez-berlioz
2026-09-05,Chez Berlioz,Disney Adventure World,P2DR05_chez-berlioz.pdf,1,4,MMaaggnnuumm Magnum MMaaggnnuumm,disney-adventure-world/chez-berlioz
2026-09-05,Chez Berlioz,Disney Adventure World,P2DR05_chez-berlioz.pdf,1,4,Café Arabica Coffee Café au lait Coffee with milk,disney-adventure-world/chez-berlioz
2026-09-05,Chez Berlioz,Disney Adventure World,P2DR05_chez-berlioz.pdf,1,4,Café au lait Coffee with milk Cappuccino,disney-adventure-world/chez-berlioz
2026-09-05,Chez Berlioz,Disney Adventure World,P2DR05_chez-berlioz.pdf,1,50,"Thé, infusion Tea, Prix nets Nous n’acceptons pas les coupures au-delà de",disney-adventure-world/chez-berlioz
2026-09-05,Chez Berlioz,Disney Adventure World,P2DR05_chez-berlioz.pdf,1,50,Prix nets Nous n’acceptons pas les coupures au-delà Tax included We do not accept notes over,disney-adventure-world/chez-berlioz
2026-09-05,Chez Toulouse,Disney Adventure World,P2DR04_chez-toulouse.pdf,1,50,"Thé, infusion Tea, Prix nets Nous n’acceptons pas les coupures au-delà de",disney-adventure-world/chez-toulouse
2026-09-05,Chez Toulouse,Disney Adventure World,P2DR04_chez-toulouse.pdf,1,50,Prix nets Nous n’acceptons pas les coupures au-delà Tax included We do not accept notes over,disney-adventure-world/chez-toulouse
2026-09-05,Chez Toulouse,Disney Adventure World,P2DR04_chez-toulouse.pdf,1,4,sel de mer Pipers sea salt potato crisps,disney-adventure-world/chez-toulouse
2026-09-05,Chez Toulouse,Disney Adventure World,P2DR04_chez-toulouse.pdf,1,4,MMaaggnnuumm Magnum Amande,disney-adventure-world/chez-toulouse
2026-09-05,Chez Toulouse,Disney Adventure World,P2DR04_chez-toulouse.pdf,1,4,MMaaggnnuumm AAmmaannddee,disney-adventure-world/chez-toulouse
2026-09-05,Chez Toulouse,Disney Adventure World,P2DR04_chez-toulouse.pdf,1,4,Café Arabica Coffee Café au lait Coffee with milk,disney-adventure-world/chez-toulouse
2026-09-05,Chez Toulouse,Disney Adventure World,P2DR04_chez-toulouse.pdf,1,4,Café au lait Coffee with milk Cappuccino,disney-adventure-world/chez-toulouse
2026-09-05,La Terrasse Panoramique,Disney Adventure World,P2DR02_la-terrasse-panoramique.pdf,1,14,Le Le Nørdik Nørdik,disney-adventure-world/la-terrasse-panoramique
2026-09-05,La Terrasse Panoramique,Disney Adventure World,P2DR02_la-terrasse-panoramique.pdf,1,6,Boissons gourmandes,disney-adventure-world/la-terrasse-panoramique
2026-09-05,La Terrasse Panoramique,Disney Adventure World,P2DR02_la-terrasse-panoramique.pdf,1,14,Le Le Nørdik Nørdik,disney-adventure-world/la-terrasse-panoramique
2026-09-05,La Terrasse Panoramique,Disney Adventure World,P2DR02_la-terrasse-panoramique.pdf,1,4,"red beans, aromatisées au sel de mer Pipers sea salt potato crisps",disney-adventure-world/la-terrasse-panoramique
2026-09-05,La Terrasse Panoramique,Disney Adventure World,P2DR02_la-terrasse-panoramique.pdf,1,9,PAUSE GOÛTER,disney-adventure-world/la-terrasse-panoramique
2026-09-05,La Terrasse Panoramique,Disney Adventure World,P2DR02_la-terrasse-panoramique.pdf,1,4,PAUSE GOÛTER SWEET BREAK,disney-adventure-world/la-terrasse-panoramique
2026-09-05,La Terrasse Panoramique,Disney Adventure World,P2DR02_la-terrasse-panoramique.pdf,1,4,Magnum Amande Magnum Almond,disney-adventure-world/la-terrasse-panoramique
2026-09-05,La Terrasse Panoramique,Disney Adventure World,P2DR02_la-terrasse-panoramique.pdf,1,4,Viennoiserie cacao et noisette Cocoa and hazelnut pastry,disney-adventure-world/la-terrasse-panoramique
2026-09-05,La Terrasse Panoramique,Disney Adventure World,P2DR02_la-terrasse-panoramique.pdf,1,5,drinks Premium,disney-adventure-world/la-terrasse-panoramique
2026-09-05,La Terrasse Panoramique,Disney Adventure World,P2DR02_la-terrasse-panoramique.pdf,1,4,Café Arabica Coffee Café au lait Coffee with milk,disney-adventure-world/la-terrasse-panoramique
2026-09-05,La Terrasse Panoramique,Disney Adventure World,P2DR02_la-terrasse-panoramique.pdf,1,15,"coffee latte, popcorn-flavour syrup, Gobelet Tumbler",disney-adventure-world/la-terrasse-panoramique
2026-09-05,La Terrasse Panoramique,Disney Adventure World,P2DR02_la-terrasse-panoramique.pdf,1,4,Café au lait Coffee with milk Cappuccino,disney-adventure-world/la-terrasse-panoramique
2026-09-05,La Terrasse Panoramique,Disney Adventure World,P2DR02_la-terrasse-panoramique.pdf,1,17,"cream, caramel sauce avec boisson fraîche with a cold drink",disney-adventure-world/la-terrasse-panoramique
2026-09-05,La Terrasse Panoramique,Disney Adventure World,P2DR02_la-terrasse-panoramique.pdf,1,15,popcorn Mug,disney-adventure-world/la-terrasse-panoramique
2026-09-05,La Terrasse Panoramique,Disney Adventure World,P2DR02_la-terrasse-panoramique.pdf,1,17,Mug avec boisson chaude with a hot drink,disney-adventure-world/la-terrasse-panoramique
2026-09-05,La Terrasse Panoramique,Disney Adventure World,P2DR02_la-terrasse-panoramique.pdf,1,50,Prix nets produit décongelé Nous n’acceptons pas les coupures au-delà de,disney-adventure-world/la-terrasse-panoramique
2026-09-05,La Terrasse Panoramique,Disney Adventure World,P2DR02_la-terrasse-panoramique.pdf,1,50,Prix nets produit décongelé Nous n’acceptons pas les coupures au-delà Tax included defrosted product We do not accept no,disney-adventure-world/la-terrasse-panoramique
2026-09-05,PYM Kitchen,Disney Adventure World,P2AR02_pym.pdf,1,45,ADULTE ADULT,disney-adventure-world/pym-kitchen
2026-09-05,PYM Kitchen,Disney Adventure World,P2AR02_pym.pdf,1,25,cl) ENFANT KIDS’,disney-adventure-world/pym-kitchen
2026-09-05,PYM Kitchen,Disney Adventure World,P2AR02_pym.pdf,1,9,Dry Blue Chardonnay Bleu pétillant Santa Margarita Chardonnay,disney-adventure-world/pym-kitchen
2026-09-05,PYM Kitchen,Disney Adventure World,P2AR02_pym.pdf,1,5,FuzeTea Pêche Intense I Peach Black Tea d’orange ou de pomme I Orange or apple juice,disney-adventure-world/pym-kitchen
2026-09-05,PYM Kitchen,Disney Adventure World,P2AR02_pym.pdf,1,25,DON’T FORGET TO ORDER YOUR BIRTHDAY DESSERT Dessert à partir de personnes,disney-adventure-world/pym-kitchen
2026-09-05,PYM Kitchen,Disney Adventure World,P2AR02_pym.pdf,1,45,DON’T FORGET TO ORDER YOUR BIRTHDAY DESSERT BEFORE YOUR MEAL! Dessert à partir de personnes personnes,disney-adventure-world/pym-kitchen
2026-09-05,Searchlight,Disney Adventure World,P2FR02_searchlight.pdf,1,8,SWEET,disney-adventure-world/searchlight
2026-09-05,Searchlight,Disney Adventure World,P2FR02_searchlight.pdf,1,4,Arabica Coffee Coffee with milk,disney-adventure-world/searchlight
2026-09-05,Searchlight,Disney Adventure World,P2FR02_searchlight.pdf,1,4,Arabica Coffee Coffee with milk,disney-adventure-world/searchlight
2026-09-05,The Hollywood Gardens Restaurant,Disney Adventure World,P2FR00_the-hollywood-gardens-restaurant.pdf,1,20,ET/AND OU/OR BURGER SUPERSTAR,disney-adventure-world/the-hollywood-gardens-restaurant
2026-09-05,The Hollywood Gardens Restaurant,Disney Adventure World,P2FR00_the-hollywood-gardens-restaurant.pdf,1,19,ET/AND BURGER LA PREMIÈRE,disney-adventure-world/the-hollywood-gardens-restaurant
2026-09-05,The Hollywood Gardens Restaurant,Disney Adventure World,P2FR00_the-hollywood-gardens-restaurant.pdf,1,15,ET/AND SUNSET,disney-adventure-world/the-hollywood-gardens-restaurant
2026-09-05,The Hollywood Gardens Restaurant,Disney Adventure World,P2FR00_the-hollywood-gardens-restaurant.pdf,1,19,"lemon dressing, caramelised red onions and tartar-curry sauce",disney-adventure-world/the-hollywood-gardens-restaurant
2026-09-05,The Hollywood Gardens Restaurant,Disney Adventure World,P2FR00_the-hollywood-gardens-restaurant.pdf,1,15,BOULEVARD BURGER CÉSAR D’HONNEUR,disney-adventure-world/the-hollywood-gardens-restaurant
2026-09-05,The Hollywood Gardens Restaurant,Disney Adventure World,P2FR00_the-hollywood-gardens-restaurant.pdf,1,17,piquillo sauce DITES CHEEEESE BURGER,disney-adventure-world/the-hollywood-gardens-restaurant
2026-09-05,The Hollywood Gardens Restaurant,Disney Adventure World,P2FR00_the-hollywood-gardens-restaurant.pdf,1,19,Menu disponible sans dessert Available without dessert,disney-adventure-world/the-hollywood-gardens-restaurant
2026-09-05,The Hollywood Gardens Restaurant,Disney Adventure World,P2FR00_the-hollywood-gardens-restaurant.pdf,1,18,dessert MENU NUGGETS,disney-adventure-world/the-hollywood-gardens-restaurant
2026-09-05,The Hollywood Gardens Restaurant,Disney Adventure World,P2FR00_the-hollywood-gardens-restaurant.pdf,1,22,MENU,disney-adventure-world/the-hollywood-gardens-restaurant
2026-09-05,The Hollywood Gardens Restaurant,Disney Adventure World,P2FR00_the-hollywood-gardens-restaurant.pdf,2,10,and vegetables and is low in saturated fats. MENU P’TITES VEDETTES,disney-adventure-world/the-hollywood-gardens-restaurant
2026-09-05,The Hollywood Gardens Restaurant,Disney Adventure World,P2FR00_the-hollywood-gardens-restaurant.pdf,2,10,MENU DISNEY CHECK,disney-adventure-world/the-hollywood-gardens-restaurant
2026-09-05,The Hollywood Gardens Restaurant,Disney Adventure World,P2FR00_the-hollywood-gardens-restaurant.pdf,2,7,pieces PAUSE GOÛTER SWEET BREAK,disney-adventure-world/the-hollywood-gardens-restaurant
2026-09-05,WEB Food Truck,Disney Adventure World,P2BR02_web-truck.pdf,1,11,SUPERPOWERS!,disney-adventure-world/web-food-truck
2026-09-05,WEB Food Truck,Disney Adventure World,P2BR02_web-truck.pdf,1,4,,disney-adventure-world/web-food-truck
2026-09-05,WEB Food Truck,Disney Adventure World,P2BR02_web-truck.pdf,1,8,,disney-adventure-world/web-food-truck
2026-09-05,WEB Food Truck,Disney Adventure World,P2BR02_web-truck.pdf,1,4,DRINKS CAPPUCCINO,disney-adventure-world/web-food-truck
2026-09-05,WEB Food Truck,Disney Adventure World,P2BR02_web-truck.pdf,1,4,ARABICA COFFEE AU LAIT COFFEE WITH MILK,disney-adventure-world/web-food-truck
2026-09-05,WEB Food Truck,Disney Adventure World,P2BR02_web-truck.pdf,1,50,"MILK THÉ, INFUSION NETS NOUS N’ACCEPTONS PAS LES COUPURES AUDELÀ DE",disney-adventure-world/web-food-truck
2026-09-05,WEB Food Truck,Disney Adventure World,P2BR02_web-truck.pdf,1,50,PRIX NETS NOUS N’ACCEPTONS PAS LES COUPURES AUDELÀ TAX INCLUDED WE DO NOT ACCEPT NOTES OVER,disney-adventure-world/web-food-truck
2026-09-05,WEB Food Truck,Disney Adventure World,P2BR02_web-truck.pdf,1,7,PAUSE GOÛTER,disney-adventure-world/web-food-truck
2026-09-05,WEB Food Truck,Disney Adventure World,P2BR02_web-truck.pdf,1,5,FRAISE,disney-adventure-world/web-food-truck
2026-09-05,WEB Food Truck,Disney Adventure World,P2BR02_web-truck.pdf,1,6,cl cl,disney-adventure-world/web-food-truck
2026-09-05,WEB Food Truck,Disney Adventure World,P2BR02_web-truck.pdf,1,5,,disney-adventure-world/web-food-truck
2026-09-05,Billy Bob’s Buffet,Disney Village,D01R19_billy-bobs-buffet.pdf,1,40,,disney-village/billy-bobs-buffet
2026-09-05,Billy Bob’s Buffet,Disney Village,D01R19_billy-bobs-buffet.pdf,1,22,ou Lait cl Milk cl,disney-village/billy-bobs-buffet
2026-09-05,Billy Bob's Country Western Saloon,Disney Village,D01R01_billy-bobs-country-western-saloon.pdf,3,10,"Extra Dry, tranche d'orange et Perrier® Espresso Martini",disney-village/billy-bobs-country-western-saloon
2026-09-05,Billy Bob's Country Western Saloon,Disney Village,D01R01_billy-bobs-country-western-saloon.pdf,3,10,orange slice and Perrier® Long Island Ice Tea,disney-village/billy-bobs-country-western-saloon
2026-09-05,Billy Bob's Country Western Saloon,Disney Village,D01R01_billy-bobs-country-western-saloon.pdf,3,6,Guinness Stout Brooklyn IPA,disney-village/billy-bobs-country-western-saloon
2026-09-05,Billy Bob's Country Western Saloon,Disney Village,D01R01_billy-bobs-country-western-saloon.pdf,3,9,Guinness Stout Brooklyn IPA,disney-village/billy-bobs-country-western-saloon
2026-09-05,Billy Bob's Country Western Saloon,Disney Village,D01R01_billy-bobs-country-western-saloon.pdf,3,10,Brooklyn IPA Premium cl Chips Lay’s®,disney-village/billy-bobs-country-western-saloon
2026-09-05,Billy Bob's Country Western Saloon,Disney Village,D01R01_billy-bobs-country-western-saloon.pdf,3,7,BOUTEILLE BOTTLE Grimbergen d’Abbaye blanche,disney-village/billy-bobs-country-western-saloon
2026-09-05,Billy Bob's Country Western Saloon,Disney Village,D01R01_billy-bobs-country-western-saloon.pdf,3,7,Grimbergen d’Abbaye blanche Grimbergen d’Abbaye rouge,disney-village/billy-bobs-country-western-saloon
2026-09-05,Billy Bob's Country Western Saloon,Disney Village,D01R01_billy-bobs-country-western-saloon.pdf,3,77,Disneyland® Paris Pierre Champagnes Mignon Grande Réserve brut,disney-village/billy-bobs-country-western-saloon
2026-09-05,Billy Bob's Country Western Saloon,Disney Village,D01R01_billy-bobs-country-western-saloon.pdf,3,7,Heineken Gallia Nouveau Western West coast IPA,disney-village/billy-bobs-country-western-saloon
2026-09-05,Billy Bob's Country Western Saloon,Disney Village,D01R01_billy-bobs-country-western-saloon.pdf,3,6,Gallia Nouveau Western West coast IPA Brooklyn Special Effects (Sans alcool Non-Alcoholic),disney-village/billy-bobs-country-western-saloon
2026-09-05,Billy Bob's Country Western Saloon,Disney Village,D01R01_billy-bobs-country-western-saloon.pdf,3,77,Sparkling Impérial- brut,disney-village/billy-bobs-country-western-saloon
2026-09-05,Billy Bob's Country Western Saloon,Disney Village,D01R01_billy-bobs-country-western-saloon.pdf,3,7,CIDRE CIDER La Mordue Original Cidre aromatisé Flavoured cider,disney-village/billy-bobs-country-western-saloon
2026-09-05,Billy Bob's Country Western Saloon,Disney Village,D01R01_billy-bobs-country-western-saloon.pdf,3,30,Italie DOC Prosecco Extra Dry,disney-village/billy-bobs-country-western-saloon
2026-09-05,Billy Bob's Country Western Saloon,Disney Village,D01R01_billy-bobs-country-western-saloon.pdf,4,9,RHUMS CACHAÇA Honey (liqueur) RUMS CACHACA cl Jack Daniel’s Old No.,disney-village/billy-bobs-country-western-saloon
2026-09-05,Billy Bob's Country Western Saloon,Disney Village,D01R01_billy-bobs-country-western-saloon.pdf,5,4,Espresso Arabica Double espresso Arabica,disney-village/billy-bobs-country-western-saloon
2026-09-05,Billy Bob's Country Western Saloon,Disney Village,D01R01_billy-bobs-country-western-saloon.pdf,5,6,BIÈRE SANS ALCOOL NON-ALCOHOLIC BEER Brooklyn Special Effects,disney-village/billy-bobs-country-western-saloon
2026-09-05,Billy Bob's Country Western Saloon,Disney Village,D01R01_billy-bobs-country-western-saloon.pdf,5,5,cl Coca-Cola ORIGINAL,disney-village/billy-bobs-country-western-saloon
2026-09-05,Billy Bob's Country Western Saloon,Disney Village,D01R01_billy-bobs-country-western-saloon.pdf,5,5,Coca-Cola ORIGINAL C o c a C o la ZÉ R O S U C R E S,disney-village/billy-bobs-country-western-saloon
2026-09-05,Billy Bob's Country Western Saloon,Disney Village,D01R01_billy-bobs-country-western-saloon.pdf,5,5,C o c a C o la ZÉ R O S U C R E S Fa n t a O ra n g e S A N S S U C R E S,disney-village/billy-bobs-country-western-saloon
2026-09-05,Billy Bob's Country Western Saloon,Disney Village,D01R01_billy-bobs-country-western-saloon.pdf,5,5,Fa n t a O ra n g e S A N S S U C R E S Sprite SANS SUCRES,disney-village/billy-bobs-country-western-saloon
2026-09-05,Billy Bob's Country Western Saloon,Disney Village,D01R01_billy-bobs-country-western-saloon.pdf,5,5,Sprite SANS SUCRES TROPICO Original,disney-village/billy-bobs-country-western-saloon
2026-09-05,Billy Bob's Country Western Saloon,Disney Village,D01R01_billy-bobs-country-western-saloon.pdf,5,5,TROPICO Original FuzeTea Pêche Intense,disney-village/billy-bobs-country-western-saloon
2026-09-05,Billy Bob's Country Western Saloon,Disney Village,D01R01_billy-bobs-country-western-saloon.pdf,5,4,Tonic cl................................................................................................................,disney-village/billy-bobs-country-western-saloon
2026-09-05,Billy Bob's Country Western Saloon,Disney Village,D01R01_billy-bobs-country-western-saloon.pdf,5,6,Disponible selon la saison Parfum pomme ou fraise,disney-village/billy-bobs-country-western-saloon
2026-09-05,Billy Bob's Country Western Saloon,Disney Village,D01R01_billy-bobs-country-western-saloon.pdf,5,4,Vittel® S.Pellegrino,disney-village/billy-bobs-country-western-saloon
2026-09-05,Billy Bob's Country Western Saloon,Disney Village,D01R01_billy-bobs-country-western-saloon.pdf,6,6,SUR LE POUCE QUICK BITES Doritos® avec sauce salsa ou sauce au cheddar fondu,disney-village/billy-bobs-country-western-saloon
2026-09-05,Billy Bob's Country Western Saloon,Disney Village,D01R01_billy-bobs-country-western-saloon.pdf,6,6,Garnitures Doritos® et sauce salsa ou sauce au cheddar fondu ou Chips Lay’s® ou salade fraîcheur,disney-village/billy-bobs-country-western-saloon
2026-09-05,Billy Bob's Country Western Saloon,Disney Village,D01R01_billy-bobs-country-western-saloon.pdf,6,11,"Burritos au chili con carne, oignons, poivrons, crème aigre et cheddar épicé",disney-village/billy-bobs-country-western-saloon
2026-09-05,Billy Bob's Country Western Saloon,Disney Village,D01R01_billy-bobs-country-western-saloon.pdf,6,14,and spicy cheddar Travers de porc,disney-village/billy-bobs-country-western-saloon
2026-09-05,Billy Bob's Country Western Saloon,Disney Village,D01R01_billy-bobs-country-western-saloon.pdf,6,4,Desserts Salade de fruits Fruit salad,disney-village/billy-bobs-country-western-saloon
2026-09-05,Billy Bob's Country Western Saloon,Disney Village,D01R01_billy-bobs-country-western-saloon.pdf,6,5,Salade de fruits Fruit salad Mousse aux deux chocolats et madeleine,disney-village/billy-bobs-country-western-saloon
2026-09-05,Billy Bob's Country Western Saloon,Disney Village,D01R01_billy-bobs-country-western-saloon.pdf,6,11,Pork ribs Manchons de poulet et sauce barbecue,disney-village/billy-bobs-country-western-saloon
2026-09-05,Billy Bob's Country Western Saloon,Disney Village,D01R01_billy-bobs-country-western-saloon.pdf,6,5,Two-chocolate mousse and madeleine Brownie sauce chocolat et crème fouettée2,disney-village/billy-bobs-country-western-saloon
2026-09-05,Billy Bob's Country Western Saloon,Disney Village,D01R01_billy-bobs-country-western-saloon.pdf,6,10,Chicken drumsticks and barbecue sauce Bouchées de poulet croustillantes,disney-village/billy-bobs-country-western-saloon
2026-09-05,Billy Bob's Country Western Saloon,Disney Village,D01R01_billy-bobs-country-western-saloon.pdf,6,7,Brownie with chocolate sauce and whipped cream2 Crème glacée Chocolat,disney-village/billy-bobs-country-western-saloon
2026-09-05,Billy Bob's Country Western Saloon,Disney Village,D01R01_billy-bobs-country-western-saloon.pdf,6,7,Chocolate ice cream Sorbet Mangue ou Fraise,disney-village/billy-bobs-country-western-saloon
2026-09-05,Billy Bob's Country Western Saloon,Disney Village,D01R01_billy-bobs-country-western-saloon.pdf,6,9,"with tomato sauce, Tex Mex chicken fillet, onions and peppers, pièces pieces",disney-village/billy-bobs-country-western-saloon
2026-09-05,Billy Bob's Country Western Saloon,Disney Village,D01R01_billy-bobs-country-western-saloon.pdf,6,12,"spicy cheddar sauce, guacamole, pièces pieces",disney-village/billy-bobs-country-western-saloon
2026-09-05,La Grange [at Billy Bob's Country Western Saloon],Disney Village,D01R02_la-grange-at-billy-bobs-country-western-saloon.pdf,1,40,cl,disney-village/la-grange-at-billy-bobs-country-western-saloon
2026-09-05,La Grange [at Billy Bob's Country Western Saloon],Disney Village,D01R02_la-grange-at-billy-bobs-country-western-saloon.pdf,1,22,ou Lait,disney-village/la-grange-at-billy-bobs-country-western-saloon
2026-09-05,Rainforest Cafe,Disney Village,D01R11_rainforest-cafe.pdf,1,1,Baguette grillée au beurre Supplément fromage,disney-village/rainforest-cafe
2026-09-05,Rainforest Cafe,Disney Village,D01R11_rainforest-cafe.pdf,1,10,Supplément fromage SPINACH ARTICHOKE DIP,disney-village/rainforest-cafe
2026-09-05,Rainforest Cafe,Disney Village,D01R11_rainforest-cafe.pdf,1,11,servi avec des chips de tortillas BIG ‘O’ ONION RINGS,disney-village/rainforest-cafe
2026-09-05,Rainforest Cafe,Disney Village,D01R11_rainforest-cafe.pdf,1,34,AWESOME APPETIZER ADVENTURE,disney-village/rainforest-cafe
2026-09-05,Rainforest Cafe,Disney Village,D01R11_rainforest-cafe.pdf,1,12,AWESOME APPETIZER ADVENTURE OOZY CAMEMBERT,disney-village/rainforest-cafe
2026-09-05,Rainforest Cafe,Disney Village,D01R11_rainforest-cafe.pdf,1,25,"OOZY CAMEMBERT Camembert croustillant, PULLED PORK BURGER",disney-village/rainforest-cafe
2026-09-05,Rainforest Cafe,Disney Village,D01R11_rainforest-cafe.pdf,1,14,"gratin d’épinards et artichauts, CHICKEN STRIPS",disney-village/rainforest-cafe
2026-09-05,Rainforest Cafe,Disney Village,D01R11_rainforest-cafe.pdf,1,25,"Poulet croustillant, sauce coco curry RAINFOREST BURGER",disney-village/rainforest-cafe
2026-09-05,Rainforest Cafe,Disney Village,D01R11_rainforest-cafe.pdf,1,16,coco curry et ranch sauce coco curry CHICKEN QUESADILLAS,disney-village/rainforest-cafe
2026-09-05,Rainforest Cafe,Disney Village,D01R11_rainforest-cafe.pdf,1,21,coco curry et ranch BEEF LAVA NACHOS,disney-village/rainforest-cafe
2026-09-05,Rainforest Cafe,Disney Village,D01R11_rainforest-cafe.pdf,1,21,"nouveaux, jalapeños, crème BLT FLATBREAD PIZZA",disney-village/rainforest-cafe
2026-09-05,Rainforest Cafe,Disney Village,D01R11_rainforest-cafe.pdf,1,25,BLUE MOUNTAIN CHICKEN SANDWICH PIZZA,disney-village/rainforest-cafe
2026-09-05,Rainforest Cafe,Disney Village,D01R11_rainforest-cafe.pdf,1,26,SSAALLAADDEESS TACO SALAD,disney-village/rainforest-cafe
2026-09-05,Rainforest Cafe,Disney Village,D01R11_rainforest-cafe.pdf,1,29,"BBŒŒUUFF,, MOJO BONES",disney-village/rainforest-cafe
2026-09-05,Rainforest Cafe,Disney Village,D01R11_rainforest-cafe.pdf,1,27,MOJO BONES BOMBAY CHICKEN salad Travers de porc caramélisés à la SHRIMP,disney-village/rainforest-cafe
2026-09-05,Rainforest Cafe,Disney Village,D01R11_rainforest-cafe.pdf,1,32,PRIMAL STEAK haricots,disney-village/rainforest-cafe
2026-09-05,Rainforest Cafe,Disney Village,D01R11_rainforest-cafe.pdf,1,30,"à la crème et Cheddar, poêlée de KOREAN FRIED CHICKEN légumes et beurre aux épices cajun LETTUCE WRAPS",disney-village/rainforest-cafe
2026-09-05,Rainforest Cafe,Disney Village,D01R11_rainforest-cafe.pdf,1,22,de tortilla XXL POWER BOWL VEGGIE,disney-village/rainforest-cafe
2026-09-05,Rainforest Cafe,Disney Village,D01R11_rainforest-cafe.pdf,1,29,légumes et beurre aux AMAZON FAJITAS,disney-village/rainforest-cafe
2026-09-05,Rainforest Cafe,Disney Village,D01R11_rainforest-cafe.pdf,1,3,et tortillas de blé J U N G L E S T E A K S H R I M P,disney-village/rainforest-cafe
2026-09-05,Rainforest Cafe,Disney Village,D01R11_rainforest-cafe.pdf,1,6,et tortillas de blé J U N G L E S T E A K S H R I M P,disney-village/rainforest-cafe
2026-09-05,Rainforest Cafe,Disney Village,D01R11_rainforest-cafe.pdf,1,24,BIG ISLANDER CAESAR SALAD,disney-village/rainforest-cafe
2026-09-05,Rainforest Cafe,Disney Village,D01R11_rainforest-cafe.pdf,1,27,PPÂÂTTEESS LEMON BURRATA PASTA,disney-village/rainforest-cafe
2026-09-05,Rainforest Cafe,Disney Village,D01R11_rainforest-cafe.pdf,1,25,"vin blanc, basilic RASTA PASTA",disney-village/rainforest-cafe
2026-09-05,Rainforest Cafe,Disney Village,D01R11_rainforest-cafe.pdf,1,22,"Parmesan AOP, crème ANACONDA PASTA",disney-village/rainforest-cafe
2026-09-05,Rainforest Cafe,Disney Village,D01R11_rainforest-cafe.pdf,1,26,copeaux de Parmesan AOP et basilic CREOLE MAC CHEESE,disney-village/rainforest-cafe
2026-09-05,Rainforest Cafe,Disney Village,D01R11_rainforest-cafe.pdf,1,5,AU FOUR SALADE COLESLAW ACCOMPAGNEMENT SUPPLÉMENTAIRE POUR,disney-village/rainforest-cafe
2026-09-05,Rainforest Cafe,Disney Village,D01R11_rainforest-cafe.pdf,1,26,SPARKLING VOLCANO,disney-village/rainforest-cafe
2026-09-05,Rainforest Cafe,Disney Village,D01R11_rainforest-cafe.pdf,1,12,DDEESSSSEERRTTSS VOLCANO COOKIE DOUGH® SUNDAE,disney-village/rainforest-cafe
2026-09-05,Rainforest Cafe,Disney Village,D01R11_rainforest-cafe.pdf,1,13,"des éclats de caramel, vermicelles CHOCOLATE FUDGE BROWNIE® SUNDAE",disney-village/rainforest-cafe
2026-09-05,Rainforest Cafe,Disney Village,D01R11_rainforest-cafe.pdf,1,9,Parfait pour deux ou plus ETON MESS AUX FRUITS EXOTIQUES,disney-village/rainforest-cafe
2026-09-05,Rainforest Cafe,Disney Village,D01R11_rainforest-cafe.pdf,1,12,"FRUITS EXOTIQUES de fruits de la passion**, FRENCH TOAST AUX FRUITS",disney-village/rainforest-cafe
2026-09-05,Rainforest Cafe,Disney Village,D01R11_rainforest-cafe.pdf,1,12,crème mascarpone et yaourt BAMBA'S PANCAKES,disney-village/rainforest-cafe
2026-09-05,Rainforest Cafe,Disney Village,D01R11_rainforest-cafe.pdf,1,11,"PANCAKES glace vanille, bananes caramélisées, RAINFOREST COFFEE",disney-village/rainforest-cafe
2026-09-05,Rainforest Cafe,Disney Village,D01R11_rainforest-cafe.pdf,2,32,CCOOCCKKTTAAIILLSS PICHET DE MARGARITA,disney-village/rainforest-cafe
2026-09-05,Rainforest Cafe,Disney Village,D01R11_rainforest-cafe.pdf,2,65,les bulles JACQUART BRUT MOSAÏQUE AOP,disney-village/rainforest-cafe
2026-09-05,Rainforest Cafe,Disney Village,D01R11_rainforest-cafe.pdf,2,21,"Tequila Cazadores Blanco, Triple Sec, jus CORONARITA",disney-village/rainforest-cafe
2026-09-05,Rainforest Cafe,Disney Village,D01R11_rainforest-cafe.pdf,2,9,JACQUART BRUT MOSAÏQUE AOP PROSECCO RICCADONNA EXTRA DRY,disney-village/rainforest-cafe
2026-09-05,Rainforest Cafe,Disney Village,D01R11_rainforest-cafe.pdf,2,42,JACQUART BRUT MOSAÏQUE AOP PROSECCO RICCADONNA EXTRA DRY,disney-village/rainforest-cafe
2026-09-05,Rainforest Cafe,Disney Village,D01R11_rainforest-cafe.pdf,2,13,Margarita frozen avec une bouteille MANGO MULE,disney-village/rainforest-cafe
2026-09-05,Rainforest Cafe,Disney Village,D01R11_rainforest-cafe.pdf,2,9,"AOP CÔTES-DU-RHÔNE ""SIGNATURE"" france",disney-village/rainforest-cafe
2026-09-05,Rainforest Cafe,Disney Village,D01R11_rainforest-cafe.pdf,2,34,"AOP CÔTES-DU-RHÔNE ""SIGNATURE"" france",disney-village/rainforest-cafe
2026-09-05,Rainforest Cafe,Disney Village,D01R11_rainforest-cafe.pdf,2,38,Famille Perrin (vin biologique) PETIT CHABLIS,disney-village/rainforest-cafe
2026-09-05,Rainforest Cafe,Disney Village,D01R11_rainforest-cafe.pdf,2,13,"jus de citron vert*, premium ginger beer PINK MONKEY",disney-village/rainforest-cafe
2026-09-05,Rainforest Cafe,Disney Village,D01R11_rainforest-cafe.pdf,2,8,SAUVIGNON BLANC nouvelle-zélande (marlborough),disney-village/rainforest-cafe
2026-09-05,Rainforest Cafe,Disney Village,D01R11_rainforest-cafe.pdf,2,32,SAUVIGNON BLANC nouvelle-zélande (marlborough),disney-village/rainforest-cafe
2026-09-05,Rainforest Cafe,Disney Village,D01R11_rainforest-cafe.pdf,2,13,"sirop d'hibiscus, jus de citron vert*, nectar VOLCANIC ISLAND",disney-village/rainforest-cafe
2026-09-05,Rainforest Cafe,Disney Village,D01R11_rainforest-cafe.pdf,2,9,Endless River CHARDONNAY usa (california),disney-village/rainforest-cafe
2026-09-05,Rainforest Cafe,Disney Village,D01R11_rainforest-cafe.pdf,2,34,Endless River CHARDONNAY usa (california),disney-village/rainforest-cafe
2026-09-05,Rainforest Cafe,Disney Village,D01R11_rainforest-cafe.pdf,2,13,"jus de citron vert*, purée de fruit de la passion**, TROPICAL STORM",disney-village/rainforest-cafe
2026-09-05,Rainforest Cafe,Disney Village,D01R11_rainforest-cafe.pdf,2,8,"AOP CÔTES DE PROVENCE ""SOIF DE PAMPA"" france",disney-village/rainforest-cafe
2026-09-05,Rainforest Cafe,Disney Village,D01R11_rainforest-cafe.pdf,2,32,"AOP CÔTES DE PROVENCE ""SOIF DE PAMPA"" france",disney-village/rainforest-cafe
2026-09-05,Rainforest Cafe,Disney Village,D01R11_rainforest-cafe.pdf,2,13,"purée de fruit de la passion**, jus de citron vert*, ENCHANTED FOREST",disney-village/rainforest-cafe
2026-09-05,Rainforest Cafe,Disney Village,D01R11_rainforest-cafe.pdf,2,10,"jasmin, AOP CÔTES DE PROVENCE ""PRESTIGE"" france",disney-village/rainforest-cafe
2026-09-05,Rainforest Cafe,Disney Village,D01R11_rainforest-cafe.pdf,2,40,"(vin biologique) AOP CÔTES DE PROVENCE ""PRESTIGE"" france",disney-village/rainforest-cafe
2026-09-05,Rainforest Cafe,Disney Village,D01R11_rainforest-cafe.pdf,2,13,"jus de citron vert*, jus d'Aloe Vera, MOJITO",disney-village/rainforest-cafe
2026-09-05,Rainforest Cafe,Disney Village,D01R11_rainforest-cafe.pdf,2,10,"rouges AOP BOURGOGNE ""GAMAY"" france",disney-village/rainforest-cafe
2026-09-05,Rainforest Cafe,Disney Village,D01R11_rainforest-cafe.pdf,2,40,"rouges AOP BOURGOGNE ""GAMAY"" france",disney-village/rainforest-cafe
2026-09-05,Rainforest Cafe,Disney Village,D01R11_rainforest-cafe.pdf,2,13,"menthe fraîche, sucre de canne, FRUITY MOJITO",disney-village/rainforest-cafe
2026-09-05,Rainforest Cafe,Disney Village,D01R11_rainforest-cafe.pdf,2,33,AOP LUSSAC ST-EMILION france,disney-village/rainforest-cafe
2026-09-05,Rainforest Cafe,Disney Village,D01R11_rainforest-cafe.pdf,2,13,ou purée de fruit de la passion** ou purée RAINBOW COLADA,disney-village/rainforest-cafe
2026-09-05,Rainforest Cafe,Disney Village,D01R11_rainforest-cafe.pdf,2,30,Haut de Ségur SHIRAZ australie,disney-village/rainforest-cafe
2026-09-05,Rainforest Cafe,Disney Village,D01R11_rainforest-cafe.pdf,2,8,CABERNET SAUVIGNON chili,disney-village/rainforest-cafe
2026-09-05,Rainforest Cafe,Disney Village,D01R11_rainforest-cafe.pdf,2,32,CABERNET SAUVIGNON chili,disney-village/rainforest-cafe
2026-09-05,Rainforest Cafe,Disney Village,D01R11_rainforest-cafe.pdf,2,13,"purée de noix de coco**, sirop APEROL SPRITZ",disney-village/rainforest-cafe
2026-09-05,Rainforest Cafe,Disney Village,D01R11_rainforest-cafe.pdf,2,13,"Aperol, Prosecco Riccadonna, Perrier, orange ST-GERMAIN SPRITZ",disney-village/rainforest-cafe
2026-09-05,Rainforest Cafe,Disney Village,D01R11_rainforest-cafe.pdf,2,13,"Perrier, citron jaune frais ITALICUS SPRITZ",disney-village/rainforest-cafe
2026-09-05,Rainforest Cafe,Disney Village,D01R11_rainforest-cafe.pdf,2,8,"VERMOUTHS MARTINI BIANCO, MARTINI ROSSO, NOILLY PRAT DRY",disney-village/rainforest-cafe
2026-09-05,Rainforest Cafe,Disney Village,D01R11_rainforest-cafe.pdf,2,8,"MARTINI ROSSO, NOILLY PRAT DRY CAMPARI, MARTINI RISERVA BITTER",disney-village/rainforest-cafe
2026-09-05,Rainforest Cafe,Disney Village,D01R11_rainforest-cafe.pdf,2,8,"CAMPARI, MARTINI RISERVA BITTER AMERICANO",disney-village/rainforest-cafe
2026-09-05,Rainforest Cafe,Disney Village,D01R11_rainforest-cafe.pdf,2,8,"Martini Rosso, Noilly Prat Dry, Martini Riserva Bitter, orange fraîche PASTIS",disney-village/rainforest-cafe
2026-09-05,Rainforest Cafe,Disney Village,D01R11_rainforest-cafe.pdf,2,8,PASTIS KIR VIN BLANC,disney-village/rainforest-cafe
2026-09-05,Rainforest Cafe,Disney Village,D01R11_rainforest-cafe.pdf,2,13,"Cassis, mûre, pêche ou framboise KIR CHAMPAGNE",disney-village/rainforest-cafe
2026-09-05,Rainforest Cafe,Disney Village,D01R11_rainforest-cafe.pdf,2,5,passion** VITTEL,disney-village/rainforest-cafe
2026-09-05,Rainforest Cafe,Disney Village,D01R11_rainforest-cafe.pdf,2,5,VITTEL SAN PELLEGRINO,disney-village/rainforest-cafe
2026-09-05,Rainforest Cafe,Disney Village,D01R11_rainforest-cafe.pdf,2,5,VITTEL SAN PELLEGRINO,disney-village/rainforest-cafe
2026-09-05,Rainforest Cafe,Disney Village,D01R11_rainforest-cafe.pdf,2,5,SAN PELLEGRINO orange,disney-village/rainforest-cafe
2026-09-05,Rainforest Cafe,Disney Village,D01R11_rainforest-cafe.pdf,2,6,CAFÉ FRAPPÉ,disney-village/rainforest-cafe
2026-09-05,Rainforest Cafe,Disney Village,D01R11_rainforest-cafe.pdf,2,7,CAFÉ FRAPPÉ JUS D'ORANGE ou JUS DE PAMPLEMOUSSE FRAIS,disney-village/rainforest-cafe
2026-09-05,Rainforest Cafe,Disney Village,D01R11_rainforest-cafe.pdf,2,4,"BBOOIISSSSOONNSS CCHHAAUUDDEESS EXPRESSO MASSAYA BIO, DÉCAFÉINÉ",disney-village/rainforest-cafe
2026-09-05,Rainforest Cafe,Disney Village,D01R11_rainforest-cafe.pdf,2,4,"EXPRESSO MASSAYA BIO, DÉCAFÉINÉ CAFÉ ALLONGÉ",disney-village/rainforest-cafe
2026-09-05,Rainforest Cafe,Disney Village,D01R11_rainforest-cafe.pdf,2,6,pression,disney-village/rainforest-cafe
2026-09-05,Rainforest Cafe,Disney Village,D01R11_rainforest-cafe.pdf,2,10,pression,disney-village/rainforest-cafe
2026-09-05,Rainforest Cafe,Disney Village,D01R11_rainforest-cafe.pdf,2,7,pression BROOKLYN DEFENDER IPA,disney-village/rainforest-cafe
2026-09-05,Rainforest Cafe,Disney Village,D01R11_rainforest-cafe.pdf,2,11,pression BROOKLYN DEFENDER IPA,disney-village/rainforest-cafe
2026-09-05,Rainforest Cafe,Disney Village,D01R11_rainforest-cafe.pdf,2,5,"LATTE MACCHIATO, CARAMEL MACCHIATO THÉS INFUSIONS BIO LA ROUTE DES COMPTOIRS",disney-village/rainforest-cafe
2026-09-05,Rainforest Cafe,Disney Village,D01R11_rainforest-cafe.pdf,2,10,CHOCOLAT CHAUD RAINFOREST CAPPUCCINO,disney-village/rainforest-cafe
2026-09-05,Rainforest Cafe,Disney Village,D01R11_rainforest-cafe.pdf,2,8,ANOSTEKE CORONA EXTRA CARLSBERG,disney-village/rainforest-cafe
2026-09-05,Rainforest Cafe,Disney Village,D01R11_rainforest-cafe.pdf,2,10,"crème fouettée, amandes effilées WHITE TIGER CAPPUCCINO",disney-village/rainforest-cafe
2026-09-05,Rainforest Cafe,Disney Village,D01R11_rainforest-cafe.pdf,2,8,"BLANCHE MAGNERS ORIGINAL, IRISH CIDER",disney-village/rainforest-cafe
2026-09-05,Rainforest Cafe,Disney Village,D01R11_rainforest-cafe.pdf,3,1,Toasted baguette Extra cheese,disney-village/rainforest-cafe
2026-09-05,Rainforest Cafe,Disney Village,D01R11_rainforest-cafe.pdf,3,10,Extra cheese SPINACH ARTICHOKE DIP,disney-village/rainforest-cafe
2026-09-05,Rainforest Cafe,Disney Village,D01R11_rainforest-cafe.pdf,3,11,"PDO Parmesan cheese, tortilla BIG ‘O’ ONION RINGS",disney-village/rainforest-cafe
2026-09-05,Rainforest Cafe,Disney Village,D01R11_rainforest-cafe.pdf,3,25,"Onion rings, BBQ sauce PULLED PORK BURGER",disney-village/rainforest-cafe
2026-09-05,Rainforest Cafe,Disney Village,D01R11_rainforest-cafe.pdf,3,34,AWESOME APPETIZER ADVENTURE,disney-village/rainforest-cafe
2026-09-05,Rainforest Cafe,Disney Village,D01R11_rainforest-cafe.pdf,3,12,AWESOME APPETIZER ADVENTURE OOZY CAMEMBERT,disney-village/rainforest-cafe
2026-09-05,Rainforest Cafe,Disney Village,D01R11_rainforest-cafe.pdf,3,14,"crispy Camembert, Chimi-Cha-Chas, Spinach Artichoke Dip, tortilla CHICKEN STRIPS",disney-village/rainforest-cafe
2026-09-05,Rainforest Cafe,Disney Village,D01R11_rainforest-cafe.pdf,3,25,CHICKEN STRIPS RAINFOREST BURGER,disney-village/rainforest-cafe
2026-09-05,Rainforest Cafe,Disney Village,D01R11_rainforest-cafe.pdf,3,21,coconut curry ranch BEEF LAVA NACHOS,disney-village/rainforest-cafe
2026-09-05,Rainforest Cafe,Disney Village,D01R11_rainforest-cafe.pdf,3,16,coconut curry ranch dressing coconut curry sauce BEEF LAVA NACHOS CHICKEN QUESADILLAS,disney-village/rainforest-cafe
2026-09-05,Rainforest Cafe,Disney Village,D01R11_rainforest-cafe.pdf,3,21,"onions, jalapeños, sour cream BLT FLATBREAD PIZZA",disney-village/rainforest-cafe
2026-09-05,Rainforest Cafe,Disney Village,D01R11_rainforest-cafe.pdf,3,25,Safari sauce MOZZARELLA BLUE MOUNTAIN CHICKEN SANDWICH,disney-village/rainforest-cafe
2026-09-05,Rainforest Cafe,Disney Village,D01R11_rainforest-cafe.pdf,3,29,"BBEEEEFF,, MOJO BONES",disney-village/rainforest-cafe
2026-09-05,Rainforest Cafe,Disney Village,D01R11_rainforest-cafe.pdf,3,26,SSAALLAADDSS TACO SALAD,disney-village/rainforest-cafe
2026-09-05,Rainforest Cafe,Disney Village,D01R11_rainforest-cafe.pdf,3,27,MOJO BONES BOMBAY CHICKEN Pork ribs caramelized with BBQ SHRIMP,disney-village/rainforest-cafe
2026-09-05,Rainforest Cafe,Disney Village,D01R11_rainforest-cafe.pdf,3,32,"cheese, PRIMAL STEAK",disney-village/rainforest-cafe
2026-09-05,Rainforest Cafe,Disney Village,D01R11_rainforest-cafe.pdf,3,30,"cheese, sautéed vegetables, KOREAN FRIED Cajun spiced butter CHICKEN LETTUCE WRAPS",disney-village/rainforest-cafe
2026-09-05,Rainforest Cafe,Disney Village,D01R11_rainforest-cafe.pdf,3,22,wheat tortilla shell POWER BOWL VEGGIE,disney-village/rainforest-cafe
2026-09-05,Rainforest Cafe,Disney Village,D01R11_rainforest-cafe.pdf,3,29,Cajun spiced butter roasted AMAZON FAJITAS,disney-village/rainforest-cafe
2026-09-05,Rainforest Cafe,Disney Village,D01R11_rainforest-cafe.pdf,3,24,B I G I S L A N D E R C A E S A R S A L A D,disney-village/rainforest-cafe
2026-09-05,Rainforest Cafe,Disney Village,D01R11_rainforest-cafe.pdf,3,3,"salsa, and wheat tortillas J U N G L E S T E A K S H R I M P",disney-village/rainforest-cafe
2026-09-05,Rainforest Cafe,Disney Village,D01R11_rainforest-cafe.pdf,3,6,"salsa, and wheat tortillas J U N G L E S T E A K S H R I M P",disney-village/rainforest-cafe
2026-09-05,Rainforest Cafe,Disney Village,D01R11_rainforest-cafe.pdf,3,27,PPAASSTTAASS LEMON BURRATA PASTA,disney-village/rainforest-cafe
2026-09-05,Rainforest Cafe,Disney Village,D01R11_rainforest-cafe.pdf,3,25,"spinach, lemon pesto, RASTA PASTA",disney-village/rainforest-cafe
2026-09-05,Rainforest Cafe,Disney Village,D01R11_rainforest-cafe.pdf,3,22,"shavings, garlic Alfredo ANACONDA PASTA",disney-village/rainforest-cafe
2026-09-05,Rainforest Cafe,Disney Village,D01R11_rainforest-cafe.pdf,3,26,PDO Parmesan shavings and CREOLE MAC CHEESE,disney-village/rainforest-cafe
2026-09-05,Rainforest Cafe,Disney Village,D01R11_rainforest-cafe.pdf,3,5,CAESAR SALAD COLESLAW ADD AN ADDITIONAL SIDE FOR,disney-village/rainforest-cafe
2026-09-05,Rainforest Cafe,Disney Village,D01R11_rainforest-cafe.pdf,3,26,SPARKLING VOLCANO,disney-village/rainforest-cafe
2026-09-05,Rainforest Cafe,Disney Village,D01R11_rainforest-cafe.pdf,3,12,DDEESSSSEERRTTSS VOLCANO COOKIE DOUGH® SUNDAE,disney-village/rainforest-cafe
2026-09-05,Rainforest Cafe,Disney Village,D01R11_rainforest-cafe.pdf,3,13,"cookies pieces, sprinkles CHOCOLATE FUDGE BROWNIE® SUNDAE",disney-village/rainforest-cafe
2026-09-05,Rainforest Cafe,Disney Village,D01R11_rainforest-cafe.pdf,3,9,Enough for two or more! ETON MESS WITH EXOTIC FRUITS,disney-village/rainforest-cafe
2026-09-05,Rainforest Cafe,Disney Village,D01R11_rainforest-cafe.pdf,3,12,"yoghurt cream, meringue FRENCH TOAST WITH FRUIT",disney-village/rainforest-cafe
2026-09-05,Rainforest Cafe,Disney Village,D01R11_rainforest-cafe.pdf,3,12,mascarpone and greek yoghurt BAMBA'S PANCAKES,disney-village/rainforest-cafe
2026-09-05,Rainforest Cafe,Disney Village,D01R11_rainforest-cafe.pdf,3,11,"vanilla ice cream, caramelized bananas, RAINFOREST COFFEE",disney-village/rainforest-cafe
2026-09-05,Rainforest Cafe,Disney Village,D01R11_rainforest-cafe.pdf,4,32,CCOOCCKKTTAAIILLSS PITCHER OF MARGARITA,disney-village/rainforest-cafe
2026-09-05,Rainforest Cafe,Disney Village,D01R11_rainforest-cafe.pdf,4,65,Sparklings CHAMPAGNE JACQUART BRUT MOSAÏQUE PDO,disney-village/rainforest-cafe
2026-09-05,Rainforest Cafe,Disney Village,D01R11_rainforest-cafe.pdf,4,21,"Cazadores Blanco Tequila, Triple CORONARITA",disney-village/rainforest-cafe
2026-09-05,Rainforest Cafe,Disney Village,D01R11_rainforest-cafe.pdf,4,9,CHAMPAGNE JACQUART BRUT MOSAÏQUE PDO PROSECCO RICCADONNA EXTRA DRY,disney-village/rainforest-cafe
2026-09-05,Rainforest Cafe,Disney Village,D01R11_rainforest-cafe.pdf,4,42,CHAMPAGNE JACQUART BRUT MOSAÏQUE PDO PROSECCO RICCADONNA EXTRA DRY,disney-village/rainforest-cafe
2026-09-05,Rainforest Cafe,Disney Village,D01R11_rainforest-cafe.pdf,4,13,quenching Corona Extra! MANGO MULE,disney-village/rainforest-cafe
2026-09-05,Rainforest Cafe,Disney Village,D01R11_rainforest-cafe.pdf,4,9,"PDO CÔTES-DU-RHÔNE ""SIGNATURE"" france",disney-village/rainforest-cafe
2026-09-05,Rainforest Cafe,Disney Village,D01R11_rainforest-cafe.pdf,4,34,"PDO CÔTES-DU-RHÔNE ""SIGNATURE"" france",disney-village/rainforest-cafe
2026-09-05,Rainforest Cafe,Disney Village,D01R11_rainforest-cafe.pdf,4,38,Famille Perrin (organic wine) PETIT CHABLIS,disney-village/rainforest-cafe
2026-09-05,Rainforest Cafe,Disney Village,D01R11_rainforest-cafe.pdf,4,13,"lime juice*, Fever-Tree Ginger PINK MONKEY",disney-village/rainforest-cafe
2026-09-05,Rainforest Cafe,Disney Village,D01R11_rainforest-cafe.pdf,4,8,SAUVIGNON BLANC new-zealand (marlborough),disney-village/rainforest-cafe
2026-09-05,Rainforest Cafe,Disney Village,D01R11_rainforest-cafe.pdf,4,32,SAUVIGNON BLANC new-zealand (marlborough),disney-village/rainforest-cafe
2026-09-05,Rainforest Cafe,Disney Village,D01R11_rainforest-cafe.pdf,4,13,"lime juice*, cranberry nectar VOLCANIC ISLAND",disney-village/rainforest-cafe
2026-09-05,Rainforest Cafe,Disney Village,D01R11_rainforest-cafe.pdf,4,9,Endless River CHARDONNAY usa (california),disney-village/rainforest-cafe
2026-09-05,Rainforest Cafe,Disney Village,D01R11_rainforest-cafe.pdf,4,34,Endless River CHARDONNAY usa (california),disney-village/rainforest-cafe
2026-09-05,Rainforest Cafe,Disney Village,D01R11_rainforest-cafe.pdf,4,13,"lime juice*, passion fruit purée**, mango TROPICAL STORM",disney-village/rainforest-cafe
2026-09-05,Rainforest Cafe,Disney Village,D01R11_rainforest-cafe.pdf,4,13,"passion fruit purée**, lime juice*, pineapple ENCHANTED FOREST",disney-village/rainforest-cafe
2026-09-05,Rainforest Cafe,Disney Village,D01R11_rainforest-cafe.pdf,4,8,"rosés PDO CÔTES DE PROVENCE ""SOIF DE PAMPA"" france",disney-village/rainforest-cafe
2026-09-05,Rainforest Cafe,Disney Village,D01R11_rainforest-cafe.pdf,4,32,"rosés PDO CÔTES DE PROVENCE ""SOIF DE PAMPA"" france",disney-village/rainforest-cafe
2026-09-05,Rainforest Cafe,Disney Village,D01R11_rainforest-cafe.pdf,4,10,"PDO CÔTES DE PROVENCE ""PRESTIGE"" france",disney-village/rainforest-cafe
2026-09-05,Rainforest Cafe,Disney Village,D01R11_rainforest-cafe.pdf,4,40,"PDO CÔTES DE PROVENCE ""PRESTIGE"" france",disney-village/rainforest-cafe
2026-09-05,Rainforest Cafe,Disney Village,D01R11_rainforest-cafe.pdf,4,13,"jasmine syrup, lime juice*, Aloe Vera MOJITO",disney-village/rainforest-cafe
2026-09-05,Rainforest Cafe,Disney Village,D01R11_rainforest-cafe.pdf,4,13,cane sugar and Perrier sparkling FRUITY MOJITO,disney-village/rainforest-cafe
2026-09-05,Rainforest Cafe,Disney Village,D01R11_rainforest-cafe.pdf,4,10,"PDO BOURGOGNE ""GAMAY"" france",disney-village/rainforest-cafe
2026-09-05,Rainforest Cafe,Disney Village,D01R11_rainforest-cafe.pdf,4,40,"PDO BOURGOGNE ""GAMAY"" france",disney-village/rainforest-cafe
2026-09-05,Rainforest Cafe,Disney Village,D01R11_rainforest-cafe.pdf,4,33,Jean Loron PDO LUSSAC ST-EMILION france,disney-village/rainforest-cafe
2026-09-05,Rainforest Cafe,Disney Village,D01R11_rainforest-cafe.pdf,4,13,or raspberry purée** or passion fruit RAINBOW COLADA,disney-village/rainforest-cafe
2026-09-05,Rainforest Cafe,Disney Village,D01R11_rainforest-cafe.pdf,4,30,Haut de Ségur SHIRAZ,disney-village/rainforest-cafe
2026-09-05,Rainforest Cafe,Disney Village,D01R11_rainforest-cafe.pdf,4,13,"pineapple juice, coconut purée** and APEROL SPRITZ",disney-village/rainforest-cafe
2026-09-05,Rainforest Cafe,Disney Village,D01R11_rainforest-cafe.pdf,4,8,Autralia Down Under CABERNET SAUVIGNON chile,disney-village/rainforest-cafe
2026-09-05,Rainforest Cafe,Disney Village,D01R11_rainforest-cafe.pdf,4,32,Autralia Down Under CABERNET SAUVIGNON chile,disney-village/rainforest-cafe
2026-09-05,Rainforest Cafe,Disney Village,D01R11_rainforest-cafe.pdf,4,13,"Aperol, Riccadonna Prosecco, Perrier, ST-GERMAIN SPRITZ",disney-village/rainforest-cafe
2026-09-05,Rainforest Cafe,Disney Village,D01R11_rainforest-cafe.pdf,4,13,"Perrier sparkling water, fresh ITALICUS SPRITZ",disney-village/rainforest-cafe
2026-09-05,Rainforest Cafe,Disney Village,D01R11_rainforest-cafe.pdf,4,8,"VERMOUTHS MARTINI BIANCO, MARTINI ROSSO, NOILLY PRAT DRY",disney-village/rainforest-cafe
2026-09-05,Rainforest Cafe,Disney Village,D01R11_rainforest-cafe.pdf,4,8,"NOILLY PRAT DRY CAMPARI, MARTINI RISERVA BITTER",disney-village/rainforest-cafe
2026-09-05,Rainforest Cafe,Disney Village,D01R11_rainforest-cafe.pdf,4,8,"CAMPARI, MARTINI RISERVA BITTER AMERICANO",disney-village/rainforest-cafe
2026-09-05,Rainforest Cafe,Disney Village,D01R11_rainforest-cafe.pdf,4,8,"Martini Rosso, Noilly Prat Dry, Martini Riserva Bitter, fresh orange PASTIS",disney-village/rainforest-cafe
2026-09-05,Rainforest Cafe,Disney Village,D01R11_rainforest-cafe.pdf,4,8,PASTIS KIR WHITE WINE,disney-village/rainforest-cafe
2026-09-05,Rainforest Cafe,Disney Village,D01R11_rainforest-cafe.pdf,4,13,"Blackcurrant, Blackberry, Raspberry or Peach KIR CHAMPAGNE",disney-village/rainforest-cafe
2026-09-05,Rainforest Cafe,Disney Village,D01R11_rainforest-cafe.pdf,4,5,Water VITTEL,disney-village/rainforest-cafe
2026-09-05,Rainforest Cafe,Disney Village,D01R11_rainforest-cafe.pdf,4,5,VITTEL SAN PELLEGRINO,disney-village/rainforest-cafe
2026-09-05,Rainforest Cafe,Disney Village,D01R11_rainforest-cafe.pdf,4,5,SAN PELLEGRINO orange,disney-village/rainforest-cafe
2026-09-05,Rainforest Cafe,Disney Village,D01R11_rainforest-cafe.pdf,4,5,SAN PELLEGRINO orange,disney-village/rainforest-cafe
2026-09-05,Rainforest Cafe,Disney Village,D01R11_rainforest-cafe.pdf,4,6,ICED COFFEE,disney-village/rainforest-cafe
2026-09-05,Rainforest Cafe,Disney Village,D01R11_rainforest-cafe.pdf,4,7,ICED COFFEE FRESH ORANGE or GRAPEFRUIT JUICE,disney-village/rainforest-cafe
2026-09-05,Rainforest Cafe,Disney Village,D01R11_rainforest-cafe.pdf,4,4,"HHOOTT DDRRIINNKKSS ESPRESSO ORGANIC MASSAYA, DECAF",disney-village/rainforest-cafe
2026-09-05,Rainforest Cafe,Disney Village,D01R11_rainforest-cafe.pdf,4,4,"ESPRESSO ORGANIC MASSAYA, DECAF AMERICAN COFFEE",disney-village/rainforest-cafe
2026-09-05,Rainforest Cafe,Disney Village,D01R11_rainforest-cafe.pdf,4,6,DRAFT,disney-village/rainforest-cafe
2026-09-05,Rainforest Cafe,Disney Village,D01R11_rainforest-cafe.pdf,4,10,DRAFT,disney-village/rainforest-cafe
2026-09-05,Rainforest Cafe,Disney Village,D01R11_rainforest-cafe.pdf,4,7,DRAFT BROOKLYN DEFENDER IPA,disney-village/rainforest-cafe
2026-09-05,Rainforest Cafe,Disney Village,D01R11_rainforest-cafe.pdf,4,11,DRAFT BROOKLYN DEFENDER IPA,disney-village/rainforest-cafe
2026-09-05,Rainforest Cafe,Disney Village,D01R11_rainforest-cafe.pdf,4,5,"LATTE MACCHIATO, CARAMEL MACCHIATO TEA, INFUSION",disney-village/rainforest-cafe
2026-09-05,Rainforest Cafe,Disney Village,D01R11_rainforest-cafe.pdf,4,10,HOT CHOCOLATE RAINFOREST CAPPUCCINO,disney-village/rainforest-cafe
2026-09-05,Rainforest Cafe,Disney Village,D01R11_rainforest-cafe.pdf,4,8,CARLSBERG CORONA EXTRA ANOSTEKE,disney-village/rainforest-cafe
2026-09-05,Rainforest Cafe,Disney Village,D01R11_rainforest-cafe.pdf,4,10,whipped cream and flaked almonds WHITE TIGER CAPPUCCINO,disney-village/rainforest-cafe
2026-09-05,Rainforest Cafe,Disney Village,D01R11_rainforest-cafe.pdf,4,8,"BLANCHE MAGNERS ORIGINAL, IRISH CIDER",disney-village/rainforest-cafe
2026-09-05,Starbucks Coffee,Disney Village,D01R12_starbucks-coffee.pdf,1,3.25,,disney-village/starbucks-coffee
2026-09-05,Starbucks Coffee,Disney Village,D01R12_starbucks-coffee.pdf,1,5.25,,disney-village/starbucks-coffee
2026-09-05,Starbucks Coffee,Disney Village,D01R12_starbucks-coffee.pdf,1,6.15,,disney-village/starbucks-coffee
2026-09-05,Starbucks Coffee,Disney Village,D01R12_starbucks-coffee.pdf,1,6.75,,disney-village/starbucks-coffee
2026-09-05,Starbucks Coffee,Disney Village,D01R12_starbucks-coffee.pdf,1,4.1,,disney-village/starbucks-coffee
2026-09-05,Starbucks Coffee,Disney Village,D01R12_starbucks-coffee.pdf,1,4.1,,disney-village/starbucks-coffee
2026-09-05,Starbucks Coffee,Disney Village,D01R12_starbucks-coffee.pdf,1,5.75,,disney-village/starbucks-coffee
2026-09-05,Starbucks Coffee,Disney Village,D01R12_starbucks-coffee.pdf,1,6.65,,disney-village/starbucks-coffee
2026-09-05,Starbucks Coffee,Disney Village,D01R12_starbucks-coffee.pdf,1,7.25,,disney-village/starbucks-coffee
2026-09-05,Starbucks Coffee,Disney Village,D01R12_starbucks-coffee.pdf,1,4.75,,disney-village/starbucks-coffee
2026-09-05,Starbucks Coffee,Disney Village,D01R12_starbucks-coffee.pdf,1,5.95,,disney-village/starbucks-coffee
2026-09-05,Starbucks Coffee,Disney Village,D01R12_starbucks-coffee.pdf,1,6.85,,disney-village/starbucks-coffee
2026-09-05,Starbucks Coffee,Disney Village,D01R12_starbucks-coffee.pdf,1,7.45,,disney-village/starbucks-coffee
2026-09-05,Starbucks Coffee,Disney Village,D01R12_starbucks-coffee.pdf,1,5.95,,disney-village/starbucks-coffee
2026-09-05,Starbucks Coffee,Disney Village,D01R12_starbucks-coffee.pdf,1,6.85,,disney-village/starbucks-coffee
2026-09-05,Starbucks Coffee,Disney Village,D01R12_starbucks-coffee.pdf,1,7.45,,disney-village/starbucks-coffee
2026-09-05,Starbucks Coffee,Disney Village,D01R12_starbucks-coffee.pdf,1,5.75,,disney-village/starbucks-coffee
2026-09-05,Starbucks Coffee,Disney Village,D01R12_starbucks-coffee.pdf,1,6.65,,disney-village/starbucks-coffee
2026-09-05,Starbucks Coffee,Disney Village,D01R12_starbucks-coffee.pdf,1,7.25,,disney-village/starbucks-coffee
2026-09-05,Starbucks Coffee,Disney Village,D01R12_starbucks-coffee.pdf,1,3.75,,disney-village/starbucks-coffee
2026-09-05,Starbucks Coffee,Disney Village,D01R12_starbucks-coffee.pdf,1,5.75,,disney-village/starbucks-coffee
2026-09-05,Starbucks Coffee,Disney Village,D01R12_starbucks-coffee.pdf,1,6.65,,disney-village/starbucks-coffee
2026-09-05,Starbucks Coffee,Disney Village,D01R12_starbucks-coffee.pdf,1,7.25,,disney-village/starbucks-coffee
2026-09-05,Starbucks Coffee,Disney Village,D01R12_starbucks-coffee.pdf,1,3.65,,disney-village/starbucks-coffee
2026-09-05,Starbucks Coffee,Disney Village,D01R12_starbucks-coffee.pdf,1,3.95,,disney-village/starbucks-coffee
2026-09-05,Starbucks Coffee,Disney Village,D01R12_starbucks-coffee.pdf,1,5.75,,disney-village/starbucks-coffee
2026-09-05,Starbucks Coffee,Disney Village,D01R12_starbucks-coffee.pdf,1,6.65,,disney-village/starbucks-coffee
2026-09-05,Starbucks Coffee,Disney Village,D01R12_starbucks-coffee.pdf,1,7.25,,disney-village/starbucks-coffee
2026-09-05,Starbucks Coffee,Disney Village,D01R12_starbucks-coffee.pdf,1,3.25,,disney-village/starbucks-coffee
2026-09-05,Starbucks Coffee,Disney Village,D01R12_starbucks-coffee.pdf,1,3.25,,disney-village/starbucks-coffee
2026-09-05,Starbucks Coffee,Disney Village,D01R12_starbucks-coffee.pdf,1,3.95,,disney-village/starbucks-coffee
2026-09-05,Starbucks Coffee,Disney Village,D01R12_starbucks-coffee.pdf,1,2.45,,disney-village/starbucks-coffee
2026-09-05,Starbucks Coffee,Disney Village,D01R12_starbucks-coffee.pdf,1,3.95,,disney-village/starbucks-coffee
2026-09-05,Starbucks Coffee,Disney Village,D01R12_starbucks-coffee.pdf,1,4.85,,disney-village/starbucks-coffee
2026-09-05,Starbucks Coffee,Disney Village,D01R12_starbucks-coffee.pdf,1,5.45,,disney-village/starbucks-coffee
2026-09-05,Starbucks Coffee,Disney Village,D01R12_starbucks-coffee.pdf,1,5.45,,disney-village/starbucks-coffee
2026-09-05,Starbucks Coffee,Disney Village,D01R12_starbucks-coffee.pdf,1,3.95,,disney-village/starbucks-coffee
2026-09-05,Starbucks Coffee,Disney Village,D01R12_starbucks-coffee.pdf,1,4.85,,disney-village/starbucks-coffee
2026-09-05,Starbucks Coffee,Disney Village,D01R12_starbucks-coffee.pdf,1,5.45,,disney-village/starbucks-coffee
2026-09-05,Starbucks Coffee,Disney Village,D01R12_starbucks-coffee.pdf,1,0.85,,disney-village/starbucks-coffee
2026-09-05,Starbucks Coffee,Disney Village,D01R12_starbucks-coffee.pdf,1,4.95,,disney-village/starbucks-coffee
2026-09-05,Starbucks Coffee,Disney Village,D01R12_starbucks-coffee.pdf,1,5.85,,disney-village/starbucks-coffee
2026-09-05,Starbucks Coffee,Disney Village,D01R12_starbucks-coffee.pdf,1,6.45,,disney-village/starbucks-coffee
2026-09-05,Starbucks Coffee,Disney Village,D01R12_starbucks-coffee.pdf,1,3.95,,disney-village/starbucks-coffee
2026-09-05,Starbucks Coffee,Disney Village,D01R12_starbucks-coffee.pdf,1,4.95,,disney-village/starbucks-coffee
2026-09-05,Starbucks Coffee,Disney Village,D01R12_starbucks-coffee.pdf,1,5.85,,disney-village/starbucks-coffee
2026-09-05,Starbucks Coffee,Disney Village,D01R12_starbucks-coffee.pdf,1,6.45,,disney-village/starbucks-coffee
2026-09-05,Starbucks Coffee,Disney Village,D01R12_starbucks-coffee.pdf,1,3.45,,disney-village/starbucks-coffee
2026-09-05,Starbucks Coffee,Disney Village,D01R12_starbucks-coffee.pdf,1,5.75,,disney-village/starbucks-coffee
2026-09-05,Starbucks Coffee,Disney Village,D01R12_starbucks-coffee.pdf,1,6.65,,disney-village/starbucks-coffee
2026-09-05,Starbucks Coffee,Disney Village,D01R12_starbucks-coffee.pdf,1,7.25,,disney-village/starbucks-coffee
2026-09-05,Starbucks Coffee,Disney Village,D01R12_starbucks-coffee.pdf,1,3.65,,disney-village/starbucks-coffee
2026-09-05,Starbucks Coffee,Disney Village,D01R12_starbucks-coffee.pdf,1,5.75,,disney-village/starbucks-coffee
2026-09-05,Starbucks Coffee,Disney Village,D01R12_starbucks-coffee.pdf,1,6.65,,disney-village/starbucks-coffee
2026-09-05,Starbucks Coffee,Disney Village,D01R12_starbucks-coffee.pdf,1,7.25,,disney-village/starbucks-coffee
2026-09-05,Starbucks Coffee,Disney Village,D01R12_starbucks-coffee.pdf,1,2.45,,disney-village/starbucks-coffee
2026-09-05,Starbucks Coffee,Disney Village,D01R12_starbucks-coffee.pdf,1,3.45,,disney-village/starbucks-coffee
2026-09-05,Starbucks Coffee,Disney Village,D01R12_starbucks-coffee.pdf,1,4.45,,disney-village/starbucks-coffee
2026-09-05,Starbucks Coffee,Disney Village,D01R12_starbucks-coffee.pdf,1,5.35,,disney-village/starbucks-coffee
2026-09-05,Starbucks Coffee,Disney Village,D01R12_starbucks-coffee.pdf,1,5.95,,disney-village/starbucks-coffee
2026-09-05,Starbucks Coffee,Disney Village,D01R12_starbucks-coffee.pdf,1,5.25,,disney-village/starbucks-coffee
2026-09-05,Starbucks Coffee,Disney Village,D01R12_starbucks-coffee.pdf,1,6.15,,disney-village/starbucks-coffee
2026-09-05,Starbucks Coffee,Disney Village,D01R12_starbucks-coffee.pdf,1,6.75,,disney-village/starbucks-coffee
2026-09-05,Starbucks Coffee,Disney Village,D01R12_starbucks-coffee.pdf,1,6.45,,disney-village/starbucks-coffee
2026-09-05,Starbucks Coffee,Disney Village,D01R12_starbucks-coffee.pdf,1,6.45,,disney-village/starbucks-coffee
2026-09-05,Starbucks Coffee,Disney Village,D01R12_starbucks-coffee.pdf,1,6.45,,disney-village/starbucks-coffee
2026-09-05,Starbucks Coffee,Disney Village,D01R12_starbucks-coffee.pdf,1,5.25,,disney-village/starbucks-coffee
2026-09-05,Starbucks Coffee,Disney Village,D01R12_starbucks-coffee.pdf,1,6.15,,disney-village/starbucks-coffee
2026-09-05,Starbucks Coffee,Disney Village,D01R12_starbucks-coffee.pdf,1,6.75,,disney-village/starbucks-coffee
2026-09-05,Starbucks Coffee,Disney Village,D01R12_starbucks-coffee.pdf,1,5.45,,disney-village/starbucks-coffee
2026-09-05,Starbucks Coffee,Disney Village,D01R12_starbucks-coffee.pdf,1,5.75,,disney-village/starbucks-coffee
2026-09-05,Starbucks Coffee,Disney Village,D01R12_starbucks-coffee.pdf,1,6.65,,disney-village/starbucks-coffee
2026-09-05,Starbucks Coffee,Disney Village,D01R12_starbucks-coffee.pdf,1,7.25,,disney-village/starbucks-coffee
2026-09-05,Starbucks Coffee,Disney Village,D01R12_starbucks-coffee.pdf,1,5.95,,disney-village/starbucks-coffee
2026-09-05,Starbucks Coffee,Disney Village,D01R12_starbucks-coffee.pdf,1,9.95,,disney-village/starbucks-coffee
2026-09-05,Starbucks Coffee,Disney Village,D01R12_starbucks-coffee.pdf,1,6.45,,disney-village/starbucks-coffee
2026-09-05,Starbucks Coffee,Disney Village,D01R12_starbucks-coffee.pdf,1,3.95,,disney-village/starbucks-coffee
2026-09-05,Starbucks Coffee,Disney Village,D01R12_starbucks-coffee.pdf,1,4.85,,disney-village/starbucks-coffee
2026-09-05,Starbucks Coffee,Disney Village,D01R12_starbucks-coffee.pdf,1,5.45,,disney-village/starbucks-coffee
2026-09-05,Starbucks Coffee,Disney Village,D01R12_starbucks-coffee.pdf,1,6.45,,disney-village/starbucks-coffee
2026-09-05,Starbucks Coffee,Disney Village,D01R12_starbucks-coffee.pdf,1,5.75,,disney-village/starbucks-coffee
2026-09-05,Starbucks Coffee,Disney Village,D01R12_starbucks-coffee.pdf,1,6.65,,disney-village/starbucks-coffee
2026-09-05,Starbucks Coffee,Disney Village,D01R12_starbucks-coffee.pdf,1,7.25,,disney-village/starbucks-coffee
2026-09-05,Starbucks Coffee,Disney Village,D01R12_starbucks-coffee.pdf,1,5.75,,disney-village/starbucks-coffee
2026-09-05,Starbucks Coffee,Disney Village,D01R12_starbucks-coffee.pdf,1,6.65,,disney-village/starbucks-coffee
2026-09-05,Starbucks Coffee,Disney Village,D01R12_starbucks-coffee.pdf,1,7.25,,disney-village/starbucks-coffee
2026-09-05,Starbucks Coffee,Disney Village,D01R12_starbucks-coffee.pdf,1,5.25,,disney-village/starbucks-coffee
2026-09-05,Starbucks Coffee,Disney Village,D01R12_starbucks-coffee.pdf,1,6.15,,disney-village/starbucks-coffee
2026-09-05,Starbucks Coffee,Disney Village,D01R12_starbucks-coffee.pdf,1,6.75,,disney-village/starbucks-coffee
2026-09-05,Starbucks Coffee,Disney Village,D01R12_starbucks-coffee.pdf,1,3.95,,disney-village/starbucks-coffee
2026-09-05,Starbucks Coffee,Disney Village,D01R12_starbucks-coffee.pdf,1,3.95,,disney-village/starbucks-coffee
2026-09-05,Starbucks Coffee,Disney Village,D01R12_starbucks-coffee.pdf,1,5.95,,disney-village/starbucks-coffee
2026-09-05,Starbucks Coffee,Disney Village,D01R12_starbucks-coffee.pdf,1,6.85,,disney-village/starbucks-coffee
2026-09-05,Starbucks Coffee,Disney Village,D01R12_starbucks-coffee.pdf,1,7.45,,disney-village/starbucks-coffee
2026-09-05,Starbucks Coffee,Disney Village,D01R12_starbucks-coffee.pdf,1,3.95,,disney-village/starbucks-coffee
2026-09-05,Starbucks Coffee,Disney Village,D01R12_starbucks-coffee.pdf,1,3.95,,disney-village/starbucks-coffee
2026-09-05,Starbucks Coffee,Disney Village,D01R12_starbucks-coffee.pdf,1,3.95,,disney-village/starbucks-coffee
2026-09-05,Starbucks Coffee,Disney Village,D01R12_starbucks-coffee.pdf,1,3.25,,disney-village/starbucks-coffee
2026-09-05,Fleur de Lys Bar,Disneyland Hotel,H01R00_fleur-de-lys-bar.pdf,3,25,specially inspired by the worlds of our fairy tales Le Gardien The Guardian,disneyland-hotel/fleur-de-lys-bar
2026-09-05,Fleur de Lys Bar,Disneyland Hotel,H01R00_fleur-de-lys-bar.pdf,3,25,"juices, soy and sriracha sauces, smoked Au Bout du Rêve Almost There",disneyland-hotel/fleur-de-lys-bar
2026-09-05,Fleur de Lys Bar,Disneyland Hotel,H01R00_fleur-de-lys-bar.pdf,3,25,"vanilla syrup, whipped cream Pétales Envoutés Sent Petals",disneyland-hotel/fleur-de-lys-bar
2026-09-05,Fleur de Lys Bar,Disneyland Hotel,H01R00_fleur-de-lys-bar.pdf,3,25,"foam, wild blueberry nectar, elderflower L’air du Vent",disneyland-hotel/fleur-de-lys-bar
2026-09-05,Fleur de Lys Bar,Disneyland Hotel,H01R00_fleur-de-lys-bar.pdf,4,25,Tour Isolée,disneyland-hotel/fleur-de-lys-bar
2026-09-05,Fleur de Lys Bar,Disneyland Hotel,H01R00_fleur-de-lys-bar.pdf,4,25,rhubarb-raspberry flavour L’explorateur The Explorer,disneyland-hotel/fleur-de-lys-bar
2026-09-05,Fleur de Lys Bar,Disneyland Hotel,H01R00_fleur-de-lys-bar.pdf,4,25,flavour syrup Histoire éternelle,disneyland-hotel/fleur-de-lys-bar
2026-09-05,Fleur de Lys Bar,Disneyland Hotel,H01R00_fleur-de-lys-bar.pdf,4,15,Non-Alcoholic Signature Cocktails Cœur Pur Princess in the Forest,disneyland-hotel/fleur-de-lys-bar
2026-09-05,Fleur de Lys Bar,Disneyland Hotel,H01R00_fleur-de-lys-bar.pdf,4,15,crispy strawberry pieces Diamant d’Innocence,disneyland-hotel/fleur-de-lys-bar
2026-09-05,Fleur de Lys Bar,Disneyland Hotel,H01R00_fleur-de-lys-bar.pdf,5,25,OF THE FLEUR DE LYS Cité des Sacres Fleurie,disneyland-hotel/fleur-de-lys-bar
2026-09-05,Fleur de Lys Bar,Disneyland Hotel,H01R00_fleur-de-lys-bar.pdf,5,25,from Reims Jardin d’Eté de sa Majesté,disneyland-hotel/fleur-de-lys-bar
2026-09-05,Fleur de Lys Bar,Disneyland Hotel,H01R00_fleur-de-lys-bar.pdf,5,15,mint leaves Royau-Thé Florale,disneyland-hotel/fleur-de-lys-bar
2026-09-05,Fleur de Lys Bar,Disneyland Hotel,H01R00_fleur-de-lys-bar.pdf,5,15,served with its pink biscuit from Reims Queen Tonic SANS ALCOOL ALCOHOL-FREE,disneyland-hotel/fleur-de-lys-bar
2026-09-05,Fleur de Lys Bar,Disneyland Hotel,H01R00_fleur-de-lys-bar.pdf,6,22,Experience Champagne Bellini,disneyland-hotel/fleur-de-lys-bar
2026-09-05,Fleur de Lys Bar,Disneyland Hotel,H01R00_fleur-de-lys-bar.pdf,6,22,"Grand Réserve brut, peach nectar Champagne Cocktail",disneyland-hotel/fleur-de-lys-bar
2026-09-05,Fleur de Lys Bar,Disneyland Hotel,H01R00_fleur-de-lys-bar.pdf,6,22,"cognac Courvoisier VSOP, Angostura aromatic bitters, brown sugar French",disneyland-hotel/fleur-de-lys-bar
2026-09-05,Fleur de Lys Bar,Disneyland Hotel,H01R00_fleur-de-lys-bar.pdf,6,22,"G’Vine-Floraison gin, cane sugar syrup, fresh lemon juice Old Cuban",disneyland-hotel/fleur-de-lys-bar
2026-09-05,Fleur de Lys Bar,Disneyland Hotel,H01R00_fleur-de-lys-bar.pdf,6,20,Short Drinks Espresso Martini,disneyland-hotel/fleur-de-lys-bar
2026-09-05,Fleur de Lys Bar,Disneyland Hotel,H01R00_fleur-de-lys-bar.pdf,6,20,"Fair coffee liqueur, Lavazza espresso, cane sugar syrup Caïpirinha",disneyland-hotel/fleur-de-lys-bar
2026-09-05,Fleur de Lys Bar,Disneyland Hotel,H01R00_fleur-de-lys-bar.pdf,6,20,"fresh lime, brown sugar Dry Martini",disneyland-hotel/fleur-de-lys-bar
2026-09-05,Fleur de Lys Bar,Disneyland Hotel,H01R00_fleur-de-lys-bar.pdf,6,20,green olive Manhattan,disneyland-hotel/fleur-de-lys-bar
2026-09-05,Fleur de Lys Bar,Disneyland Hotel,H01R00_fleur-de-lys-bar.pdf,7,20,Margarita,disneyland-hotel/fleur-de-lys-bar
2026-09-05,Fleur de Lys Bar,Disneyland Hotel,H01R00_fleur-de-lys-bar.pdf,7,20,"El Espolón blanco tequila, Cointreau, lime drink1 Bourbon Old Fashioned",disneyland-hotel/fleur-de-lys-bar
2026-09-05,Fleur de Lys Bar,Disneyland Hotel,H01R00_fleur-de-lys-bar.pdf,7,20,"Maker’s Mark Bourbon, Angostura aromatic bitters, Perrier®, sugar Cosmopolitan",disneyland-hotel/fleur-de-lys-bar
2026-09-05,Fleur de Lys Bar,Disneyland Hotel,H01R00_fleur-de-lys-bar.pdf,7,20,"Organic Belvedere vodka, Cointreau, cranberry nectar1, lime drink1 Negroni",disneyland-hotel/fleur-de-lys-bar
2026-09-05,Fleur de Lys Bar,Disneyland Hotel,H01R00_fleur-de-lys-bar.pdf,7,20,G’Vine Floraison gin Mocha Martini,disneyland-hotel/fleur-de-lys-bar
2026-09-05,Fleur de Lys Bar,Disneyland Hotel,H01R00_fleur-de-lys-bar.pdf,7,20,long Drinks Moscow Mule,disneyland-hotel/fleur-de-lys-bar
2026-09-05,Fleur de Lys Bar,Disneyland Hotel,H01R00_fleur-de-lys-bar.pdf,7,20,"Organic Belvedere vodka, Ginger Beer, lime drink1 Bloody Mary",disneyland-hotel/fleur-de-lys-bar
2026-09-05,Fleur de Lys Bar,Disneyland Hotel,H01R00_fleur-de-lys-bar.pdf,7,20,"Worcestershire sauce, celery salt Planter’s Punch",disneyland-hotel/fleur-de-lys-bar
2026-09-05,Fleur de Lys Bar,Disneyland Hotel,H01R00_fleur-de-lys-bar.pdf,7,20,"Angostura aromatic bitters, pineapple1 and orange juices, grenadine syrup Hugo Spritz",disneyland-hotel/fleur-de-lys-bar
2026-09-05,Fleur de Lys Bar,Disneyland Hotel,H01R00_fleur-de-lys-bar.pdf,7,20,"fresh lime, mint leaves Paloma",disneyland-hotel/fleur-de-lys-bar
2026-09-05,Fleur de Lys Bar,Disneyland Hotel,H01R00_fleur-de-lys-bar.pdf,8,28,coupe cl Louis Roederer Collection,disneyland-hotel/fleur-de-lys-bar
2026-09-05,Fleur de Lys Bar,Disneyland Hotel,H01R00_fleur-de-lys-bar.pdf,8,20,Louis Roederer Collection Taittinger brut Réserve,disneyland-hotel/fleur-de-lys-bar
2026-09-05,Fleur de Lys Bar,Disneyland Hotel,H01R00_fleur-de-lys-bar.pdf,8,28,Taittinger brut Réserve Moët Chandon Grand Vintage extra brut,disneyland-hotel/fleur-de-lys-bar
2026-09-05,Fleur de Lys Bar,Disneyland Hotel,H01R00_fleur-de-lys-bar.pdf,8,24,Moët Chandon Grand Vintage extra brut Taittinger Prestige rosé,disneyland-hotel/fleur-de-lys-bar
2026-09-05,Fleur de Lys Bar,Disneyland Hotel,H01R00_fleur-de-lys-bar.pdf,8,24,Taittinger Prestige rosé Moët Chandon Ice Impérial Rosé demi sec,disneyland-hotel/fleur-de-lys-bar
2026-09-05,Fleur de Lys Bar,Disneyland Hotel,H01R00_fleur-de-lys-bar.pdf,8,92,Brut Taittinger brut Réserve,disneyland-hotel/fleur-de-lys-bar
2026-09-05,Fleur de Lys Bar,Disneyland Hotel,H01R00_fleur-de-lys-bar.pdf,8,110,Taittinger brut Réserve Veuve Clicquot Brut Carte Jaune,disneyland-hotel/fleur-de-lys-bar
2026-09-05,Fleur de Lys Bar,Disneyland Hotel,H01R00_fleur-de-lys-bar.pdf,8,129,Veuve Clicquot Brut Carte Jaune Louis Roederer Collection,disneyland-hotel/fleur-de-lys-bar
2026-09-05,Fleur de Lys Bar,Disneyland Hotel,H01R00_fleur-de-lys-bar.pdf,8,102,Louis Roederer Collection Moët Chandon Impérial brut,disneyland-hotel/fleur-de-lys-bar
2026-09-05,Fleur de Lys Bar,Disneyland Hotel,H01R00_fleur-de-lys-bar.pdf,8,129,Moët Chandon Impérial brut Bollinger Spéciale Cuvée brut,disneyland-hotel/fleur-de-lys-bar
2026-09-05,Fleur de Lys Bar,Disneyland Hotel,H01R00_fleur-de-lys-bar.pdf,8,92,Bollinger Spéciale Cuvée brut Pierre Mignon Blanc de noirs brut,disneyland-hotel/fleur-de-lys-bar
2026-09-05,Fleur de Lys Bar,Disneyland Hotel,H01R00_fleur-de-lys-bar.pdf,8,129,Pierre Mignon Blanc de noirs brut Moët Chandon Grand Vintage extra brut,disneyland-hotel/fleur-de-lys-bar
2026-09-05,Fleur de Lys Bar,Disneyland Hotel,H01R00_fleur-de-lys-bar.pdf,8,150,Moët Chandon Grand Vintage extra brut Billecart-Salmon Brut “sous-bois”,disneyland-hotel/fleur-de-lys-bar
2026-09-05,Fleur de Lys Bar,Disneyland Hotel,H01R00_fleur-de-lys-bar.pdf,8,110,Brut Rosé cl Taittinger Prestige rosé,disneyland-hotel/fleur-de-lys-bar
2026-09-05,Fleur de Lys Bar,Disneyland Hotel,H01R00_fleur-de-lys-bar.pdf,8,110,Taittinger Prestige rosé Moët Chandon Ice Impérial Rosé demi sec,disneyland-hotel/fleur-de-lys-bar
2026-09-05,Fleur de Lys Bar,Disneyland Hotel,H01R00_fleur-de-lys-bar.pdf,8,150,Moët Chandon Ice Impérial Rosé demi sec Billecart-Salmon Brut Rosé,disneyland-hotel/fleur-de-lys-bar
2026-09-05,Fleur de Lys Bar,Disneyland Hotel,H01R00_fleur-de-lys-bar.pdf,8,160,Cuvées Prestige Cuvée Disneyland® Hotel,disneyland-hotel/fleur-de-lys-bar
2026-09-05,Fleur de Lys Bar,Disneyland Hotel,H01R00_fleur-de-lys-bar.pdf,8,400,for Disneyland Hotel by Maison Pierre Mignon Dom Pérignon Vintage Brut,disneyland-hotel/fleur-de-lys-bar
2026-09-05,Fleur de Lys Bar,Disneyland Hotel,H01R00_fleur-de-lys-bar.pdf,8,450,Dom Pérignon Vintage Brut Krug Grande Cuvée Brut,disneyland-hotel/fleur-de-lys-bar
2026-09-05,Fleur de Lys Bar,Disneyland Hotel,H01R00_fleur-de-lys-bar.pdf,8,300,Taittinger Comtes de Champagne Blanc de blancs,disneyland-hotel/fleur-de-lys-bar
2026-09-05,Fleur de Lys Bar,Disneyland Hotel,H01R00_fleur-de-lys-bar.pdf,8,500,Blanc de blancs Louis Roederer Cristal,disneyland-hotel/fleur-de-lys-bar
2026-09-05,Fleur de Lys Bar,Disneyland Hotel,H01R00_fleur-de-lys-bar.pdf,8,360,Louis Roederer Cristal Perrier-Jouët Belle Epoque Brut,disneyland-hotel/fleur-de-lys-bar
2026-09-05,Fleur de Lys Bar,Disneyland Hotel,H01R00_fleur-de-lys-bar.pdf,8,250,Perrier-Jouët Belle Epoque Brut Amour de Deutz Brut,disneyland-hotel/fleur-de-lys-bar
2026-09-05,Fleur de Lys Bar,Disneyland Hotel,H01R00_fleur-de-lys-bar.pdf,8,340,Amour de Deutz Brut Veuve Clicquot La Grande Dame Brut,disneyland-hotel/fleur-de-lys-bar
2026-09-05,Fleur de Lys Bar,Disneyland Hotel,H01R00_fleur-de-lys-bar.pdf,8,200,Veuve Clicquot La Grande Dame Brut Ruinart Blanc de blancs,disneyland-hotel/fleur-de-lys-bar
2026-09-05,Fleur de Lys Bar,Disneyland Hotel,H01R00_fleur-de-lys-bar.pdf,9,9,Bières pression Draught Beers Premium,disneyland-hotel/fleur-de-lys-bar
2026-09-05,Fleur de Lys Bar,Disneyland Hotel,H01R00_fleur-de-lys-bar.pdf,9,14,Bières pression Draught Beers Premium,disneyland-hotel/fleur-de-lys-bar
2026-09-05,Fleur de Lys Bar,Disneyland Hotel,H01R00_fleur-de-lys-bar.pdf,9,10,Premium Grimbergen d’Abbaye blonde,disneyland-hotel/fleur-de-lys-bar
2026-09-05,Fleur de Lys Bar,Disneyland Hotel,H01R00_fleur-de-lys-bar.pdf,9,14,Premium Grimbergen d’Abbaye blonde,disneyland-hotel/fleur-de-lys-bar
2026-09-05,Fleur de Lys Bar,Disneyland Hotel,H01R00_fleur-de-lys-bar.pdf,9,12,Bières bouteille Heineken,disneyland-hotel/fleur-de-lys-bar
2026-09-05,Fleur de Lys Bar,Disneyland Hotel,H01R00_fleur-de-lys-bar.pdf,9,12,Heineken Desperados,disneyland-hotel/fleur-de-lys-bar
2026-09-05,Fleur de Lys Bar,Disneyland Hotel,H01R00_fleur-de-lys-bar.pdf,9,12,Desperados Corona Extra,disneyland-hotel/fleur-de-lys-bar
2026-09-05,Fleur de Lys Bar,Disneyland Hotel,H01R00_fleur-de-lys-bar.pdf,9,13,Corona Extra Briarde Blanche,disneyland-hotel/fleur-de-lys-bar
2026-09-05,Fleur de Lys Bar,Disneyland Hotel,H01R00_fleur-de-lys-bar.pdf,9,15,Briarde Blanche Guinness Draught cl,disneyland-hotel/fleur-de-lys-bar
2026-09-05,Fleur de Lys Bar,Disneyland Hotel,H01R00_fleur-de-lys-bar.pdf,9,13,Guinness Draught cl Grimbergen d’Abbaye rouge,disneyland-hotel/fleur-de-lys-bar
2026-09-05,Fleur de Lys Bar,Disneyland Hotel,H01R00_fleur-de-lys-bar.pdf,9,9,Cidre Cider La Mordue Original Cidre aromatisé,disneyland-hotel/fleur-de-lys-bar
2026-09-05,Fleur de Lys Bar,Disneyland Hotel,H01R00_fleur-de-lys-bar.pdf,9,18,Vermouth cl La Quintinye Vermouth Royal Rouge Red,disneyland-hotel/fleur-de-lys-bar
2026-09-05,Fleur de Lys Bar,Disneyland Hotel,H01R00_fleur-de-lys-bar.pdf,9,18,La Quintinye Vermouth Royal Rouge Red La Quintinye Vermouth Royal Blanc White,disneyland-hotel/fleur-de-lys-bar
2026-09-05,Fleur de Lys Bar,Disneyland Hotel,H01R00_fleur-de-lys-bar.pdf,9,18,La Quintinye Vermouth Royal Blanc White La Quintinye Vermouth Royal Extra dry,disneyland-hotel/fleur-de-lys-bar
2026-09-05,Fleur de Lys Bar,Disneyland Hotel,H01R00_fleur-de-lys-bar.pdf,9,21,La Quintinye Vermouth Royal Extra dry Carpano Antica Formula,disneyland-hotel/fleur-de-lys-bar
2026-09-05,Fleur de Lys Bar,Disneyland Hotel,H01R00_fleur-de-lys-bar.pdf,9,18,Bitter Campari Cask Tales,disneyland-hotel/fleur-de-lys-bar
2026-09-05,Fleur de Lys Bar,Disneyland Hotel,H01R00_fleur-de-lys-bar.pdf,9,16,Campari Cask Tales Aperol,disneyland-hotel/fleur-de-lys-bar
2026-09-05,Fleur de Lys Bar,Disneyland Hotel,H01R00_fleur-de-lys-bar.pdf,9,16,Anisé cl Ricard Pastis de Marseille,disneyland-hotel/fleur-de-lys-bar
2026-09-05,Fleur de Lys Bar,Disneyland Hotel,H01R00_fleur-de-lys-bar.pdf,9,21,Ricard Pastis de Marseille Absinthe Pernod,disneyland-hotel/fleur-de-lys-bar
2026-09-05,Fleur de Lys Bar,Disneyland Hotel,H01R00_fleur-de-lys-bar.pdf,9,16,Gentiane cl Suze,disneyland-hotel/fleur-de-lys-bar
2026-09-05,Fleur de Lys Bar,Disneyland Hotel,H01R00_fleur-de-lys-bar.pdf,9,16,Porto cl Graham’s Six Grapes Reserve Ruby Port,disneyland-hotel/fleur-de-lys-bar
2026-09-05,Fleur de Lys Bar,Disneyland Hotel,H01R00_fleur-de-lys-bar.pdf,9,18,Xérès cl DO Xérès Jerez Sherry Tio Pepe Palomino Fino,disneyland-hotel/fleur-de-lys-bar
2026-09-05,Fleur de Lys Bar,Disneyland Hotel,H01R00_fleur-de-lys-bar.pdf,10,18,France G’Vine Floraison,disneyland-hotel/fleur-de-lys-bar
2026-09-05,Fleur de Lys Bar,Disneyland Hotel,H01R00_fleur-de-lys-bar.pdf,10,18,G’Vine Floraison Madlord,disneyland-hotel/fleur-de-lys-bar
2026-09-05,Fleur de Lys Bar,Disneyland Hotel,H01R00_fleur-de-lys-bar.pdf,10,20,Angleterre England Bombay Sapphire 1er Cru Murcian Lemon,disneyland-hotel/fleur-de-lys-bar
2026-09-05,Fleur de Lys Bar,Disneyland Hotel,H01R00_fleur-de-lys-bar.pdf,10,18,Ecosse Scotland Tanqueray N°Ten,disneyland-hotel/fleur-de-lys-bar
2026-09-05,Fleur de Lys Bar,Disneyland Hotel,H01R00_fleur-de-lys-bar.pdf,10,18,Tanqueray N°Ten Tobermory Isle of Mull Hebridean Gin,disneyland-hotel/fleur-de-lys-bar
2026-09-05,Fleur de Lys Bar,Disneyland Hotel,H01R00_fleur-de-lys-bar.pdf,10,18,Tobermory Isle of Mull Hebridean Gin Hendrick’s,disneyland-hotel/fleur-de-lys-bar
2026-09-05,Fleur de Lys Bar,Disneyland Hotel,H01R00_fleur-de-lys-bar.pdf,10,21,Japon Japan Ki No Bi Kyoto Dry Gin,disneyland-hotel/fleur-de-lys-bar
2026-09-05,Fleur de Lys Bar,Disneyland Hotel,H01R00_fleur-de-lys-bar.pdf,10,18,Ki No Bi Kyoto Dry Gin Roku Gin,disneyland-hotel/fleur-de-lys-bar
2026-09-05,Fleur de Lys Bar,Disneyland Hotel,H01R00_fleur-de-lys-bar.pdf,10,18,France Grey Goose,disneyland-hotel/fleur-de-lys-bar
2026-09-05,Fleur de Lys Bar,Disneyland Hotel,H01R00_fleur-de-lys-bar.pdf,10,18,Pologne Poland Belvedere Organic bio,disneyland-hotel/fleur-de-lys-bar
2026-09-05,Fleur de Lys Bar,Disneyland Hotel,H01R00_fleur-de-lys-bar.pdf,10,20,Montenegro Beluga Noble,disneyland-hotel/fleur-de-lys-bar
2026-09-05,Fleur de Lys Bar,Disneyland Hotel,H01R00_fleur-de-lys-bar.pdf,10,18,Tequilas El Espolón Blanco,disneyland-hotel/fleur-de-lys-bar
2026-09-05,Fleur de Lys Bar,Disneyland Hotel,H01R00_fleur-de-lys-bar.pdf,10,21,El Espolón Blanco Reposado Calle,disneyland-hotel/fleur-de-lys-bar
2026-09-05,Fleur de Lys Bar,Disneyland Hotel,H01R00_fleur-de-lys-bar.pdf,10,30,Reposado Calle Patrón El Cielo,disneyland-hotel/fleur-de-lys-bar
2026-09-05,Fleur de Lys Bar,Disneyland Hotel,H01R00_fleur-de-lys-bar.pdf,10,18,Mezcal Madre Desde Siempre Espadin,disneyland-hotel/fleur-de-lys-bar
2026-09-05,Fleur de Lys Bar,Disneyland Hotel,H01R00_fleur-de-lys-bar.pdf,10,18,Cachaça “Magnifica” de Faria Tradicional Ipê,disneyland-hotel/fleur-de-lys-bar
2026-09-05,Fleur de Lys Bar,Disneyland Hotel,H01R00_fleur-de-lys-bar.pdf,10,18,Pisco cl Pisco del Perú Puro Quebranta,disneyland-hotel/fleur-de-lys-bar
2026-09-05,Fleur de Lys Bar,Disneyland Hotel,H01R00_fleur-de-lys-bar.pdf,10,18,caraïbes Angostura ans,disneyland-hotel/fleur-de-lys-bar
2026-09-05,Fleur de Lys Bar,Disneyland Hotel,H01R00_fleur-de-lys-bar.pdf,10,21,République Dominicaine Barceló Imperial,disneyland-hotel/fleur-de-lys-bar
2026-09-05,Fleur de Lys Bar,Disneyland Hotel,H01R00_fleur-de-lys-bar.pdf,11,18,Martinique AOC Saint James Rhum Blanc Agricole Bio,disneyland-hotel/fleur-de-lys-bar
2026-09-05,Fleur de Lys Bar,Disneyland Hotel,H01R00_fleur-de-lys-bar.pdf,11,21,Guatemala Ron Zacapa Solera Gran reserva,disneyland-hotel/fleur-de-lys-bar
2026-09-05,Fleur de Lys Bar,Disneyland Hotel,H01R00_fleur-de-lys-bar.pdf,11,30,Ron Zacapa Solera Gran reserva Ron Zacapa Royal Solera Gran reserva especial,disneyland-hotel/fleur-de-lys-bar
2026-09-05,Fleur de Lys Bar,Disneyland Hotel,H01R00_fleur-de-lys-bar.pdf,11,21,Venezuela Santa Teresa,disneyland-hotel/fleur-de-lys-bar
2026-09-05,Fleur de Lys Bar,Disneyland Hotel,H01R00_fleur-de-lys-bar.pdf,11,18,Nicaragua Flor de Caña ans,disneyland-hotel/fleur-de-lys-bar
2026-09-05,Fleur de Lys Bar,Disneyland Hotel,H01R00_fleur-de-lys-bar.pdf,11,30,Flor de Caña ans Flor de Caña ans,disneyland-hotel/fleur-de-lys-bar
2026-09-05,Fleur de Lys Bar,Disneyland Hotel,H01R00_fleur-de-lys-bar.pdf,11,30,France Alfred Giraud Harmonie,disneyland-hotel/fleur-de-lys-bar
2026-09-05,Fleur de Lys Bar,Disneyland Hotel,H01R00_fleur-de-lys-bar.pdf,11,30,Alfred Giraud Harmonie Alfred Giraud Exploratory Range Voyage,disneyland-hotel/fleur-de-lys-bar
2026-09-05,Fleur de Lys Bar,Disneyland Hotel,H01R00_fleur-de-lys-bar.pdf,11,18,Écosse Scotland Auchentoshan ans Lowlands,disneyland-hotel/fleur-de-lys-bar
2026-09-05,Fleur de Lys Bar,Disneyland Hotel,H01R00_fleur-de-lys-bar.pdf,11,18,Auchentoshan ans Lowlands Highland Park ans Viking Honour Orcades,disneyland-hotel/fleur-de-lys-bar
2026-09-05,Fleur de Lys Bar,Disneyland Hotel,H01R00_fleur-de-lys-bar.pdf,11,18,Highland Park ans Viking Honour Orcades Bowmore ans Islay single malt Scotch Whisky,disneyland-hotel/fleur-de-lys-bar
2026-09-05,Fleur de Lys Bar,Disneyland Hotel,H01R00_fleur-de-lys-bar.pdf,11,21,Bowmore ans Islay single malt Scotch Whisky Lagavulin ans Islay single malt Scotch Whisky,disneyland-hotel/fleur-de-lys-bar
2026-09-05,Fleur de Lys Bar,Disneyland Hotel,H01R00_fleur-de-lys-bar.pdf,11,36,Lagavulin ans Islay single malt Scotch Whisky Bunnahabhain ans Islay single malt Scotch Whisky,disneyland-hotel/fleur-de-lys-bar
2026-09-05,Fleur de Lys Bar,Disneyland Hotel,H01R00_fleur-de-lys-bar.pdf,11,21,Bunnahabhain ans Islay single malt Scotch Whisky Oban ans Highlands,disneyland-hotel/fleur-de-lys-bar
2026-09-05,Fleur de Lys Bar,Disneyland Hotel,H01R00_fleur-de-lys-bar.pdf,11,21,Oban ans Highlands The Macallan Double Cask ans Speyside,disneyland-hotel/fleur-de-lys-bar
2026-09-05,Fleur de Lys Bar,Disneyland Hotel,H01R00_fleur-de-lys-bar.pdf,11,18,The Macallan Double Cask ans Speyside Chivas Regal ans Speyside,disneyland-hotel/fleur-de-lys-bar
2026-09-05,Fleur de Lys Bar,Disneyland Hotel,H01R00_fleur-de-lys-bar.pdf,11,30,Chivas Regal ans Speyside Royal Salute The Signature Blend ans Speyside,disneyland-hotel/fleur-de-lys-bar
2026-09-05,Fleur de Lys Bar,Disneyland Hotel,H01R00_fleur-de-lys-bar.pdf,11,18,Irlande Ireland The Sexton Single malt Irish Whiskey,disneyland-hotel/fleur-de-lys-bar
2026-09-05,Fleur de Lys Bar,Disneyland Hotel,H01R00_fleur-de-lys-bar.pdf,11,18,The Sexton Single malt Irish Whiskey Connemara Distillers Edition,disneyland-hotel/fleur-de-lys-bar
2026-09-05,Fleur de Lys Bar,Disneyland Hotel,H01R00_fleur-de-lys-bar.pdf,11,24,Japon Japan The Hakushu ans,disneyland-hotel/fleur-de-lys-bar
2026-09-05,Fleur de Lys Bar,Disneyland Hotel,H01R00_fleur-de-lys-bar.pdf,11,24,The Hakushu ans Nikka Coffey Malt Whisky,disneyland-hotel/fleur-de-lys-bar
2026-09-05,Fleur de Lys Bar,Disneyland Hotel,H01R00_fleur-de-lys-bar.pdf,11,18,Nikka Coffey Malt Whisky Hatozaki ans Umeshu Cask Finish,disneyland-hotel/fleur-de-lys-bar
2026-09-05,Fleur de Lys Bar,Disneyland Hotel,H01R00_fleur-de-lys-bar.pdf,11,18,U.S.A Jack Daniel’s Single Barrel Select,disneyland-hotel/fleur-de-lys-bar
2026-09-05,Fleur de Lys Bar,Disneyland Hotel,H01R00_fleur-de-lys-bar.pdf,11,18,Jack Daniel’s Single Barrel Select Maker’s Mark Bourbon,disneyland-hotel/fleur-de-lys-bar
2026-09-05,Fleur de Lys Bar,Disneyland Hotel,H01R00_fleur-de-lys-bar.pdf,11,21,Maker’s Mark Bourbon Woodford Reserve Double Oaked,disneyland-hotel/fleur-de-lys-bar
2026-09-05,Fleur de Lys Bar,Disneyland Hotel,H01R00_fleur-de-lys-bar.pdf,11,18,Woodford Reserve Double Oaked Bulleit Rye Frontier Whiskey,disneyland-hotel/fleur-de-lys-bar
2026-09-05,Fleur de Lys Bar,Disneyland Hotel,H01R00_fleur-de-lys-bar.pdf,12,18,Cognacs Courvoisier VSOP,disneyland-hotel/fleur-de-lys-bar
2026-09-05,Fleur de Lys Bar,Disneyland Hotel,H01R00_fleur-de-lys-bar.pdf,12,30,Courvoisier VSOP Courvoisier XO,disneyland-hotel/fleur-de-lys-bar
2026-09-05,Fleur de Lys Bar,Disneyland Hotel,H01R00_fleur-de-lys-bar.pdf,12,30,Courvoisier XO Rémy Martin XO Cognac Fine Champagne,disneyland-hotel/fleur-de-lys-bar
2026-09-05,Fleur de Lys Bar,Disneyland Hotel,H01R00_fleur-de-lys-bar.pdf,12,55,Rémy Martin XO Cognac Fine Champagne AOC Cognac Borderies Royal Banquet Camus,disneyland-hotel/fleur-de-lys-bar
2026-09-05,Fleur de Lys Bar,Disneyland Hotel,H01R00_fleur-de-lys-bar.pdf,12,300,AOC Cognac Borderies Royal Banquet Camus Rémy Martin Louis XIII Cognac Grande Champagne,disneyland-hotel/fleur-de-lys-bar
2026-09-05,Fleur de Lys Bar,Disneyland Hotel,H01R00_fleur-de-lys-bar.pdf,12,18,Armagnacs Château de Laubade Bas Armagnac VSOP,disneyland-hotel/fleur-de-lys-bar
2026-09-05,Fleur de Lys Bar,Disneyland Hotel,H01R00_fleur-de-lys-bar.pdf,12,18,Calvados Le Domfrontais Christian Drouin,disneyland-hotel/fleur-de-lys-bar
2026-09-05,Fleur de Lys Bar,Disneyland Hotel,H01R00_fleur-de-lys-bar.pdf,12,16,Liqueurs Amaretto Adriatico,disneyland-hotel/fleur-de-lys-bar
2026-09-05,Fleur de Lys Bar,Disneyland Hotel,H01R00_fleur-de-lys-bar.pdf,12,16,Amaretto Adriatico Bailey’s The Original Irish Cream,disneyland-hotel/fleur-de-lys-bar
2026-09-05,Fleur de Lys Bar,Disneyland Hotel,H01R00_fleur-de-lys-bar.pdf,12,16,Bailey’s The Original Irish Cream Drambuie,disneyland-hotel/fleur-de-lys-bar
2026-09-05,Fleur de Lys Bar,Disneyland Hotel,H01R00_fleur-de-lys-bar.pdf,12,16,Drambuie Southern Comfort,disneyland-hotel/fleur-de-lys-bar
2026-09-05,Fleur de Lys Bar,Disneyland Hotel,H01R00_fleur-de-lys-bar.pdf,12,16,Southern Comfort Génépi Dolin,disneyland-hotel/fleur-de-lys-bar
2026-09-05,Fleur de Lys Bar,Disneyland Hotel,H01R00_fleur-de-lys-bar.pdf,12,16,Génépi Dolin Cointreau,disneyland-hotel/fleur-de-lys-bar
2026-09-05,Fleur de Lys Bar,Disneyland Hotel,H01R00_fleur-de-lys-bar.pdf,12,16,Cointreau Grand Marnier Cuvée Louis-Alexandre,disneyland-hotel/fleur-de-lys-bar
2026-09-05,Fleur de Lys Bar,Disneyland Hotel,H01R00_fleur-de-lys-bar.pdf,12,220,Grand Marnier Cuvée Louis-Alexandre Grand Marnier Quintessence,disneyland-hotel/fleur-de-lys-bar
2026-09-05,Fleur de Lys Bar,Disneyland Hotel,H01R00_fleur-de-lys-bar.pdf,12,16,Grand Marnier Quintessence Liqueur de café Fair,disneyland-hotel/fleur-de-lys-bar
2026-09-05,Fleur de Lys Bar,Disneyland Hotel,H01R00_fleur-de-lys-bar.pdf,12,16,Liqueur de café Fair Liqueur de Noisette Frangelico,disneyland-hotel/fleur-de-lys-bar
2026-09-05,Fleur de Lys Bar,Disneyland Hotel,H01R00_fleur-de-lys-bar.pdf,12,16,Liqueur de Noisette Frangelico Get,disneyland-hotel/fleur-de-lys-bar
2026-09-05,Fleur de Lys Bar,Disneyland Hotel,H01R00_fleur-de-lys-bar.pdf,12,16,Get Get,disneyland-hotel/fleur-de-lys-bar
2026-09-05,Fleur de Lys Bar,Disneyland Hotel,H01R00_fleur-de-lys-bar.pdf,12,16,Get Limoncello Mamma Mia,disneyland-hotel/fleur-de-lys-bar
2026-09-05,Fleur de Lys Bar,Disneyland Hotel,H01R00_fleur-de-lys-bar.pdf,12,16,Limoncello Mamma Mia Pomme Verte,disneyland-hotel/fleur-de-lys-bar
2026-09-05,Fleur de Lys Bar,Disneyland Hotel,H01R00_fleur-de-lys-bar.pdf,12,16,Pomme Verte Maraschino Luxardo,disneyland-hotel/fleur-de-lys-bar
2026-09-05,Fleur de Lys Bar,Disneyland Hotel,H01R00_fleur-de-lys-bar.pdf,12,16,Maraschino Luxardo Sambuca,disneyland-hotel/fleur-de-lys-bar
2026-09-05,Fleur de Lys Bar,Disneyland Hotel,H01R00_fleur-de-lys-bar.pdf,13,13,Vins Blancs White Wine AOP Sancerre Cuvée du Connétable,disneyland-hotel/fleur-de-lys-bar
2026-09-05,Fleur de Lys Bar,Disneyland Hotel,H01R00_fleur-de-lys-bar.pdf,13,59,Vins Blancs White Wine AOP Sancerre Cuvée du Connétable,disneyland-hotel/fleur-de-lys-bar
2026-09-05,Fleur de Lys Bar,Disneyland Hotel,H01R00_fleur-de-lys-bar.pdf,13,15,Château de Sancerre Sauvignon blanc Vin de France Romorantin Cuvée du Roy,disneyland-hotel/fleur-de-lys-bar
2026-09-05,Fleur de Lys Bar,Disneyland Hotel,H01R00_fleur-de-lys-bar.pdf,13,68,Château de Sancerre Sauvignon blanc Vin de France Romorantin Cuvée du Roy,disneyland-hotel/fleur-de-lys-bar
2026-09-05,Fleur de Lys Bar,Disneyland Hotel,H01R00_fleur-de-lys-bar.pdf,13,10,Domaine national de Chambord Bio Cuvée Disneyland® Paris AOP La Clape,disneyland-hotel/fleur-de-lys-bar
2026-09-05,Fleur de Lys Bar,Disneyland Hotel,H01R00_fleur-de-lys-bar.pdf,13,45,Domaine national de Chambord Bio Cuvée Disneyland® Paris AOP La Clape,disneyland-hotel/fleur-de-lys-bar
2026-09-05,Fleur de Lys Bar,Disneyland Hotel,H01R00_fleur-de-lys-bar.pdf,13,19,Château L’Hospitalet Bio Demeter AOC Alsace Gewurztraminer Vendange,disneyland-hotel/fleur-de-lys-bar
2026-09-05,Fleur de Lys Bar,Disneyland Hotel,H01R00_fleur-de-lys-bar.pdf,13,86,Château L’Hospitalet Bio Demeter AOC Alsace Gewurztraminer Vendange,disneyland-hotel/fleur-de-lys-bar
2026-09-05,Fleur de Lys Bar,Disneyland Hotel,H01R00_fleur-de-lys-bar.pdf,13,15,Tardive Famille Hugel AOC Chablis 1er Cru Côte de Léchet,disneyland-hotel/fleur-de-lys-bar
2026-09-05,Fleur de Lys Bar,Disneyland Hotel,H01R00_fleur-de-lys-bar.pdf,13,68,Tardive Famille Hugel AOC Chablis 1er Cru Côte de Léchet,disneyland-hotel/fleur-de-lys-bar
2026-09-05,Fleur de Lys Bar,Disneyland Hotel,H01R00_fleur-de-lys-bar.pdf,13,15,Vins Rouges Red Wine AOC Givry 1er Cru La Grande Berge,disneyland-hotel/fleur-de-lys-bar
2026-09-05,Fleur de Lys Bar,Disneyland Hotel,H01R00_fleur-de-lys-bar.pdf,13,68,Vins Rouges Red Wine AOC Givry 1er Cru La Grande Berge,disneyland-hotel/fleur-de-lys-bar
2026-09-05,Fleur de Lys Bar,Disneyland Hotel,H01R00_fleur-de-lys-bar.pdf,13,17,Domaine Goubard AOC Saint-Emilion Grand Cru,disneyland-hotel/fleur-de-lys-bar
2026-09-05,Fleur de Lys Bar,Disneyland Hotel,H01R00_fleur-de-lys-bar.pdf,13,77,Domaine Goubard AOC Saint-Emilion Grand Cru,disneyland-hotel/fleur-de-lys-bar
2026-09-05,Fleur de Lys Bar,Disneyland Hotel,H01R00_fleur-de-lys-bar.pdf,13,11,Château Capet-Guillier AOC Cheverny Château de Chambord,disneyland-hotel/fleur-de-lys-bar
2026-09-05,Fleur de Lys Bar,Disneyland Hotel,H01R00_fleur-de-lys-bar.pdf,13,48,Château Capet-Guillier AOC Cheverny Château de Chambord,disneyland-hotel/fleur-de-lys-bar
2026-09-05,Fleur de Lys Bar,Disneyland Hotel,H01R00_fleur-de-lys-bar.pdf,13,17,Pinot Noir Bio AOC Châteauneuf-du-Pape,disneyland-hotel/fleur-de-lys-bar
2026-09-05,Fleur de Lys Bar,Disneyland Hotel,H01R00_fleur-de-lys-bar.pdf,13,77,Pinot Noir Bio AOC Châteauneuf-du-Pape,disneyland-hotel/fleur-de-lys-bar
2026-09-05,Fleur de Lys Bar,Disneyland Hotel,H01R00_fleur-de-lys-bar.pdf,13,10,L’Oratoire des Papes Cuvée Disneyland® Paris AOP La Clape,disneyland-hotel/fleur-de-lys-bar
2026-09-05,Fleur de Lys Bar,Disneyland Hotel,H01R00_fleur-de-lys-bar.pdf,13,45,L’Oratoire des Papes Cuvée Disneyland® Paris AOP La Clape,disneyland-hotel/fleur-de-lys-bar
2026-09-05,Fleur de Lys Bar,Disneyland Hotel,H01R00_fleur-de-lys-bar.pdf,13,13,Vin Rosé Rosé Wine AOC Côtes de Provence Rose et Or,disneyland-hotel/fleur-de-lys-bar
2026-09-05,Fleur de Lys Bar,Disneyland Hotel,H01R00_fleur-de-lys-bar.pdf,13,59,Vin Rosé Rosé Wine AOC Côtes de Provence Rose et Or,disneyland-hotel/fleur-de-lys-bar
2026-09-05,Fleur de Lys Bar,Disneyland Hotel,H01R00_fleur-de-lys-bar.pdf,14,13,BARISTA SPECIALS Latte Cold Brew glacé Cold Brew latte,disneyland-hotel/fleur-de-lys-bar
2026-09-05,Fleur de Lys Bar,Disneyland Hotel,H01R00_fleur-de-lys-bar.pdf,14,14,"Milk, Coffee flavoured cold brew concentrate Café Cardamome glacé Iced cardamom coffee",disneyland-hotel/fleur-de-lys-bar
2026-09-05,Fleur de Lys Bar,Disneyland Hotel,H01R00_fleur-de-lys-bar.pdf,14,14,"orange blossom flavour, Perrier® Café au lait, sirop de vanille, mousse de lait,",disneyland-hotel/fleur-de-lys-bar
2026-09-05,Fleur de Lys Bar,Disneyland Hotel,H01R00_fleur-de-lys-bar.pdf,14,14,"crumbled speculoos, served hot or cold Café macchiato, sirop caramel, mousse de lait,",disneyland-hotel/fleur-de-lys-bar
2026-09-05,Fleur de Lys Bar,Disneyland Hotel,H01R00_fleur-de-lys-bar.pdf,14,14,"crumbled biscuit, served hot or cold Chocolat, sirop saveur noisette, crème fouettée,",disneyland-hotel/fleur-de-lys-bar
2026-09-05,Fleur de Lys Bar,Disneyland Hotel,H01R00_fleur-de-lys-bar.pdf,14,10,SPARKLING NON-ALCOHOLIC Thé pétillant Blå Bio Blå sparkling Tea Organic,disneyland-hotel/fleur-de-lys-bar
2026-09-05,Fleur de Lys Bar,Disneyland Hotel,H01R00_fleur-de-lys-bar.pdf,14,49,cl Thé pétillant Blå Bio Blå sparkling Tea Organic,disneyland-hotel/fleur-de-lys-bar
2026-09-05,Fleur de Lys Bar,Disneyland Hotel,H01R00_fleur-de-lys-bar.pdf,14,13,Thé pétillant Blå Bio Blå sparkling Tea Organic Nooh by La Coste Effervescent rosé,disneyland-hotel/fleur-de-lys-bar
2026-09-05,Fleur de Lys Bar,Disneyland Hotel,H01R00_fleur-de-lys-bar.pdf,14,60,Thé pétillant Blå Bio Blå sparkling Tea Organic Nooh by La Coste Effervescent rosé,disneyland-hotel/fleur-de-lys-bar
2026-09-05,Fleur de Lys Bar,Disneyland Hotel,H01R00_fleur-de-lys-bar.pdf,15,11,cl Jus d’orange,disneyland-hotel/fleur-de-lys-bar
2026-09-05,Fleur de Lys Bar,Disneyland Hotel,H01R00_fleur-de-lys-bar.pdf,15,11,Orange juice Jus de pomme,disneyland-hotel/fleur-de-lys-bar
2026-09-05,Fleur de Lys Bar,Disneyland Hotel,H01R00_fleur-de-lys-bar.pdf,15,11,Apple juice Nectar de fraise,disneyland-hotel/fleur-de-lys-bar
2026-09-05,Fleur de Lys Bar,Disneyland Hotel,H01R00_fleur-de-lys-bar.pdf,15,11,Strawberry flavour nectar Nectar de poire,disneyland-hotel/fleur-de-lys-bar
2026-09-05,Fleur de Lys Bar,Disneyland Hotel,H01R00_fleur-de-lys-bar.pdf,15,11,Pear flavour nectar Nectar de fruit de la passion,disneyland-hotel/fleur-de-lys-bar
2026-09-05,Fleur de Lys Bar,Disneyland Hotel,H01R00_fleur-de-lys-bar.pdf,15,11,Passion fruit flavour nectar Nectar de mangue,disneyland-hotel/fleur-de-lys-bar
2026-09-05,Fleur de Lys Bar,Disneyland Hotel,H01R00_fleur-de-lys-bar.pdf,15,11,Mango flavour nectar Nectar de myrtille,disneyland-hotel/fleur-de-lys-bar
2026-09-05,Fleur de Lys Bar,Disneyland Hotel,H01R00_fleur-de-lys-bar.pdf,15,9,Blueberry flavour nectar Coca-Cola ORIGINAL,disneyland-hotel/fleur-de-lys-bar
2026-09-05,Fleur de Lys Bar,Disneyland Hotel,H01R00_fleur-de-lys-bar.pdf,15,9,Coca-Cola ORIGINAL Coca-Cola ZÉRO SUCRES Sugar Free,disneyland-hotel/fleur-de-lys-bar
2026-09-05,Fleur de Lys Bar,Disneyland Hotel,H01R00_fleur-de-lys-bar.pdf,15,9,Coca-Cola ZÉRO SUCRES Sugar Free Sprite,disneyland-hotel/fleur-de-lys-bar
2026-09-05,Fleur de Lys Bar,Disneyland Hotel,H01R00_fleur-de-lys-bar.pdf,15,9,Sprite Fanta Orange,disneyland-hotel/fleur-de-lys-bar
2026-09-05,Fleur de Lys Bar,Disneyland Hotel,H01R00_fleur-de-lys-bar.pdf,15,9,Fanta Orange FuzeTea Pêche Intense,disneyland-hotel/fleur-de-lys-bar
2026-09-05,Fleur de Lys Bar,Disneyland Hotel,H01R00_fleur-de-lys-bar.pdf,15,9,FuzeTea Peach Black Tea Kombucha Bio Original,disneyland-hotel/fleur-de-lys-bar
2026-09-05,Fleur de Lys Bar,Disneyland Hotel,H01R00_fleur-de-lys-bar.pdf,15,9,Kombucha Bio Original Kombucha Bio Original saveur framboise-hibiscus,disneyland-hotel/fleur-de-lys-bar
2026-09-05,Fleur de Lys Bar,Disneyland Hotel,H01R00_fleur-de-lys-bar.pdf,15,12,Organic Kombucha raspberry-hibiscus flavoured Bundaberg Ginger Beer cl,disneyland-hotel/fleur-de-lys-bar
2026-09-05,Fleur de Lys Bar,Disneyland Hotel,H01R00_fleur-de-lys-bar.pdf,15,7,Bundaberg Ginger Beer cl Perrier®,disneyland-hotel/fleur-de-lys-bar
2026-09-05,Fleur de Lys Bar,Disneyland Hotel,H01R00_fleur-de-lys-bar.pdf,15,9,Perrier® Notre sélection de Tonic Our selection of Tonic cl,disneyland-hotel/fleur-de-lys-bar
2026-09-05,Fleur de Lys Bar,Disneyland Hotel,H01R00_fleur-de-lys-bar.pdf,15,8,MINERAL WATER Vittel® cl,disneyland-hotel/fleur-de-lys-bar
2026-09-05,Fleur de Lys Bar,Disneyland Hotel,H01R00_fleur-de-lys-bar.pdf,15,9,Vittel® cl S.Pellegrino® cl,disneyland-hotel/fleur-de-lys-bar
2026-09-05,Fleur de Lys Bar,Disneyland Hotel,H01R00_fleur-de-lys-bar.pdf,16,7,HOT DRINKS Espresso Arabica,disneyland-hotel/fleur-de-lys-bar
2026-09-05,Fleur de Lys Bar,Disneyland Hotel,H01R00_fleur-de-lys-bar.pdf,16,8,Espresso Arabica Double Espresso Arabica,disneyland-hotel/fleur-de-lys-bar
2026-09-05,Fleur de Lys Bar,Disneyland Hotel,H01R00_fleur-de-lys-bar.pdf,16,7,Double Espresso Arabica Café long Arabica Coffee,disneyland-hotel/fleur-de-lys-bar
2026-09-05,Fleur de Lys Bar,Disneyland Hotel,H01R00_fleur-de-lys-bar.pdf,16,8,Café long Arabica Coffee Espresso mono-origine Ethiopie Kafa,disneyland-hotel/fleur-de-lys-bar
2026-09-05,Fleur de Lys Bar,Disneyland Hotel,H01R00_fleur-de-lys-bar.pdf,16,9,Single-origin Ethiopia Kafa Double Espresso mono-origine Ethiopie Kafa,disneyland-hotel/fleur-de-lys-bar
2026-09-05,Fleur de Lys Bar,Disneyland Hotel,H01R00_fleur-de-lys-bar.pdf,16,8,Single-origin Ethiopia Kafa Café long mono-origine Ethiopie Kafa,disneyland-hotel/fleur-de-lys-bar
2026-09-05,Fleur de Lys Bar,Disneyland Hotel,H01R00_fleur-de-lys-bar.pdf,16,11,Single-origin Ethiopia Kafa Large coffee Café au lait Coffee with milk,disneyland-hotel/fleur-de-lys-bar
2026-09-05,Fleur de Lys Bar,Disneyland Hotel,H01R00_fleur-de-lys-bar.pdf,16,11,Café au lait Coffee with milk Macchiato,disneyland-hotel/fleur-de-lys-bar
2026-09-05,Fleur de Lys Bar,Disneyland Hotel,H01R00_fleur-de-lys-bar.pdf,16,11,Macchiato Cappuccino,disneyland-hotel/fleur-de-lys-bar
2026-09-05,Fleur de Lys Bar,Disneyland Hotel,H01R00_fleur-de-lys-bar.pdf,16,12,Cappuccino Mocaccino,disneyland-hotel/fleur-de-lys-bar
2026-09-05,Fleur de Lys Bar,Disneyland Hotel,H01R00_fleur-de-lys-bar.pdf,16,11,Mocaccino Collection Chocolat Chaud Mix Enjoy,disneyland-hotel/fleur-de-lys-bar
2026-09-05,Fleur de Lys Bar,Disneyland Hotel,H01R00_fleur-de-lys-bar.pdf,16,11,"caramel shards, or “surprise” milk chocolate Chocolat Viennois Viennese chocolate",disneyland-hotel/fleur-de-lys-bar
2026-09-05,Fleur de Lys Bar,Disneyland Hotel,H01R00_fleur-de-lys-bar.pdf,16,7,Chocolat Viennois Viennese chocolate Espresso décaféiné Decaffeinated espresso,disneyland-hotel/fleur-de-lys-bar
2026-09-05,Fleur de Lys Bar,Disneyland Hotel,H01R00_fleur-de-lys-bar.pdf,16,8,Espresso décaféiné Decaffeinated espresso Double espresso décaféiné Double espresso decaffeinated,disneyland-hotel/fleur-de-lys-bar
2026-09-05,Fleur de Lys Bar,Disneyland Hotel,H01R00_fleur-de-lys-bar.pdf,16,7,Double espresso décaféiné Double espresso decaffeinated Café long décaféiné Decaffeinated coffee,disneyland-hotel/fleur-de-lys-bar
2026-09-05,Fleur de Lys Bar,Disneyland Hotel,H01R00_fleur-de-lys-bar.pdf,16,8,Café long décaféiné Decaffeinated coffee Café décaféiné au lait Decaffeinated coffee with milk,disneyland-hotel/fleur-de-lys-bar
2026-09-05,Fleur de Lys Bar,Disneyland Hotel,H01R00_fleur-de-lys-bar.pdf,16,8,Café décaféiné au lait Decaffeinated coffee with milk Notre sélection de thés et infusions Betjeman Barton,disneyland-hotel/fleur-de-lys-bar
2026-09-05,Fleur de Lys Bar,Disneyland Hotel,H01R00_fleur-de-lys-bar.pdf,16,6,"Our selection of Betjeman Barton teas Verre de lait, chaud ou froid Glass of hot or cold milk",disneyland-hotel/fleur-de-lys-bar
2026-09-05,Fleur de Lys Bar,Disneyland Hotel,H01R00_fleur-de-lys-bar.pdf,17,100,"From am to am Caviar Osciètre français g, blinis",disneyland-hotel/fleur-de-lys-bar
2026-09-05,Fleur de Lys Bar,Disneyland Hotel,H01R00_fleur-de-lys-bar.pdf,17,23,blinis and Isigny PDO cream Charcuteries ibériques et pain au levain toasté,disneyland-hotel/fleur-de-lys-bar
2026-09-05,Fleur de Lys Bar,Disneyland Hotel,H01R00_fleur-de-lys-bar.pdf,17,28,"Jambon, lomo, chorizo et saucisson Ham, lomo, chorizo and sausage Fromages affinés et pain au levain toasté",disneyland-hotel/fleur-de-lys-bar
2026-09-05,Fleur de Lys Bar,Disneyland Hotel,H01R00_fleur-de-lys-bar.pdf,17,30,"Brie de Meaux, Coulommiers, comté and Goat’s Cheese Charcuteries ibériques, fromages affinés et pain au levain toasté",disneyland-hotel/fleur-de-lys-bar
2026-09-05,Fleur de Lys Bar,Disneyland Hotel,H01R00_fleur-de-lys-bar.pdf,17,21,"Served with mango chutney and onion confit Légumes croquants à partager, sauce à la ciboulette",disneyland-hotel/fleur-de-lys-bar
2026-09-05,Fleur de Lys Bar,Disneyland Hotel,H01R00_fleur-de-lys-bar.pdf,17,21,"Crisp raw vegetables with a chive sauce Houmous, purée d’avocat et concombre à la menthe,",disneyland-hotel/fleur-de-lys-bar
2026-09-05,Fleur de Lys Bar,Disneyland Hotel,H01R00_fleur-de-lys-bar.pdf,17,26,"Salés Savory Stracciatella di bufala à la truffe noire, huile d’olive",disneyland-hotel/fleur-de-lys-bar
2026-09-05,Fleur de Lys Bar,Disneyland Hotel,H01R00_fleur-de-lys-bar.pdf,17,35,"with black truffle, extra virgin olive oil and toasted sourdough Rolls de homard, mayonnaise à la vanille,",disneyland-hotel/fleur-de-lys-bar
2026-09-05,Fleur de Lys Bar,Disneyland Hotel,H01R00_fleur-de-lys-bar.pdf,17,26,Made from croissant dough and “eatable with your fingers” Les “Croq” toastés au comté AOP et à la dinde,disneyland-hotel/fleur-de-lys-bar
2026-09-05,Fleur de Lys Bar,Disneyland Hotel,H01R00_fleur-de-lys-bar.pdf,17,25,"Toasted turkey and Comté PDO croqs Gâteau de crabe croustillant, mayonnaise au paprika",disneyland-hotel/fleur-de-lys-bar
2026-09-05,Fleur de Lys Bar,Disneyland Hotel,H01R00_fleur-de-lys-bar.pdf,17,26,doux fumé Crispy crab cake with smoked spiced mayonnaise Manchons de poulet caramelisés façon barbecue,disneyland-hotel/fleur-de-lys-bar
2026-09-05,Fleur de Lys Bar,Disneyland Hotel,H01R00_fleur-de-lys-bar.pdf,17,8,Barbecued caramelised chicken drumsticks Chips “Pipers®” g,disneyland-hotel/fleur-de-lys-bar
2026-09-05,Fleur de Lys Bar,Disneyland Hotel,H01R00_fleur-de-lys-bar.pdf,18,15,"Sucrés Sweet Fondant au chocolat, crème fouettée à la vanille bourbon,",disneyland-hotel/fleur-de-lys-bar
2026-09-05,Fleur de Lys Bar,Disneyland Hotel,H01R00_fleur-de-lys-bar.pdf,18,15,"cream, caramel sauce Trio de crèmes brûlées (vanille, pistache, chocolat)",disneyland-hotel/fleur-de-lys-bar
2026-09-05,Fleur de Lys Bar,Disneyland Hotel,H01R00_fleur-de-lys-bar.pdf,18,13,"Trio of creme brûlée (vanilla, pistachio, chocolate) Noble Cour de Mignardises The Court’s Sweet Favours",disneyland-hotel/fleur-de-lys-bar
2026-09-05,Fleur de Lys Bar,Disneyland Hotel,H01R00_fleur-de-lys-bar.pdf,18,14,biscuit from Reims and fruit Missive Royale A Regal Invitation,disneyland-hotel/fleur-de-lys-bar
2026-09-05,Fleur de Lys Bar,Disneyland Hotel,H01R00_fleur-de-lys-bar.pdf,18,13,Bourbon sugar Le cookie chocolat-pistaches et amandes caramélisées,disneyland-hotel/fleur-de-lys-bar
2026-09-05,Fleur de Lys Bar,Disneyland Hotel,H01R00_fleur-de-lys-bar.pdf,18,14,Chocolate-pistachio and caramelised almond cookie Le cookie chocolat-pistaches et amandes caramélisées,disneyland-hotel/fleur-de-lys-bar
2026-09-05,Fleur de Lys Bar,Disneyland Hotel,H01R00_fleur-de-lys-bar.pdf,18,13,and a glass of milk Le cookie tout chocolat Chocolate cookie,disneyland-hotel/fleur-de-lys-bar
2026-09-05,Fleur de Lys Bar,Disneyland Hotel,H01R00_fleur-de-lys-bar.pdf,18,14,Le cookie tout chocolat Chocolate cookie Le cookie tout chocolat et son verre de lait,disneyland-hotel/fleur-de-lys-bar
2026-09-05,Fleur de Lys Bar,Disneyland Hotel,H01R00_fleur-de-lys-bar.pdf,18,18,Chocolate cookie and a glass of milk Macaron de Haut-Rang Majestic Macaron,disneyland-hotel/fleur-de-lys-bar
2026-09-05,La Table de Lumière,Disneyland Hotel,H01R01_la-table-de-lumiere.pdf,1,120,,disneyland-hotel/la-table-de-lumiere
2026-09-05,La Table de Lumière,Disneyland Hotel,H01R01_la-table-de-lumiere.pdf,1,60,d e L u m i è r e s m e n u,disneyland-hotel/la-table-de-lumiere
2026-09-05,La Table de Lumière,Disneyland Hotel,H01R01_la-table-de-lumiere.pdf,1,60,"we suggest x cl)from our selection, priced at",disneyland-hotel/la-table-de-lumiere
2026-09-05,La Table de Lumière,Disneyland Hotel,H01R01_la-table-de-lumiere.pdf,1,50,"champagnes x cl)from our selection, priced at x cl) from our selection, priced at",disneyland-hotel/la-table-de-lumiere
2026-09-05,La Table de Lumière,Disneyland Hotel,H01R01_la-table-de-lumiere.pdf,1,45,Wine RRReeecccuuullleeerrrooonnnsss CCChhhaaarrrdddooonnnnnnaaayyy,disneyland-hotel/la-table-de-lumiere
2026-09-05,La Table de Lumière,Disneyland Hotel,H01R01_la-table-de-lumiere.pdf,1,67,RRReeecccuuullleeerrrooonnnsss CCChhhaaarrrdddooonnnnnnaaayyy Coste-Caumartin,disneyland-hotel/la-table-de-lumiere
2026-09-05,La Table de Lumière,Disneyland Hotel,H01R01_la-table-de-lumiere.pdf,1,67,RRReeecccuuullleeerrrooonnnsss CCChhhaaarrrdddooonnnnnnaaayyy Coste-Caumartin,disneyland-hotel/la-table-de-lumiere
2026-09-05,La Table de Lumière,Disneyland Hotel,H01R01_la-table-de-lumiere.pdf,1,25,français French Red Wine Hautes-Côtes de Nuits Pierre Maizière,disneyland-hotel/la-table-de-lumiere
2026-09-05,La Table de Lumière,Disneyland Hotel,H01R01_la-table-de-lumiere.pdf,1,45,Wine Maizière,disneyland-hotel/la-table-de-lumiere
2026-09-05,La Table de Lumière,Disneyland Hotel,H01R01_la-table-de-lumiere.pdf,1,42,Hautes-Côtes de Nuits Pierre Maizière Château Cantemerle Grand Cru Classé,disneyland-hotel/la-table-de-lumiere
2026-09-05,La Table de Lumière,Disneyland Hotel,H01R01_la-table-de-lumiere.pdf,1,77,Maizière Cru Classé,disneyland-hotel/la-table-de-lumiere
2026-09-05,La Table de Lumière,Disneyland Hotel,H01R01_la-table-de-lumiere.pdf,1,68,Maizière Cru Classé,disneyland-hotel/la-table-de-lumiere
2026-09-05,La Table de Lumière,Disneyland Hotel,H01R01_la-table-de-lumiere.pdf,1,9,Classé cl,disneyland-hotel/la-table-de-lumiere
2026-09-05,La Table de Lumière,Disneyland Hotel,H01R01_la-table-de-lumiere.pdf,1,9,cl black tea,disneyland-hotel/la-table-de-lumiere
2026-09-05,La Table de Lumière,Disneyland Hotel,H01R01_la-table-de-lumiere.pdf,1,9,black tea cl,disneyland-hotel/la-table-de-lumiere
2026-09-05,La Table de Lumière,Disneyland Hotel,H01R01_la-table-de-lumiere.pdf,1,8,Our selection of tonic Mineral Water,disneyland-hotel/la-table-de-lumiere
2026-09-05,La Table de Lumière,Disneyland Hotel,H01R01_la-table-de-lumiere.pdf,1,12,cl cl,disneyland-hotel/la-table-de-lumiere
2026-09-05,La Table de Lumière,Disneyland Hotel,H01R01_la-table-de-lumiere.pdf,1,9,Our selection of tonic Mineral Water,disneyland-hotel/la-table-de-lumiere
2026-09-05,La Table de Lumière,Disneyland Hotel,H01R01_la-table-de-lumiere.pdf,1,13,cl cl,disneyland-hotel/la-table-de-lumiere
2026-09-05,La Table de Lumière,Disneyland Hotel,H01R01_la-table-de-lumiere.pdf,1,9,Mineral Water bubbles,disneyland-hotel/la-table-de-lumiere
2026-09-05,La Table de Lumière,Disneyland Hotel,H01R01_la-table-de-lumiere.pdf,1,13,cl,disneyland-hotel/la-table-de-lumiere
2026-09-05,La Table de Lumière,Disneyland Hotel,H01R01_la-table-de-lumiere.pdf,1,25,Celebrate your Birthday with us. Don’t forget to order your birthday dessert partir de personnes Dessert to share for or,disneyland-hotel/la-table-de-lumiere
2026-09-05,La Table de Lumière,Disneyland Hotel,H01R01_la-table-de-lumiere.pdf,1,45,partir de personnes Dessert to share for or more people partir de personnes Dessert to share for or more people,disneyland-hotel/la-table-de-lumiere
2026-09-05,Royal Banquet,Disneyland Hotel,H01R02_royal-banquet.pdf,1,45,,disneyland-hotel/royal-banquet
2026-09-05,Royal Banquet,Disneyland Hotel,H01R02_royal-banquet.pdf,1,36,,disneyland-hotel/royal-banquet
2026-09-05,Royal Banquet,Disneyland Hotel,H01R02_royal-banquet.pdf,1,25,meal! (Dessert for up to people) personnes Dessert to share for or more people,disneyland-hotel/royal-banquet
2026-09-05,Royal Banquet,Disneyland Hotel,H01R02_royal-banquet.pdf,1,45,personnes Dessert to share for or more people personnes Dessert to share for or more people,disneyland-hotel/royal-banquet
2026-09-05,Royal Banquet,Disneyland Hotel,H01R02_royal-banquet.pdf,1,19,White Wine “Grossi Laüe” Famille Hugel,disneyland-hotel/royal-banquet
2026-09-05,Royal Banquet,Disneyland Hotel,H01R02_royal-banquet.pdf,1,82,Wine Famille Hugel,disneyland-hotel/royal-banquet
2026-09-05,Royal Banquet,Disneyland Hotel,H01R02_royal-banquet.pdf,1,15,“Grossi Laüe” Famille Hugel national de Chambord,disneyland-hotel/royal-banquet
2026-09-05,Royal Banquet,Disneyland Hotel,H01R02_royal-banquet.pdf,1,68,Famille Hugel de Chambord,disneyland-hotel/royal-banquet
2026-09-05,Royal Banquet,Disneyland Hotel,H01R02_royal-banquet.pdf,1,10,Romorantin Bio Paris AOP La Clape,disneyland-hotel/royal-banquet
2026-09-05,Royal Banquet,Disneyland Hotel,H01R02_royal-banquet.pdf,1,45,de Chambord Clape,disneyland-hotel/royal-banquet
2026-09-05,Royal Banquet,Disneyland Hotel,H01R02_royal-banquet.pdf,1,17,Red Wine Grand Cru Château Capet-Guillier,disneyland-hotel/royal-banquet
2026-09-05,Royal Banquet,Disneyland Hotel,H01R02_royal-banquet.pdf,1,77,Wine Château Capet-Guillier,disneyland-hotel/royal-banquet
2026-09-05,Royal Banquet,Disneyland Hotel,H01R02_royal-banquet.pdf,1,15,Grand Cru Château Capet-Guillier Clos des Rois,disneyland-hotel/royal-banquet
2026-09-05,Royal Banquet,Disneyland Hotel,H01R02_royal-banquet.pdf,1,68,Château Capet-Guillier Rois,disneyland-hotel/royal-banquet
2026-09-05,Royal Banquet,Disneyland Hotel,H01R02_royal-banquet.pdf,1,10,Clos des Rois Paris AOP La Clape,disneyland-hotel/royal-banquet
2026-09-05,Royal Banquet,Disneyland Hotel,H01R02_royal-banquet.pdf,1,45,Rois Clape,disneyland-hotel/royal-banquet
2026-09-05,Royal Banquet,Disneyland Hotel,H01R02_royal-banquet.pdf,1,100,that a specific Disney Character will be there.,disneyland-hotel/royal-banquet
2026-09-05,Royal Banquet,Disneyland Hotel,H01R02_royal-banquet.pdf,1,13,Rosé Wine Rose et Or Château Minuty,disneyland-hotel/royal-banquet
2026-09-05,Royal Banquet,Disneyland Hotel,H01R02_royal-banquet.pdf,1,59,cl Or Château Minuty,disneyland-hotel/royal-banquet
2026-09-05,Royal Banquet,Disneyland Hotel,H01R02_royal-banquet.pdf,1,13,Rose et Or Château Minuty Provence Roseblood d’Estoublon,disneyland-hotel/royal-banquet
2026-09-05,Royal Banquet,Disneyland Hotel,H01R02_royal-banquet.pdf,1,59,Or Château Minuty Roseblood d’Estoublon,disneyland-hotel/royal-banquet
2026-09-05,Royal Banquet,Disneyland Hotel,H01R02_royal-banquet.pdf,1,50,Menu,disneyland-hotel/royal-banquet
2026-09-05,Royal Banquet,Disneyland Hotel,H01R02_royal-banquet.pdf,1,9,cl Cold Drink,disneyland-hotel/royal-banquet
2026-09-05,Royal Banquet,Disneyland Hotel,H01R02_royal-banquet.pdf,1,9,Cold Drink,disneyland-hotel/royal-banquet
2026-09-05,Royal Banquet,Disneyland Hotel,H01R02_royal-banquet.pdf,1,9,SUCRES,disneyland-hotel/royal-banquet
2026-09-05,Royal Banquet,Disneyland Hotel,H01R02_royal-banquet.pdf,1,9,SUCRES,disneyland-hotel/royal-banquet
2026-09-05,Royal Banquet,Disneyland Hotel,H01R02_royal-banquet.pdf,1,9,Peach black tea,disneyland-hotel/royal-banquet
2026-09-05,Royal Banquet,Disneyland Hotel,H01R02_royal-banquet.pdf,1,8,Mineral Water,disneyland-hotel/royal-banquet
2026-09-05,Royal Banquet,Disneyland Hotel,H01R02_royal-banquet.pdf,1,12,cl Mineral Water,disneyland-hotel/royal-banquet
2026-09-05,Royal Banquet,Disneyland Hotel,H01R02_royal-banquet.pdf,1,9,Mineral Water,disneyland-hotel/royal-banquet
2026-09-05,Royal Banquet,Disneyland Hotel,H01R02_royal-banquet.pdf,1,13,Mineral Water,disneyland-hotel/royal-banquet
2026-09-05,Royal Banquet,Disneyland Hotel,H01R02_royal-banquet.pdf,1,9,Fine Bubbles,disneyland-hotel/royal-banquet
2026-09-05,Royal Banquet,Disneyland Hotel,H01R02_royal-banquet.pdf,1,13,,disneyland-hotel/royal-banquet
2026-09-05,Au Chalet de la Marionnette,Disneyland Park,P1NR02_au-chalet-de-la-marionnette.pdf,1,18,MENU SANS DESSERT et and Frites fries ou or Salade fraîcheur side salad,disneyland-park/au-chalet-de-la-marionnette
2026-09-05,Au Chalet de la Marionnette,Disneyland Park,P1NR02_au-chalet-de-la-marionnette.pdf,1,22,et and Burger du Chalet,disneyland-park/au-chalet-de-la-marionnette
2026-09-05,Au Chalet de la Marionnette,Disneyland Park,P1NR02_au-chalet-de-la-marionnette.pdf,1,17,Hot-dog du Chalet,disneyland-park/au-chalet-de-la-marionnette
2026-09-05,Au Chalet de la Marionnette,Disneyland Park,P1NR02_au-chalet-de-la-marionnette.pdf,1,16,Hot-dog du Chalet Burger végétal,disneyland-park/au-chalet-de-la-marionnette
2026-09-05,Au Chalet de la Marionnette,Disneyland Park,P1NR02_au-chalet-de-la-marionnette.pdf,1,16,Burger végétal Poulet rôti,disneyland-park/au-chalet-de-la-marionnette
2026-09-05,Au Chalet de la Marionnette,Disneyland Park,P1NR02_au-chalet-de-la-marionnette.pdf,1,15,Salade poulet,disneyland-park/au-chalet-de-la-marionnette
2026-09-05,Au Chalet de la Marionnette,Disneyland Park,P1NR02_au-chalet-de-la-marionnette.pdf,1,15,et and Salade poulet Salade vegan,disneyland-park/au-chalet-de-la-marionnette
2026-09-05,Au Chalet de la Marionnette,Disneyland Park,P1NR02_au-chalet-de-la-marionnette.pdf,1,10,MENU ENFANT KIDS’ MENU,disneyland-park/au-chalet-de-la-marionnette
2026-09-05,Au Chalet de la Marionnette,Disneyland Park,P1NR02_au-chalet-de-la-marionnette.pdf,1,10,MENU DISNEY CHECK DISNEY CHECK MENU,disneyland-park/au-chalet-de-la-marionnette
2026-09-05,Au Chalet de la Marionnette,Disneyland Park,P1NR02_au-chalet-de-la-marionnette.pdf,2,7,PAUSE SWEET,disneyland-park/au-chalet-de-la-marionnette
2026-09-05,Au Chalet de la Marionnette,Disneyland Park,P1NR02_au-chalet-de-la-marionnette.pdf,2,12,À LA CARTE Poulet rôti,disneyland-park/au-chalet-de-la-marionnette
2026-09-05,Au Chalet de la Marionnette,Disneyland Park,P1NR02_au-chalet-de-la-marionnette.pdf,2,15,À LA CARTE Poulet rôti Burger du Chalet,disneyland-park/au-chalet-de-la-marionnette
2026-09-05,Au Chalet de la Marionnette,Disneyland Park,P1NR02_au-chalet-de-la-marionnette.pdf,2,12,Chalet Hot Dog Burger végétal,disneyland-park/au-chalet-de-la-marionnette
2026-09-05,Au Chalet de la Marionnette,Disneyland Park,P1NR02_au-chalet-de-la-marionnette.pdf,2,12,Plant-based burger Salade salad,disneyland-park/au-chalet-de-la-marionnette
2026-09-05,Au Chalet de la Marionnette,Disneyland Park,P1NR02_au-chalet-de-la-marionnette.pdf,2,12,Salade salad Salade poulet,disneyland-park/au-chalet-de-la-marionnette
2026-09-05,Au Chalet de la Marionnette,Disneyland Park,P1NR02_au-chalet-de-la-marionnette.pdf,2,5,Bretzel au fromage1,disneyland-park/au-chalet-de-la-marionnette
2026-09-05,Au Chalet de la Marionnette,Disneyland Park,P1NR02_au-chalet-de-la-marionnette.pdf,2,5,DESSERTS Dessert Mickey1,disneyland-park/au-chalet-de-la-marionnette
2026-09-05,Au Chalet de la Marionnette,Disneyland Park,P1NR02_au-chalet-de-la-marionnette.pdf,2,4,DESSERTS Dessert Mickey1 Magnum®,disneyland-park/au-chalet-de-la-marionnette
2026-09-05,Au Chalet de la Marionnette,Disneyland Park,P1NR02_au-chalet-de-la-marionnette.pdf,2,5,Premium cl,disneyland-park/au-chalet-de-la-marionnette
2026-09-05,Au Chalet de la Marionnette,Disneyland Park,P1NR02_au-chalet-de-la-marionnette.pdf,2,5,Almond-chocolate L’accordéon de Geppetto1,disneyland-park/au-chalet-de-la-marionnette
2026-09-05,Au Chalet de la Marionnette,Disneyland Park,P1NR02_au-chalet-de-la-marionnette.pdf,2,4,Magnum® Vegan L’accordéon de Geppetto1,disneyland-park/au-chalet-de-la-marionnette
2026-09-05,Au Chalet de la Marionnette,Disneyland Park,P1NR02_au-chalet-de-la-marionnette.pdf,2,6,Magnum® Vegan Parfum pomme ou fraise cl cl,disneyland-park/au-chalet-de-la-marionnette
2026-09-05,Au Chalet de la Marionnette,Disneyland Park,P1NR02_au-chalet-de-la-marionnette.pdf,2,3,biscuit insert and blueberry compote Yaourt sur lit de fruit,disneyland-park/au-chalet-de-la-marionnette
2026-09-05,Au Chalet de la Marionnette,Disneyland Park,P1NR02_au-chalet-de-la-marionnette.pdf,2,4,Espresso Arabica Cappuccino Push Up Haribo®,disneyland-park/au-chalet-de-la-marionnette
2026-09-05,Au Chalet de la Marionnette,Disneyland Park,P1NR02_au-chalet-de-la-marionnette.pdf,2,4,Yoghurt on a fruit layer Sachet de fruit,disneyland-park/au-chalet-de-la-marionnette
2026-09-05,Au Chalet de la Marionnette,Disneyland Park,P1NR02_au-chalet-de-la-marionnette.pdf,2,4,Strawberry sauce Café au lait,disneyland-park/au-chalet-de-la-marionnette
2026-09-05,Au Chalet de la Marionnette,Disneyland Park,P1NR02_au-chalet-de-la-marionnette.pdf,2,4,Fruit bag Magnum®,disneyland-park/au-chalet-de-la-marionnette
2026-09-05,Au Chalet de la Marionnette,Disneyland Park,P1NR02_au-chalet-de-la-marionnette.pdf,2,6,Paille Mickey ou Minnie Straw Vanilla ice cream,disneyland-park/au-chalet-de-la-marionnette
2026-09-05,Au Chalet de la Marionnette,Disneyland Park,P1NR02_au-chalet-de-la-marionnette.pdf,2,7,Vanilla ice cream et boisson fraîche and a cold drink,disneyland-park/au-chalet-de-la-marionnette
2026-09-05,Au Chalet de la Marionnette,Disneyland Park,P1NR02_au-chalet-de-la-marionnette.pdf,2,15,et boisson fraîche and a cold drink Gobelet Tumbler,disneyland-park/au-chalet-de-la-marionnette
2026-09-05,Au Chalet de la Marionnette,Disneyland Park,P1NR02_au-chalet-de-la-marionnette.pdf,2,17,avec boisson fraîche ou granité Glace Mickey,disneyland-park/au-chalet-de-la-marionnette
2026-09-05,Au Chalet de la Marionnette,Disneyland Park,P1NR02_au-chalet-de-la-marionnette.pdf,2,15,Glace Mickey Saveur vanille Mug,disneyland-park/au-chalet-de-la-marionnette
2026-09-05,Au Chalet de la Marionnette,Disneyland Park,P1NR02_au-chalet-de-la-marionnette.pdf,2,17,avec boisson chaude with a hot drink Vanilla flavour,disneyland-park/au-chalet-de-la-marionnette
2026-09-05,Cable Car Bake Shop,Disneyland Park,P1MR00_cable-car-bake-shop.pdf,1,7,PAUSE GOÛTER,disneyland-park/cable-car-bake-shop
2026-09-05,Cable Car Bake Shop,Disneyland Park,P1MR00_cable-car-bake-shop.pdf,1,8,FOCACCIA1,disneyland-park/cable-car-bake-shop
2026-09-05,Cable Car Bake Shop,Disneyland Park,P1MR00_cable-car-bake-shop.pdf,1,6,GOLDEN GATE CHEESECAKE1,disneyland-park/cable-car-bake-shop
2026-09-05,Cable Car Bake Shop,Disneyland Park,P1MR00_cable-car-bake-shop.pdf,1,15,,disneyland-park/cable-car-bake-shop
2026-09-05,Cable Car Bake Shop,Disneyland Park,P1MR00_cable-car-bake-shop.pdf,1,6,MICKEY,disneyland-park/cable-car-bake-shop
2026-09-05,Café de la Brousse,Disneyland Park,P1AR01_cafe-de-la-brousse.pdf,1,13,Menu,disneyland-park/cafe-de-la-brousse
2026-09-05,Café de la Brousse,Disneyland Park,P1AR01_cafe-de-la-brousse.pdf,1,8,Bouchées de poulet croustillantes sauce ketchup ou mayonnaise,disneyland-park/cafe-de-la-brousse
2026-09-05,Café de la Brousse,Disneyland Park,P1AR01_cafe-de-la-brousse.pdf,1,6,fraîche Empreinte de Lion,disneyland-park/cafe-de-la-brousse
2026-09-05,Café de la Brousse,Disneyland Park,P1AR01_cafe-de-la-brousse.pdf,1,6,Empreinte de Lion Patte Choco-Coco,disneyland-park/cafe-de-la-brousse
2026-09-05,Café de la Brousse,Disneyland Park,P1AR01_cafe-de-la-brousse.pdf,1,6,cl cl,disneyland-park/cafe-de-la-brousse
2026-09-05,Café de la Brousse,Disneyland Park,P1AR01_cafe-de-la-brousse.pdf,1,50,décongelé excepté espresso Nous n’acceptons pas les coupures au-delà de,disneyland-park/cafe-de-la-brousse
2026-09-05,Café de la Brousse,Disneyland Park,P1AR01_cafe-de-la-brousse.pdf,1,50,produit décongelé excepté espresso Nous n’acceptons pas les coupures au-delà defrosted product except espresso We do not,disneyland-park/cafe-de-la-brousse
2026-09-05,Casey's Corner,Disneyland Park,P1MR01_caseys-corner.pdf,1,12,Salade Vegan,disneyland-park/caseys-corner
2026-09-05,Casey's Corner,Disneyland Park,P1MR01_caseys-corner.pdf,1,7,Sauce Mayonnaise ou/or ketchup PPaauussee GGooûûtteerr,disneyland-park/caseys-corner
2026-09-05,Casey's Corner,Disneyland Park,P1MR01_caseys-corner.pdf,1,5,DDeesssseerrtt MMiicckkeeyy22,disneyland-park/caseys-corner
2026-09-05,Casey's Corner,Disneyland Park,P1MR01_caseys-corner.pdf,1,4,Amande Almond,disneyland-park/caseys-corner
2026-09-05,Casey's Corner,Disneyland Park,P1MR01_caseys-corner.pdf,1,4,Amande Vegan Almond Almond,disneyland-park/caseys-corner
2026-09-05,Casey's Corner,Disneyland Park,P1MR01_caseys-corner.pdf,1,4,Magnum® La Pistache,disneyland-park/caseys-corner
2026-09-05,Colonel Hathi’s Pizza Outpost,Disneyland Park,P1AR03_colonel-hathis-pizza-outpost.pdf,1,17,MENU PIZZA,disneyland-park/colonel-hathis-pizza-outpost
2026-09-05,Colonel Hathi’s Pizza Outpost,Disneyland Park,P1AR03_colonel-hathis-pizza-outpost.pdf,1,7,PAUSE GOÛTER,disneyland-park/colonel-hathis-pizza-outpost
2026-09-05,Colonel Hathi’s Pizza Outpost,Disneyland Park,P1AR03_colonel-hathis-pizza-outpost.pdf,1,12,FROMAGES 4-CHEESE MICKEY'S PIZZA,disneyland-park/colonel-hathis-pizza-outpost
2026-09-05,Colonel Hathi’s Pizza Outpost,Disneyland Park,P1AR03_colonel-hathis-pizza-outpost.pdf,1,12,PEPPERONI PEPPERONI MICKEY'S PIZZA,disneyland-park/colonel-hathis-pizza-outpost
2026-09-05,Colonel Hathi’s Pizza Outpost,Disneyland Park,P1AR03_colonel-hathis-pizza-outpost.pdf,1,15,PEPPERONI MICKEY'S PIZZA BASMATI ET NAAN,disneyland-park/colonel-hathis-pizza-outpost
2026-09-05,Colonel Hathi’s Pizza Outpost,Disneyland Park,P1AR03_colonel-hathis-pizza-outpost.pdf,1,15,BAZMATI RICE AND NAAN BASMATI ET NAAN,disneyland-park/colonel-hathis-pizza-outpost
2026-09-05,Colonel Hathi’s Pizza Outpost,Disneyland Park,P1AR03_colonel-hathis-pizza-outpost.pdf,1,18,MENU,disneyland-park/colonel-hathis-pizza-outpost
2026-09-05,Colonel Hathi’s Pizza Outpost,Disneyland Park,P1AR03_colonel-hathis-pizza-outpost.pdf,1,6,PIÈCES) NAPOLITAINE,disneyland-park/colonel-hathis-pizza-outpost
2026-09-05,Colonel Hathi’s Pizza Outpost,Disneyland Park,P1AR03_colonel-hathis-pizza-outpost.pdf,1,6,NAPOLITAINE KIDS' MICKEY'S PIZZA,disneyland-park/colonel-hathis-pizza-outpost
2026-09-05,Colonel Hathi’s Pizza Outpost,Disneyland Park,P1AR03_colonel-hathis-pizza-outpost.pdf,1,3,MANGO FRUIT,disneyland-park/colonel-hathis-pizza-outpost
2026-09-05,Colonel Hathi’s Pizza Outpost,Disneyland Park,P1AR03_colonel-hathis-pizza-outpost.pdf,1,4,FRUIT BAG,disneyland-park/colonel-hathis-pizza-outpost
2026-09-05,Colonel Hathi’s Pizza Outpost,Disneyland Park,P1AR03_colonel-hathis-pizza-outpost.pdf,1,4,"PARFUMS FRAMBOISE, ORANGE ET PÊCHE FLAVOURS",disneyland-park/colonel-hathis-pizza-outpost
2026-09-05,Colonel Hathi’s Pizza Outpost,Disneyland Park,P1AR03_colonel-hathis-pizza-outpost.pdf,1,4,FLAVOURS ALMOND,disneyland-park/colonel-hathis-pizza-outpost
2026-09-05,Colonel Hathi’s Pizza Outpost,Disneyland Park,P1AR03_colonel-hathis-pizza-outpost.pdf,1,4,ARABICA WITH MILK,disneyland-park/colonel-hathis-pizza-outpost
2026-09-05,Colonel Hathi’s Pizza Outpost,Disneyland Park,P1AR03_colonel-hathis-pizza-outpost.pdf,1,4,WITH MILK,disneyland-park/colonel-hathis-pizza-outpost
2026-09-05,Colonel Hathi’s Pizza Outpost,Disneyland Park,P1AR03_colonel-hathis-pizza-outpost.pdf,1,10,ENFANT KIDS’ MENU,disneyland-park/colonel-hathis-pizza-outpost
2026-09-05,Colonel Hathi’s Pizza Outpost,Disneyland Park,P1AR03_colonel-hathis-pizza-outpost.pdf,1,5,DRAUGHT PREMIUM,disneyland-park/colonel-hathis-pizza-outpost
2026-09-05,Colonel Hathi’s Pizza Outpost,Disneyland Park,P1AR03_colonel-hathis-pizza-outpost.pdf,1,6,MINNIE MICKEY OR MINNIE STRAW,disneyland-park/colonel-hathis-pizza-outpost
2026-09-05,Colonel Hathi’s Pizza Outpost,Disneyland Park,P1AR03_colonel-hathis-pizza-outpost.pdf,1,7,FRAÎCHE AND A TCOLD DRINK,disneyland-park/colonel-hathis-pizza-outpost
2026-09-05,Colonel Hathi’s Pizza Outpost,Disneyland Park,P1AR03_colonel-hathis-pizza-outpost.pdf,1,15,FRAÎCHE AND A TCOLD DRINK,disneyland-park/colonel-hathis-pizza-outpost
2026-09-05,Colonel Hathi’s Pizza Outpost,Disneyland Park,P1AR03_colonel-hathis-pizza-outpost.pdf,1,17,CHAUDE WITH A HOT DRINK,disneyland-park/colonel-hathis-pizza-outpost
2026-09-05,Colonel Hathi’s Pizza Outpost,Disneyland Park,P1AR03_colonel-hathis-pizza-outpost.pdf,1,15,CHAUDE WITH A HOT DRINK,disneyland-park/colonel-hathis-pizza-outpost
2026-09-05,Colonel Hathi’s Pizza Outpost,Disneyland Park,P1AR03_colonel-hathis-pizza-outpost.pdf,1,17,WITH A HOT DRINK FRAÎCHE WITH A COLD DRINK,disneyland-park/colonel-hathis-pizza-outpost
2026-09-05,Coolpost,Disneyland Park,P1AR05_cool-post.pdf,1,50,décongelé Nous n’acceptons pas les coupures au-delà de,disneyland-park/cool-post
2026-09-05,Coolpost,Disneyland Park,P1AR05_cool-post.pdf,1,50,defrosted product We do not accept notes over,disneyland-park/cool-post
2026-09-05,Coolpost,Disneyland Park,P1AR05_cool-post.pdf,1,4,Magnum®,disneyland-park/cool-post
2026-09-05,Coolpost,Disneyland Park,P1AR05_cool-post.pdf,1,4,Hot chocolate,disneyland-park/cool-post
2026-09-05,Coolpost,Disneyland Park,P1AR05_cool-post.pdf,1,4,Arabica Coff ee Coff ee with milk,disneyland-park/cool-post
2026-09-05,Coolpost,Disneyland Park,P1AR05_cool-post.pdf,1,15,Mug,disneyland-park/cool-post
2026-09-05,Coolpost,Disneyland Park,P1AR05_cool-post.pdf,1,15,Minnie avec pop-corn sucré,disneyland-park/cool-post
2026-09-05,Coolpost,Disneyland Park,P1AR05_cool-post.pdf,1,17,Mug chaude and a hot drink,disneyland-park/cool-post
2026-09-05,Coolpost,Disneyland Park,P1AR05_cool-post.pdf,1,15,chaude and a hot drink,disneyland-park/cool-post
2026-09-05,Coolpost,Disneyland Park,P1AR05_cool-post.pdf,1,6,popcorn Minnie Straw,disneyland-park/cool-post
2026-09-05,Coolpost,Disneyland Park,P1AR05_cool-post.pdf,1,17,fraîche with a cold drink,disneyland-park/cool-post
2026-09-05,Coolpost,Disneyland Park,P1AR05_cool-post.pdf,1,7,Minnie Straw fraîche and a cold drink,disneyland-park/cool-post
2026-09-05,Coolpost,Disneyland Park,P1AR05_cool-post.pdf,1,15,fraîche with a cold drink,disneyland-park/cool-post
2026-09-05,Coolpost,Disneyland Park,P1AR05_cool-post.pdf,1,15,fraîche and a cold drink Sipper,disneyland-park/cool-post
2026-09-05,Coolpost,Disneyland Park,P1AR05_cool-post.pdf,1,17,chaude with a hot drink,disneyland-park/cool-post
2026-09-05,Coolpost,Disneyland Park,P1AR05_cool-post.pdf,1,17,Sipper fraîche and a cold drink,disneyland-park/cool-post
2026-09-05,Cowboy Cookout Barbecue,Disneyland Park,P1RR00_cowboy-cookout-barbecue.pdf,1,18,LE BBQ DU SHÉRIF,disneyland-park/cowboy-cookout-barbecue
2026-09-05,Cowboy Cookout Barbecue,Disneyland Park,P1RR00_cowboy-cookout-barbecue.pdf,1,16,SAUCISSES DE PORC,disneyland-park/cowboy-cookout-barbecue
2026-09-05,Cowboy Cookout Barbecue,Disneyland Park,P1RR00_cowboy-cookout-barbecue.pdf,1,16,POULET FUMÉ,disneyland-park/cowboy-cookout-barbecue
2026-09-05,Cowboy Cookout Barbecue,Disneyland Park,P1RR00_cowboy-cookout-barbecue.pdf,1,17,PREMIUM CHEESEBURGER,disneyland-park/cowboy-cookout-barbecue
2026-09-05,Cowboy Cookout Barbecue,Disneyland Park,P1RR00_cowboy-cookout-barbecue.pdf,1,17,VÉGÉTAL,disneyland-park/cowboy-cookout-barbecue
2026-09-05,Cowboy Cookout Barbecue,Disneyland Park,P1RR00_cowboy-cookout-barbecue.pdf,1,15,SALADE VEGAN,disneyland-park/cowboy-cookout-barbecue
2026-09-05,Cowboy Cookout Barbecue,Disneyland Park,P1RR00_cowboy-cookout-barbecue.pdf,1,15,SALADE POULET,disneyland-park/cowboy-cookout-barbecue
2026-09-05,Cowboy Cookout Barbecue,Disneyland Park,P1RR00_cowboy-cookout-barbecue.pdf,1,10,ENFANT KIDS MENU,disneyland-park/cowboy-cookout-barbecue
2026-09-05,Cowboy Cookout Barbecue,Disneyland Park,P1RR00_cowboy-cookout-barbecue.pdf,1,10,"mmeelltteedd cchheeddddaarr cchheeeessee,, ttoommaattooee Vache qui rit® cheese sauce",disneyland-park/cowboy-cookout-barbecue
2026-09-05,Cowboy Cookout Barbecue,Disneyland Park,P1RR00_cowboy-cookout-barbecue.pdf,2,7,PAUSE GOÛTER SWEET BREAK,disneyland-park/cowboy-cookout-barbecue
2026-09-05,Cowboy Cookout Barbecue,Disneyland Park,P1RR00_cowboy-cookout-barbecue.pdf,2,12,porc grillées,disneyland-park/cowboy-cookout-barbecue
2026-09-05,Cowboy Cookout Barbecue,Disneyland Park,P1RR00_cowboy-cookout-barbecue.pdf,2,12,porc grillées sausages,disneyland-park/cowboy-cookout-barbecue
2026-09-05,Cowboy Cookout Barbecue,Disneyland Park,P1RR00_cowboy-cookout-barbecue.pdf,2,13,chicken,disneyland-park/cowboy-cookout-barbecue
2026-09-05,Cowboy Cookout Barbecue,Disneyland Park,P1RR00_cowboy-cookout-barbecue.pdf,2,13,fumé,disneyland-park/cowboy-cookout-barbecue
2026-09-05,Cowboy Cookout Barbecue,Disneyland Park,P1RR00_cowboy-cookout-barbecue.pdf,2,12,ribs cheeseburger,disneyland-park/cowboy-cookout-barbecue
2026-09-05,Cowboy Cookout Barbecue,Disneyland Park,P1RR00_cowboy-cookout-barbecue.pdf,2,12,cheeseburger,disneyland-park/cowboy-cookout-barbecue
2026-09-05,Cowboy Cookout Barbecue,Disneyland Park,P1RR00_cowboy-cookout-barbecue.pdf,2,12,burger,disneyland-park/cowboy-cookout-barbecue
2026-09-05,Cowboy Cookout Barbecue,Disneyland Park,P1RR00_cowboy-cookout-barbecue.pdf,2,12,,disneyland-park/cowboy-cookout-barbecue
2026-09-05,Cowboy Cookout Barbecue,Disneyland Park,P1RR00_cowboy-cookout-barbecue.pdf,2,4,Arabica Coffee Coffee with milk,disneyland-park/cowboy-cookout-barbecue
2026-09-05,Cowboy Cookout Barbecue,Disneyland Park,P1RR00_cowboy-cookout-barbecue.pdf,2,4,Coffee with milk,disneyland-park/cowboy-cookout-barbecue
2026-09-05,Cowboy Cookout Barbecue,Disneyland Park,P1RR00_cowboy-cookout-barbecue.pdf,2,6,Minnie Straw,disneyland-park/cowboy-cookout-barbecue
2026-09-05,Cowboy Cookout Barbecue,Disneyland Park,P1RR00_cowboy-cookout-barbecue.pdf,2,7,Minnie Straw and a cold drink,disneyland-park/cowboy-cookout-barbecue
2026-09-05,Cowboy Cookout Barbecue,Disneyland Park,P1RR00_cowboy-cookout-barbecue.pdf,2,7,SANGRIA,disneyland-park/cowboy-cookout-barbecue
2026-09-05,Cowboy Cookout Barbecue,Disneyland Park,P1RR00_cowboy-cookout-barbecue.pdf,2,15,and a cold drink,disneyland-park/cowboy-cookout-barbecue
2026-09-05,Cowboy Cookout Barbecue,Disneyland Park,P1RR00_cowboy-cookout-barbecue.pdf,2,17,fraîche with a cold drink,disneyland-park/cowboy-cookout-barbecue
2026-09-05,Cowboy Cookout Barbecue,Disneyland Park,P1RR00_cowboy-cookout-barbecue.pdf,2,15,fraîche with a cold drink,disneyland-park/cowboy-cookout-barbecue
2026-09-05,Cowboy Cookout Barbecue,Disneyland Park,P1RR00_cowboy-cookout-barbecue.pdf,2,17,chaude with a hot drink,disneyland-park/cowboy-cookout-barbecue
2026-09-05,Cowboy Cookout Barbecue,Disneyland Park,P1RR00_cowboy-cookout-barbecue.pdf,2,5,MMMMaaaaccccaaaarrrroooonnnn aaaauuuuxxxx nnnnooooiiiixxxx ddddeeee ppppééééccccaaaannnn1,disneyland-park/cowboy-cookout-barbecue
2026-09-05,Cowboy Cookout Barbecue,Disneyland Park,P1RR00_cowboy-cookout-barbecue.pdf,2,5,PPPPeeeeccccaaaannnn nnnnuuuuttttssss mmmmaaaaccccaaaarrrroooonnnn1,disneyland-park/cowboy-cookout-barbecue
2026-09-05,Cowboy Cookout Barbecue,Disneyland Park,P1RR00_cowboy-cookout-barbecue.pdf,2,3,Chocolate mousse and sponge cake fruit,disneyland-park/cowboy-cookout-barbecue
2026-09-05,Cowboy Cookout Barbecue,Disneyland Park,P1RR00_cowboy-cookout-barbecue.pdf,2,4,fruit fruit layer,disneyland-park/cowboy-cookout-barbecue
2026-09-05,Critter Corral,Disneyland Park,P1RR05_critter-corral.pdf,1,12,MENU,disneyland-park/critter-corral
2026-09-05,Critter Corral,Disneyland Park,P1RR05_critter-corral.pdf,1,4,Cappuccino,disneyland-park/critter-corral
2026-09-05,Critter Corral,Disneyland Park,P1RR05_critter-corral.pdf,1,4,Coff ee with milk lait,disneyland-park/critter-corral
2026-09-05,Critter Corral,Disneyland Park,P1RR05_critter-corral.pdf,1,50,décongelé Nous n’acceptons pas les coupures au-delà de,disneyland-park/critter-corral
2026-09-05,Critter Corral,Disneyland Park,P1RR05_critter-corral.pdf,1,50,produit décongelé Nous n’acceptons pas les coupures au-delà Tax included defrosted product We do not accept notes over,disneyland-park/critter-corral
2026-09-05,Critter Corral,Disneyland Park,P1RR05_critter-corral.pdf,1,8,PAUSE GOÛTER,disneyland-park/critter-corral
2026-09-05,Critter Corral,Disneyland Park,P1RR05_critter-corral.pdf,1,6,Pa(cid:31) e choco-coco,disneyland-park/critter-corral
2026-09-05,Critter Corral,Disneyland Park,P1RR05_critter-corral.pdf,1,6,Chocolate-coco Empreinte de Lion,disneyland-park/critter-corral
2026-09-05,Critter Corral,Disneyland Park,P1RR05_critter-corral.pdf,1,15,Mug Simba,disneyland-park/critter-corral
2026-09-05,Critter Corral,Disneyland Park,P1RR05_critter-corral.pdf,1,15,SOUVENIRS Gourde Simba,disneyland-park/critter-corral
2026-09-05,Critter Corral,Disneyland Park,P1RR05_critter-corral.pdf,1,15,Seau Mickey ou Minnie avec pop-corn sucré,disneyland-park/critter-corral
2026-09-05,Critter Corral,Disneyland Park,P1RR05_critter-corral.pdf,1,17,Simba mug avec boisson chaude,disneyland-park/critter-corral
2026-09-05,Critter Corral,Disneyland Park,P1RR05_critter-corral.pdf,1,17,Simba sipper avec boisson fraîche,disneyland-park/critter-corral
2026-09-05,The Gibson Girl Ice Cream Parlour,Disneyland Park,P1MR04_gibson-girl-ice-cream-parlour.pdf,1,9,Pause Glacée Icy break,disneyland-park/gibson-girl-ice-cream-parlour
2026-09-05,The Gibson Girl Ice Cream Parlour,Disneyland Park,P1MR04_gibson-girl-ice-cream-parlour.pdf,1,1,hazelnut flavour Supplément topping Extra topping:,disneyland-park/gibson-girl-ice-cream-parlour
2026-09-05,The Gibson Girl Ice Cream Parlour,Disneyland Park,P1MR04_gibson-girl-ice-cream-parlour.pdf,2,7,PPaauussee GGooûûtteerr Sweet break,disneyland-park/gibson-girl-ice-cream-parlour
2026-09-05,The Gibson Girl Ice Cream Parlour,Disneyland Park,P1MR04_gibson-girl-ice-cream-parlour.pdf,2,6,Straw Paille Mickey ou Minnie,disneyland-park/gibson-girl-ice-cream-parlour
2026-09-05,The Gibson Girl Ice Cream Parlour,Disneyland Park,P1MR04_gibson-girl-ice-cream-parlour.pdf,2,7,Paille Mickey ou Minnie et boisson fraîche and a cold drink,disneyland-park/gibson-girl-ice-cream-parlour
2026-09-05,The Gibson Girl Ice Cream Parlour,Disneyland Park,P1MR04_gibson-girl-ice-cream-parlour.pdf,2,15,Arabica Mug,disneyland-park/gibson-girl-ice-cream-parlour
2026-09-05,The Gibson Girl Ice Cream Parlour,Disneyland Park,P1MR04_gibson-girl-ice-cream-parlour.pdf,2,17,Coffee avec boisson chaude with a hot drink,disneyland-park/gibson-girl-ice-cream-parlour
2026-09-05,The Gibson Girl Ice Cream Parlour,Disneyland Park,P1MR04_gibson-girl-ice-cream-parlour.pdf,2,4,Café Arabica Café au lait Coffee with milk,disneyland-park/gibson-girl-ice-cream-parlour
2026-09-05,The Gibson Girl Ice Cream Parlour,Disneyland Park,P1MR04_gibson-girl-ice-cream-parlour.pdf,2,4,Café au lait Coffee with milk Cappuccino,disneyland-park/gibson-girl-ice-cream-parlour
2026-09-05,The Gibson Girl Ice Cream Parlour,Disneyland Park,P1MR04_gibson-girl-ice-cream-parlour.pdf,2,15,milk Gobelet Tumbler,disneyland-park/gibson-girl-ice-cream-parlour
2026-09-05,The Gibson Girl Ice Cream Parlour,Disneyland Park,P1MR04_gibson-girl-ice-cream-parlour.pdf,2,17,Gobelet Tumbler chocolate avec boisson fraîche with a cold drink,disneyland-park/gibson-girl-ice-cream-parlour
2026-09-05,The Gibson Girl Ice Cream Parlour,Disneyland Park,P1MR04_gibson-girl-ice-cream-parlour.pdf,2,20,tea Flûte Collector,disneyland-park/gibson-girl-ice-cream-parlour
2026-09-05,The Ice Cream Company,Disneyland Park,P1MR05_ice-cream-company.pdf,1,7,"pop-corn coloré, toppings et cornet gaufre,",disneyland-park/ice-cream-company
2026-09-05,The Ice Cream Company,Disneyland Park,P1MR05_ice-cream-company.pdf,1,7,,disneyland-park/ice-cream-company
2026-09-05,The Ice Cream Company,Disneyland Park,P1MR05_ice-cream-company.pdf,1,5,"parfum vanille, de myrtille,",disneyland-park/ice-cream-company
2026-09-05,The Ice Cream Company,Disneyland Park,P1MR05_ice-cream-company.pdf,1,5,Chocolate Fudge Cookies Brownie Dough,disneyland-park/ice-cream-company
2026-09-05,The Ice Cream Company,Disneyland Park,P1MR05_ice-cream-company.pdf,1,5,Vanille Noix de Pécan Cookie Vanilla Pecan Blondie,disneyland-park/ice-cream-company
2026-09-05,The Ice Cream Company,Disneyland Park,P1MR05_ice-cream-company.pdf,1,5,Vanilla Pecan Arabica,disneyland-park/ice-cream-company
2026-09-05,March Hare Refreshments,Disneyland Park,P1NR04_march-hare-refreshments.pdf,1,50,de pomme /Orange or apple juice Prix nets Nous n’acceptons pas les coupures au-delà de,disneyland-park/march-hare-refreshments
2026-09-05,March Hare Refreshments,Disneyland Park,P1NR04_march-hare-refreshments.pdf,1,50,Prix nets Nous n’acceptons pas les coupures au-delà Tax included We do not accept notes over,disneyland-park/march-hare-refreshments
2026-09-05,Plaza Gardens,Disneyland Park,P1MR08_plaza-gardens-restaurant.pdf,1,80,Adulte Adult,disneyland-park/plaza-gardens-restaurant
2026-09-05,Plaza Gardens,Disneyland Park,P1MR08_plaza-gardens-restaurant.pdf,1,40,Enfant Kids’,disneyland-park/plaza-gardens-restaurant
2026-09-05,Plaza Gardens,Disneyland Park,P1MR08_plaza-gardens-restaurant.pdf,1,25,personnes Birthday,disneyland-park/plaza-gardens-restaurant
2026-09-05,Plaza Gardens,Disneyland Park,P1MR08_plaza-gardens-restaurant.pdf,1,45,début de repas personnes personnes,disneyland-park/plaza-gardens-restaurant
2026-09-05,Plaza Gardens,Disneyland Park,P1MR08_plaza-gardens-restaurant.pdf,1,5,"FuzeTea Pêche Intense Peach Black Tea. Jus d’orange, de pomme /Orange, apple juice",disneyland-park/plaza-gardens-restaurant
2026-09-05,Plaza Gardens,Disneyland Park,P1MR08_plaza-gardens-restaurant.pdf,1,8,Grimbergen d’Abbaye blanche.......................... Brooklyn East IPA...........................................,disneyland-park/plaza-gardens-restaurant
2026-09-05,Plaza Gardens,Disneyland Park,P1MR08_plaza-gardens-restaurant.pdf,1,28,VINS EN BOUTEILLE BOTTLED WINE BOUTEILLE DE VIN DU MOMENT,disneyland-park/plaza-gardens-restaurant
2026-09-05,Plaza Gardens,Disneyland Park,P1MR08_plaza-gardens-restaurant.pdf,1,32,BLANCS WHITE IGP Cité de Carcassonne Gérard Bertrand Chardonnay,disneyland-park/plaza-gardens-restaurant
2026-09-05,Plaza Gardens,Disneyland Park,P1MR08_plaza-gardens-restaurant.pdf,1,4,Double Espresso Arabica Café Arabica Coffee,disneyland-park/plaza-gardens-restaurant
2026-09-05,Plaza Gardens,Disneyland Park,P1MR08_plaza-gardens-restaurant.pdf,1,43,IGP Cité de Carcassonne Gérard Bertrand Chardonnay AOC Chablis La Pierrelée La Chablisienne,disneyland-park/plaza-gardens-restaurant
2026-09-05,Plaza Gardens,Disneyland Park,P1MR08_plaza-gardens-restaurant.pdf,1,38,Cuvée Disneyland® Paris AOP La Clape Château L’Hospitalet Bio Demeter,disneyland-park/plaza-gardens-restaurant
2026-09-05,Plaza Gardens,Disneyland Park,P1MR08_plaza-gardens-restaurant.pdf,1,5,Cappuccino. Chocolat chaud Hot Chocolate.,disneyland-park/plaza-gardens-restaurant
2026-09-05,Plaza Gardens,Disneyland Park,P1MR08_plaza-gardens-restaurant.pdf,1,49,U.S.A. Diamond Collection Francis Coppola Sauvignon blanc,disneyland-park/plaza-gardens-restaurant
2026-09-05,Plaza Gardens,Disneyland Park,P1MR08_plaza-gardens-restaurant.pdf,1,4,"Chocolat chaud Hot Chocolate. Thé, Infusion Tea, Herbal Tea.",disneyland-park/plaza-gardens-restaurant
2026-09-05,Plaza Gardens,Disneyland Park,P1MR08_plaza-gardens-restaurant.pdf,1,32,ROUGES RED IGP Cité de Carcassonne Gérard Bertrand Merlot,disneyland-park/plaza-gardens-restaurant
2026-09-05,Plaza Gardens,Disneyland Park,P1MR08_plaza-gardens-restaurant.pdf,1,38,AOC Bordeaux Mouton Cadet Baron Philippe de Rothschild..........................................,disneyland-park/plaza-gardens-restaurant
2026-09-05,Plaza Gardens,Disneyland Park,P1MR08_plaza-gardens-restaurant.pdf,1,35,Cuvée Disneyland® Paris AOP La Clape Château L’Hospitalet Bio Demeter,disneyland-park/plaza-gardens-restaurant
2026-09-05,Plaza Gardens,Disneyland Park,P1MR08_plaza-gardens-restaurant.pdf,1,34,Château L’Hospitalet Bio Demeter IGP Méditerranée La Réserve Estoublon Bio,disneyland-park/plaza-gardens-restaurant
2026-09-05,Plaza Gardens,Disneyland Park,P1MR08_plaza-gardens-restaurant.pdf,1,46,IGP Méditerranée La Réserve Estoublon Bio U.S.A. Diamond Collection Francis Coppola Zinfandel,disneyland-park/plaza-gardens-restaurant
2026-09-05,Plaza Gardens,Disneyland Park,P1MR08_plaza-gardens-restaurant.pdf,1,32,ROSÉS IGP Pays d’Oc Gris Blanc.,disneyland-park/plaza-gardens-restaurant
2026-09-05,Plaza Gardens,Disneyland Park,P1MR08_plaza-gardens-restaurant.pdf,1,36,IGP Pays d’Oc Gris Blanc. AOP Côtes de Provence Minuty Prestige rosé,disneyland-park/plaza-gardens-restaurant
2026-09-05,Plaza Gardens,Disneyland Park,P1MR08_plaza-gardens-restaurant.pdf,2,45,Adulte Adult,disneyland-park/plaza-gardens-restaurant
2026-09-05,Plaza Gardens,Disneyland Park,P1MR08_plaza-gardens-restaurant.pdf,2,25,Enfant Kids’,disneyland-park/plaza-gardens-restaurant
2026-09-05,Plaza Gardens,Disneyland Park,P1MR08_plaza-gardens-restaurant.pdf,2,25,Birthday Celebrate your with us.,disneyland-park/plaza-gardens-restaurant
2026-09-05,Plaza Gardens,Disneyland Park,P1MR08_plaza-gardens-restaurant.pdf,2,45,personnes us.,disneyland-park/plaza-gardens-restaurant
2026-09-05,Plaza Gardens,Disneyland Park,P1MR08_plaza-gardens-restaurant.pdf,2,5,"FuzeTea Pêche Intense Peach Black Tea. Jus d’orange, de pomme /Orange, apple juice",disneyland-park/plaza-gardens-restaurant
2026-09-05,Plaza Gardens,Disneyland Park,P1MR08_plaza-gardens-restaurant.pdf,2,8,Grimbergen d’Abbaye blanche.......................... Brooklyn East IPA...........................................,disneyland-park/plaza-gardens-restaurant
2026-09-05,Plaza Gardens,Disneyland Park,P1MR08_plaza-gardens-restaurant.pdf,2,28,VINS EN BOUTEILLE BOTTLED WINE BOUTEILLE DE VIN DU MOMENT,disneyland-park/plaza-gardens-restaurant
2026-09-05,Plaza Gardens,Disneyland Park,P1MR08_plaza-gardens-restaurant.pdf,2,32,BLANCS WHITE IGP Cité de Carcassonne Gérard Bertrand Chardonnay,disneyland-park/plaza-gardens-restaurant
2026-09-05,Plaza Gardens,Disneyland Park,P1MR08_plaza-gardens-restaurant.pdf,2,4,Double Espresso Arabica Café Arabica Coffee,disneyland-park/plaza-gardens-restaurant
2026-09-05,Plaza Gardens,Disneyland Park,P1MR08_plaza-gardens-restaurant.pdf,2,43,IGP Cité de Carcassonne Gérard Bertrand Chardonnay AOC Chablis La Pierrelée La Chablisienne,disneyland-park/plaza-gardens-restaurant
2026-09-05,Plaza Gardens,Disneyland Park,P1MR08_plaza-gardens-restaurant.pdf,2,38,Cuvée Disneyland® Paris AOP La Clape Château L’Hospitalet Bio Demeter,disneyland-park/plaza-gardens-restaurant
2026-09-05,Plaza Gardens,Disneyland Park,P1MR08_plaza-gardens-restaurant.pdf,2,5,Cappuccino. Chocolat chaud Hot Chocolate.,disneyland-park/plaza-gardens-restaurant
2026-09-05,Plaza Gardens,Disneyland Park,P1MR08_plaza-gardens-restaurant.pdf,2,49,U.S.A. Diamond Collection Francis Coppola Sauvignon blanc,disneyland-park/plaza-gardens-restaurant
2026-09-05,Plaza Gardens,Disneyland Park,P1MR08_plaza-gardens-restaurant.pdf,2,4,"Chocolat chaud Hot Chocolate. Thé, Infusion Tea, Herbal Tea.",disneyland-park/plaza-gardens-restaurant
2026-09-05,Plaza Gardens,Disneyland Park,P1MR08_plaza-gardens-restaurant.pdf,2,32,ROUGES RED IGP Cité de Carcassonne Gérard Bertrand Merlot,disneyland-park/plaza-gardens-restaurant
2026-09-05,Plaza Gardens,Disneyland Park,P1MR08_plaza-gardens-restaurant.pdf,2,38,AOC Bordeaux Mouton Cadet Baron Philippe de Rothschild..........................................,disneyland-park/plaza-gardens-restaurant
2026-09-05,Plaza Gardens,Disneyland Park,P1MR08_plaza-gardens-restaurant.pdf,2,35,Cuvée Disneyland® Paris AOP La Clape Château L’Hospitalet Bio Demeter,disneyland-park/plaza-gardens-restaurant
2026-09-05,Plaza Gardens,Disneyland Park,P1MR08_plaza-gardens-restaurant.pdf,2,34,Château L’Hospitalet Bio Demeter IGP Méditerranée La Réserve Estoublon Bio,disneyland-park/plaza-gardens-restaurant
2026-09-05,Plaza Gardens,Disneyland Park,P1MR08_plaza-gardens-restaurant.pdf,2,46,IGP Méditerranée La Réserve Estoublon Bio U.S.A. Diamond Collection Francis Coppola Zinfandel,disneyland-park/plaza-gardens-restaurant
2026-09-05,Plaza Gardens,Disneyland Park,P1MR08_plaza-gardens-restaurant.pdf,2,32,ROSÉS IGP Pays d’Oc Gris Blanc.,disneyland-park/plaza-gardens-restaurant
2026-09-05,Plaza Gardens,Disneyland Park,P1MR08_plaza-gardens-restaurant.pdf,2,36,IGP Pays d’Oc Gris Blanc. AOP Côtes de Provence Minuty Prestige rosé,disneyland-park/plaza-gardens-restaurant
2026-09-05,Toad Hall Restaurant,Disneyland Park,P1NR07_toad-hall-restaurant.pdf,1,12,panés chips,disneyland-park/toad-hall-restaurant
2026-09-05,Toad Hall Restaurant,Disneyland Park,P1NR07_toad-hall-restaurant.pdf,1,12,chips,disneyland-park/toad-hall-restaurant
2026-09-05,Toad Hall Restaurant,Disneyland Park,P1NR07_toad-hall-restaurant.pdf,1,8,chips,disneyland-park/toad-hall-restaurant
2026-09-05,Toad Hall Restaurant,Disneyland Park,P1NR07_toad-hall-restaurant.pdf,1,12,Salade vegan,disneyland-park/toad-hall-restaurant
2026-09-05,Toad Hall Restaurant,Disneyland Park,P1NR07_toad-hall-restaurant.pdf,1,12,Salade poulet,disneyland-park/toad-hall-restaurant
2026-09-05,Toad Hall Restaurant,Disneyland Park,P1NR07_toad-hall-restaurant.pdf,1,6,Beignets de calamar à la romaine,disneyland-park/toad-hall-restaurant
2026-09-05,Toad Hall Restaurant,Disneyland Park,P1NR07_toad-hall-restaurant.pdf,1,4,Fries au vinaigre de cidre,disneyland-park/toad-hall-restaurant
2026-09-05,Toad Hall Restaurant,Disneyland Park,P1NR07_toad-hall-restaurant.pdf,1,4,de Mr Toad,disneyland-park/toad-hall-restaurant
2026-09-05,Toad Hall Restaurant,Disneyland Park,P1NR07_toad-hall-restaurant.pdf,1,4,Tarte pomme cannelle,disneyland-park/toad-hall-restaurant
2026-09-05,Toad Hall Restaurant,Disneyland Park,P1NR07_toad-hall-restaurant.pdf,1,5,Premium cl,disneyland-park/toad-hall-restaurant
2026-09-05,Toad Hall Restaurant,Disneyland Park,P1NR07_toad-hall-restaurant.pdf,1,3,fruit Yoghurt with a fruit layer,disneyland-park/toad-hall-restaurant
2026-09-05,Toad Hall Restaurant,Disneyland Park,P1NR07_toad-hall-restaurant.pdf,1,8,Pays d’Oc Gio blanc cl,disneyland-park/toad-hall-restaurant
2026-09-05,Toad Hall Restaurant,Disneyland Park,P1NR07_toad-hall-restaurant.pdf,1,4,pecan nuts brownie2 Fruit bag,disneyland-park/toad-hall-restaurant
2026-09-05,Toad Hall Restaurant,Disneyland Park,P1NR07_toad-hall-restaurant.pdf,1,8,Pays d’Oc Gris blanc cl,disneyland-park/toad-hall-restaurant
2026-09-05,Toad Hall Restaurant,Disneyland Park,P1NR07_toad-hall-restaurant.pdf,1,4,Arabica Coffee au lait Coffee with milk,disneyland-park/toad-hall-restaurant
2026-09-05,Toad Hall Restaurant,Disneyland Park,P1NR07_toad-hall-restaurant.pdf,1,4,Babybel® cheese3 Almond,disneyland-park/toad-hall-restaurant
2026-09-05,Toad Hall Restaurant,Disneyland Park,P1NR07_toad-hall-restaurant.pdf,1,4,au lait Coffee with milk Cappuccino,disneyland-park/toad-hall-restaurant
2026-09-05,Toad Hall Restaurant,Disneyland Park,P1NR07_toad-hall-restaurant.pdf,1,4,Almond Amande,disneyland-park/toad-hall-restaurant
2026-09-05,Toad Hall Restaurant,Disneyland Park,P1NR07_toad-hall-restaurant.pdf,1,15,Souvenirs Gobelet Tumbler,disneyland-park/toad-hall-restaurant
2026-09-05,Toad Hall Restaurant,Disneyland Park,P1NR07_toad-hall-restaurant.pdf,1,17,Gobelet Tumbler boisson fraîche with a cold drink,disneyland-park/toad-hall-restaurant
2026-09-05,Toad Hall Restaurant,Disneyland Park,P1NR07_toad-hall-restaurant.pdf,1,15,Gobelet Tumbler boisson fraîche with a cold drink,disneyland-park/toad-hall-restaurant
2026-09-05,Toad Hall Restaurant,Disneyland Park,P1NR07_toad-hall-restaurant.pdf,1,17,boisson fraîche with a cold drink boisson chaude with a hot drink,disneyland-park/toad-hall-restaurant
2026-09-05,Toad Hall Restaurant,Disneyland Park,P1NR07_toad-hall-restaurant.pdf,1,6,boisson chaude with a hot drink Mickey ou Minnie Straw,disneyland-park/toad-hall-restaurant
2026-09-05,Toad Hall Restaurant,Disneyland Park,P1NR07_toad-hall-restaurant.pdf,1,7,Mickey ou Minnie Straw boisson fraîche and a cold drink,disneyland-park/toad-hall-restaurant
2026-09-05,Crockett's Saloon,Disney's Davy Crockett Ranch,H07R00_crocketts-saloon.pdf,10,10,avec Chips Lay’s® Nature,disneys-davy-crockett-ranch/crocketts-saloon
2026-09-05,Crockett's Saloon,Disney's Davy Crockett Ranch,H07R00_crocketts-saloon.pdf,11,9,GINS cl Jack Daniel’s Old N°,disneys-davy-crockett-ranch/crocketts-saloon
2026-09-05,Crockett's Saloon,Disney's Davy Crockett Ranch,H07R00_crocketts-saloon.pdf,12,8,WHITE AOC Bourgogne aligoté La Chablisienne,disneys-davy-crockett-ranch/crocketts-saloon
2026-09-05,Crockett's Saloon,Disney's Davy Crockett Ranch,H07R00_crocketts-saloon.pdf,12,36,cl AOC Bourgogne aligoté La Chablisienne,disneys-davy-crockett-ranch/crocketts-saloon
2026-09-05,Crockett's Saloon,Disney's Davy Crockett Ranch,H07R00_crocketts-saloon.pdf,12,7,IGP Pays d'Oc Naturalys Gérard Bertand Chardonnay Bio,disneys-davy-crockett-ranch/crocketts-saloon
2026-09-05,Crockett's Saloon,Disney's Davy Crockett Ranch,H07R00_crocketts-saloon.pdf,12,30,IGP Pays d'Oc Naturalys Gérard Bertand Chardonnay Bio,disneys-davy-crockett-ranch/crocketts-saloon
2026-09-05,Crockett's Saloon,Disney's Davy Crockett Ranch,H07R00_crocketts-saloon.pdf,12,38,Cuvée Disneyland® Paris AOP La Clape Château L'Hospitalet Bio Demeter,disneys-davy-crockett-ranch/crocketts-saloon
2026-09-05,Crockett's Saloon,Disney's Davy Crockett Ranch,H07R00_crocketts-saloon.pdf,12,30,IGP Pays d'OC Naturalys Gérard Bertrand Merlot Bio,disneys-davy-crockett-ranch/crocketts-saloon
2026-09-05,Crockett's Saloon,Disney's Davy Crockett Ranch,H07R00_crocketts-saloon.pdf,12,30,Merlot Bio AOC Côtes du Rhône Esprit Brotte,disneys-davy-crockett-ranch/crocketts-saloon
2026-09-05,Crockett's Saloon,Disney's Davy Crockett Ranch,H07R00_crocketts-saloon.pdf,12,33,Cuvée Disneyland® Paris AOP La Clape Château L'Hospitalet Bio Demeter,disneys-davy-crockett-ranch/crocketts-saloon
2026-09-05,Crockett's Saloon,Disney's Davy Crockett Ranch,H07R00_crocketts-saloon.pdf,12,30,ROSÉ IGP Pays d'Oc Gris Blanc,disneys-davy-crockett-ranch/crocketts-saloon
2026-09-05,Crockett's Saloon,Disney's Davy Crockett Ranch,H07R00_crocketts-saloon.pdf,12,33,IGP Pays d'Oc Gris Blanc AOP Côtes de Provence Minuty Prestige rosé,disneys-davy-crockett-ranch/crocketts-saloon
2026-09-05,Crockett's Saloon,Disney's Davy Crockett Ranch,H07R00_crocketts-saloon.pdf,13,45,Rosé alcool Sparkling Rosé,disneys-davy-crockett-ranch/crocketts-saloon
2026-09-05,Crockett's Saloon,Disney's Davy Crockett Ranch,H07R00_crocketts-saloon.pdf,14,5,COLD DRINKS Coca-Cola original,disneys-davy-crockett-ranch/crocketts-saloon
2026-09-05,Crockett's Saloon,Disney's Davy Crockett Ranch,H07R00_crocketts-saloon.pdf,14,5,Coca-Cola original Coca-Cola zéro sucres,disneys-davy-crockett-ranch/crocketts-saloon
2026-09-05,Crockett's Saloon,Disney's Davy Crockett Ranch,H07R00_crocketts-saloon.pdf,14,5,"Coca-Cola zéro sucres Fanta Orange, Sprite",disneys-davy-crockett-ranch/crocketts-saloon
2026-09-05,Crockett's Saloon,Disney's Davy Crockett Ranch,H07R00_crocketts-saloon.pdf,14,5,"Fanta Orange, Sprite FuzeTea Pêche Intense Peach Black Tea",disneys-davy-crockett-ranch/crocketts-saloon
2026-09-05,Crockett's Saloon,Disney's Davy Crockett Ranch,H07R00_crocketts-saloon.pdf,14,5,Perrier® Bundaberg Ginger Beer cl,disneys-davy-crockett-ranch/crocketts-saloon
2026-09-05,Crockett's Saloon,Disney's Davy Crockett Ranch,H07R00_crocketts-saloon.pdf,14,4,Bundaberg Ginger Beer cl Tonic cl,disneys-davy-crockett-ranch/crocketts-saloon
2026-09-05,Crockett's Saloon,Disney's Davy Crockett Ranch,H07R00_crocketts-saloon.pdf,14,6,Petit gobelet Small cup cl Grand gobelet Large cup cl,disneys-davy-crockett-ranch/crocketts-saloon
2026-09-05,Crockett's Saloon,Disney's Davy Crockett Ranch,H07R00_crocketts-saloon.pdf,14,4,S.Pellegrino® Jus d'orange,disneys-davy-crockett-ranch/crocketts-saloon
2026-09-05,Crockett's Saloon,Disney's Davy Crockett Ranch,H07R00_crocketts-saloon.pdf,15,6,Lay’s® Potato Crisps Doritos® sauce salsa,disneys-davy-crockett-ranch/crocketts-saloon
2026-09-05,Davy Crockett's Tavern,Disney's Davy Crockett Ranch,H07R01_davy-crocketts-tavern.pdf,1,35,cl) ou Eau minérale cl) or a Mineral Water cl),disneys-davy-crockett-ranch/davy-crocketts-tavern
2026-09-05,Davy Crockett's Tavern,Disney's Davy Crockett Ranch,H07R01_davy-crocketts-tavern.pdf,1,20,apple juice cl) or Milk cl) replace similar item on request,disneys-davy-crockett-ranch/davy-crocketts-tavern
2026-09-05,Davy Crockett's Tavern,Disney's Davy Crockett Ranch,H07R01_davy-crocketts-tavern.pdf,2,35,cl) ou Eau minérale cl) or Mineral Water cl),disneys-davy-crockett-ranch/davy-crocketts-tavern
2026-09-05,Davy Crockett's Tavern,Disney's Davy Crockett Ranch,H07R01_davy-crocketts-tavern.pdf,2,20,apple juice cl) or Milk cl) replace similar item on request,disneys-davy-crockett-ranch/davy-crocketts-tavern
2026-09-05,Chuck Wagon Café,Disney's Hotel Cheyenne,H05R00_chuck-wagon-cafe.pdf,1,40,,disneys-hotel-cheyenne/chuck-wagon-cafe
2026-09-05,Chuck Wagon Café,Disney's Hotel Cheyenne,H05R00_chuck-wagon-cafe.pdf,1,22,ou de pomme Lait cl ou cl,disneys-hotel-cheyenne/chuck-wagon-cafe
2026-09-05,Chuck Wagon Café,Disney's Hotel Cheyenne,H05R00_chuck-wagon-cafe.pdf,1,2,W h i t e I G P P a y s d O c S a u v i g n o n b l a n c I G P M é d i t e r ra n é e B r i s e M a r i n e,disneys-hotel-cheyenne/chuck-wagon-cafe
2026-09-05,Chuck Wagon Café,Disney's Hotel Cheyenne,H05R00_chuck-wagon-cafe.pdf,1,2,W i n e j u g W h i t e I G P P a y s d O c S a u v i g n o n b l a n c,disneys-hotel-cheyenne/chuck-wagon-cafe
2026-09-05,Chuck Wagon Café,Disney's Hotel Cheyenne,H05R00_chuck-wagon-cafe.pdf,1,4,o r m o r e p,disneys-hotel-cheyenne/chuck-wagon-cafe
2026-09-05,Chuck Wagon Café,Disney's Hotel Cheyenne,H05R00_chuck-wagon-cafe.pdf,1,2,o r m o r e p,disneys-hotel-cheyenne/chuck-wagon-cafe
2026-09-05,Red Garter Saloon,Disney's Hotel Cheyenne,H05R02_red-garter-saloon.pdf,8,10,Premium avec Chips Lay’s® with Lay's potato crisps,disneys-hotel-cheyenne/red-garter-saloon
2026-09-05,Red Garter Saloon,Disney's Hotel Cheyenne,H05R02_red-garter-saloon.pdf,13,6,"Doritos®, sauce salsa Ham-cheese pizza",disneys-hotel-cheyenne/red-garter-saloon
2026-09-05,Red Garter Saloon,Disney's Hotel Cheyenne,H05R02_red-garter-saloon.pdf,13,18,Saveur vanille Vanilla flavour MENU,disneys-hotel-cheyenne/red-garter-saloon
2026-09-05,Downtown Restaurant,Disney's Hotel New York,H02R04_downtown-restaurant.pdf,1,3,de 7h à 11h from am to am A D U LT E A D U LT,disneys-hotel-new-york/downtown-restaurant
2026-09-05,Downtown Restaurant,Disney's Hotel New York,H02R04_downtown-restaurant.pdf,1,2,de 7h à 11h from am to am D U LT E A D U LT,disneys-hotel-new-york/downtown-restaurant
2026-09-05,Downtown Restaurant,Disney's Hotel New York,H02R04_downtown-restaurant.pdf,1,2,A D U LT E A D U LT E N FA N T K I D S,disneys-hotel-new-york/downtown-restaurant
2026-09-05,Downtown Restaurant,Disney's Hotel New York,H02R04_downtown-restaurant.pdf,1,6,D U LT E A D U LT N FA N T K I D S,disneys-hotel-new-york/downtown-restaurant
2026-09-05,Downtown Restaurant,Disney's Hotel New York,H02R04_downtown-restaurant.pdf,1,30,AOP Sancerre Château de Sancerre Sauvignon blanc,disneys-hotel-new-york/downtown-restaurant
2026-09-05,Downtown Restaurant,Disney's Hotel New York,H02R04_downtown-restaurant.pdf,1,54,AOP Sancerre Château de Sancerre Sauvignon blanc,disneys-hotel-new-york/downtown-restaurant
2026-09-05,Downtown Restaurant,Disney's Hotel New York,H02R04_downtown-restaurant.pdf,1,5,to pm Except on December 24th and 31st E A D U LT,disneys-hotel-new-york/downtown-restaurant
2026-09-05,Downtown Restaurant,Disney's Hotel New York,H02R04_downtown-restaurant.pdf,1,5,pm Except on December 24th and 31st A D U LT,disneys-hotel-new-york/downtown-restaurant
2026-09-05,Downtown Restaurant,Disney's Hotel New York,H02R04_downtown-restaurant.pdf,1,29,DOC Vermentino di Sardegna Dolia Cantina Di Dolianova,disneys-hotel-new-york/downtown-restaurant
2026-09-05,Downtown Restaurant,Disney's Hotel New York,H02R04_downtown-restaurant.pdf,1,3,cl or a Mineral Water cl T K I D S,disneys-hotel-new-york/downtown-restaurant
2026-09-05,Downtown Restaurant,Disney's Hotel New York,H02R04_downtown-restaurant.pdf,1,27,AOP Côtes de Provence Minuty Prestige rosé,disneys-hotel-new-york/downtown-restaurant
2026-09-05,Downtown Restaurant,Disney's Hotel New York,H02R04_downtown-restaurant.pdf,1,38,AOP Côtes de Provence Minuty Prestige rosé,disneys-hotel-new-york/downtown-restaurant
2026-09-05,Downtown Restaurant,Disney's Hotel New York,H02R04_downtown-restaurant.pdf,1,43,Italie Vénétie DOC Chiaretto Bardolino Azienda agricola,disneys-hotel-new-york/downtown-restaurant
2026-09-05,Downtown Restaurant,Disney's Hotel New York,H02R04_downtown-restaurant.pdf,1,24,AOC Bourgogne Hautes-Côtes de Nuits Pierre Maizière,disneys-hotel-new-york/downtown-restaurant
2026-09-05,Downtown Restaurant,Disney's Hotel New York,H02R04_downtown-restaurant.pdf,1,43,AOC Bourgogne Hautes-Côtes de Nuits Pierre Maizière,disneys-hotel-new-york/downtown-restaurant
2026-09-05,Downtown Restaurant,Disney's Hotel New York,H02R04_downtown-restaurant.pdf,1,38,Pierre Maizière AOC Saint Emilion Fortin Plaisance,disneys-hotel-new-york/downtown-restaurant
2026-09-05,Downtown Restaurant,Disney's Hotel New York,H02R04_downtown-restaurant.pdf,1,6,C O L D D R I N K S Coca-Cola ORIGINAL,disneys-hotel-new-york/downtown-restaurant
2026-09-05,Downtown Restaurant,Disney's Hotel New York,H02R04_downtown-restaurant.pdf,1,6,Coca-Cola ORIGINAL Coca-Cola ZÉRO SUCRES,disneys-hotel-new-york/downtown-restaurant
2026-09-05,Downtown Restaurant,Disney's Hotel New York,H02R04_downtown-restaurant.pdf,1,6,Coca-Cola ZÉRO SUCRES Fanta Orange,disneys-hotel-new-york/downtown-restaurant
2026-09-05,Downtown Restaurant,Disney's Hotel New York,H02R04_downtown-restaurant.pdf,1,6,Fanta Orange FuzeTea Pêche Intense,disneys-hotel-new-york/downtown-restaurant
2026-09-05,Downtown Restaurant,Disney's Hotel New York,H02R04_downtown-restaurant.pdf,1,6,FuzeTea Pêche Intense Jus d'orange ou de pomme,disneys-hotel-new-york/downtown-restaurant
2026-09-05,Downtown Restaurant,Disney's Hotel New York,H02R04_downtown-restaurant.pdf,1,5,M I N E R A L E W A T E R Vittel®,disneys-hotel-new-york/downtown-restaurant
2026-09-05,Downtown Restaurant,Disney's Hotel New York,H02R04_downtown-restaurant.pdf,1,6,CL Vittel®,disneys-hotel-new-york/downtown-restaurant
2026-09-05,Downtown Restaurant,Disney's Hotel New York,H02R04_downtown-restaurant.pdf,1,25,YOUR BIRTHDAY DESSERT Dessert à partir de personnes,disneys-hotel-new-york/downtown-restaurant
2026-09-05,Downtown Restaurant,Disney's Hotel New York,H02R04_downtown-restaurant.pdf,1,45,YOUR BIRTHDAY DESSERT BEFORE YOUR MEAL à partir de personnes Dessert à partir de personnes,disneys-hotel-new-york/downtown-restaurant
2026-09-05,Skyline Bar,Disney's Hotel New York,H02R05_skyline-bar.pdf,2,18,GREEN DIMENSION MARTINI,disneys-hotel-new-york/skyline-bar
2026-09-05,Skyline Bar,Disney's Hotel New York,H02R05_skyline-bar.pdf,2,18,GREEN DIMENSION PURPLE POWER MARTINI MARTINI,disneys-hotel-new-york/skyline-bar
2026-09-05,Skyline Bar,Disney's Hotel New York,H02R05_skyline-bar.pdf,2,18,DIMENSION PURPLE POWER BLUE INFINITY MARTINI MARTINI,disneys-hotel-new-york/skyline-bar
2026-09-05,Skyline Bar,Disney's Hotel New York,H02R05_skyline-bar.pdf,2,18,MYSTIC YELLOW MARTINI,disneys-hotel-new-york/skyline-bar
2026-09-05,Skyline Bar,Disney's Hotel New York,H02R05_skyline-bar.pdf,2,18,MYSTIC YELLOW ORANGE SOUL MARTINI MARTINI,disneys-hotel-new-york/skyline-bar
2026-09-05,Skyline Bar,Disney's Hotel New York,H02R05_skyline-bar.pdf,2,18,ORANGE SOUL RED REALITY MARTINI MARTINI,disneys-hotel-new-york/skyline-bar
2026-09-05,Skyline Bar,Disney's Hotel New York,H02R05_skyline-bar.pdf,3,18,revisited in the multiverse. SKYLINE STAR SKYLINE MULE,disneys-hotel-new-york/skyline-bar
2026-09-05,Skyline Bar,Disney's Hotel New York,H02R05_skyline-bar.pdf,3,18,SKYLINE BEE’S KNEES,disneys-hotel-new-york/skyline-bar
2026-09-05,Skyline Bar,Disney's Hotel New York,H02R05_skyline-bar.pdf,3,18,SKYLINE BEE’S SKYLINE STAR KNEES MARTINI,disneys-hotel-new-york/skyline-bar
2026-09-05,Skyline Bar,Disney's Hotel New York,H02R05_skyline-bar.pdf,3,18,champagne SKYLINE OLD FASHIONED,disneys-hotel-new-york/skyline-bar
2026-09-05,Skyline Bar,Disney's Hotel New York,H02R05_skyline-bar.pdf,3,18,champagne jelly with limoncello FASHIONED SKYLINE SOUTH SIDE,disneys-hotel-new-york/skyline-bar
2026-09-05,Skyline Bar,Disney's Hotel New York,H02R05_skyline-bar.pdf,4,14,QUANTUM DRINK,disneys-hotel-new-york/skyline-bar
2026-09-05,Skyline Bar,Disney's Hotel New York,H02R05_skyline-bar.pdf,4,14,QUANTUM REALM DRINK PROTECTOR,disneys-hotel-new-york/skyline-bar
2026-09-05,Skyline Bar,Disney's Hotel New York,H02R05_skyline-bar.pdf,4,14,"DRINK cordial Concentré de gingembre, nectar",disneys-hotel-new-york/skyline-bar
2026-09-05,Skyline Bar,Disney's Hotel New York,H02R05_skyline-bar.pdf,4,14,THE HEROIC STAR,disneys-hotel-new-york/skyline-bar
2026-09-05,Skyline Bar,Disney's Hotel New York,H02R05_skyline-bar.pdf,4,14,THE HEROIC THE INCREDIBLE STAR GREEN,disneys-hotel-new-york/skyline-bar
2026-09-05,Skyline Bar,Disney's Hotel New York,H02R05_skyline-bar.pdf,4,14,THE INCREDIBLE ORANGE FUSION GREEN REACTOR,disneys-hotel-new-york/skyline-bar
2026-09-05,Skyline Bar,Disney's Hotel New York,H02R05_skyline-bar.pdf,5,16,ESPRESSO COSMOPOLITAN,disneys-hotel-new-york/skyline-bar
2026-09-05,Skyline Bar,Disney's Hotel New York,H02R05_skyline-bar.pdf,5,16,STRAWBERRY DAIQUIRI,disneys-hotel-new-york/skyline-bar
2026-09-05,Skyline Bar,Disney's Hotel New York,H02R05_skyline-bar.pdf,5,16,STRAWBERRY ESPRESSO DAIQUIRI MARTINI,disneys-hotel-new-york/skyline-bar
2026-09-05,Skyline Bar,Disney's Hotel New York,H02R05_skyline-bar.pdf,5,16,syrup MANHATTAN,disneys-hotel-new-york/skyline-bar
2026-09-05,Skyline Bar,Disney's Hotel New York,H02R05_skyline-bar.pdf,5,16,syrup and Lavazza espresso MANHATTAN NEGRONI,disneys-hotel-new-york/skyline-bar
2026-09-05,Skyline Bar,Disney's Hotel New York,H02R05_skyline-bar.pdf,5,16,and Lavazza espresso NEGRONI PALOMA,disneys-hotel-new-york/skyline-bar
2026-09-05,Skyline Bar,Disney's Hotel New York,H02R05_skyline-bar.pdf,5,16,Campari bitter LONG ISLAND ICED TEA,disneys-hotel-new-york/skyline-bar
2026-09-05,Skyline Bar,Disney's Hotel New York,H02R05_skyline-bar.pdf,5,16,Campari bitter drink ICED TEA DRY MARTINI,disneys-hotel-new-york/skyline-bar
2026-09-05,Skyline Bar,Disney's Hotel New York,H02R05_skyline-bar.pdf,5,16,ET SES VARIANTES Coca-Cola ORIGINAL,disneys-hotel-new-york/skyline-bar
2026-09-05,Skyline Bar,Disney's Hotel New York,H02R05_skyline-bar.pdf,6,19,C H A M P A G N E S Disneyland® Paris Champagne Pierre Mignon Grande Réserve brut,disneys-hotel-new-york/skyline-bar
2026-09-05,Skyline Bar,Disney's Hotel New York,H02R05_skyline-bar.pdf,6,87,cl Disneyland® Paris Champagne Pierre Mignon Grande Réserve brut,disneys-hotel-new-york/skyline-bar
2026-09-05,Skyline Bar,Disney's Hotel New York,H02R05_skyline-bar.pdf,6,23,Disneyland® Paris Champagne Pierre Mignon Grande Réserve brut Prestige Rosé,disneys-hotel-new-york/skyline-bar
2026-09-05,Skyline Bar,Disney's Hotel New York,H02R05_skyline-bar.pdf,6,105,cl Disneyland® Paris Champagne Pierre Mignon Grande Réserve brut,disneys-hotel-new-york/skyline-bar
2026-09-05,Skyline Bar,Disney's Hotel New York,H02R05_skyline-bar.pdf,6,21,Prestige Rosé Impérial brut,disneys-hotel-new-york/skyline-bar
2026-09-05,Skyline Bar,Disney's Hotel New York,H02R05_skyline-bar.pdf,6,97,Disneyland® Paris Champagne Pierre Mignon Grande Réserve brut Impérial brut,disneys-hotel-new-york/skyline-bar
2026-09-05,Skyline Bar,Disney's Hotel New York,H02R05_skyline-bar.pdf,6,105,Impérial brut Jaune brut,disneys-hotel-new-york/skyline-bar
2026-09-05,Skyline Bar,Disney's Hotel New York,H02R05_skyline-bar.pdf,6,10,PRESSION DRAUGHT cl Brooklyn IPA,disneys-hotel-new-york/skyline-bar
2026-09-05,Skyline Bar,Disney's Hotel New York,H02R05_skyline-bar.pdf,6,8,DRAUGHT cl cl BOUTEILLE BOTTLED Grimbergen d’Abbaye Ambrée,disneys-hotel-new-york/skyline-bar
2026-09-05,Skyline Bar,Disney's Hotel New York,H02R05_skyline-bar.pdf,6,10,Brooklyn IPA Brooklyn Lager,disneys-hotel-new-york/skyline-bar
2026-09-05,Skyline Bar,Disney's Hotel New York,H02R05_skyline-bar.pdf,6,7,Carlsberg Blonde Grimbergen d’Abbaye Blonde,disneys-hotel-new-york/skyline-bar
2026-09-05,Skyline Bar,Disney's Hotel New York,H02R05_skyline-bar.pdf,6,9,Guinness Draught cl cl,disneys-hotel-new-york/skyline-bar
2026-09-05,Skyline Bar,Disney's Hotel New York,H02R05_skyline-bar.pdf,6,8,CIDRE CIDER La Mordue Original aromatisé,disneys-hotel-new-york/skyline-bar
2026-09-05,Skyline Bar,Disney's Hotel New York,H02R05_skyline-bar.pdf,6,12,Ambrato du Valais AOP Morand,disneys-hotel-new-york/skyline-bar
2026-09-05,Skyline Bar,Disney's Hotel New York,H02R05_skyline-bar.pdf,6,11,Cognac Courvoisier VSOP ans,disneys-hotel-new-york/skyline-bar
2026-09-05,Skyline Bar,Disney's Hotel New York,H02R05_skyline-bar.pdf,6,12,ans Calvados Le Domfrontais de Christian Drouin,disneys-hotel-new-york/skyline-bar
2026-09-05,Skyline Bar,Disney's Hotel New York,H02R05_skyline-bar.pdf,6,13,Armagnac Château de Laubade Bas Armagnac VSOP,disneys-hotel-new-york/skyline-bar
2026-09-05,Skyline Bar,Disney's Hotel New York,H02R05_skyline-bar.pdf,6,11,Liqueurs Get,disneys-hotel-new-york/skyline-bar
2026-09-05,Skyline Bar,Disney's Hotel New York,H02R05_skyline-bar.pdf,6,11,Get Amaretto Disaronno,disneys-hotel-new-york/skyline-bar
2026-09-05,Skyline Bar,Disney's Hotel New York,H02R05_skyline-bar.pdf,6,11,Amaretto Disaronno Limoncello Mamma Mia,disneys-hotel-new-york/skyline-bar
2026-09-05,Skyline Bar,Disney's Hotel New York,H02R05_skyline-bar.pdf,6,12,Limoncello Mamma Mia Bailey’s The Original Irish Cream,disneys-hotel-new-york/skyline-bar
2026-09-05,Skyline Bar,Disney's Hotel New York,H02R05_skyline-bar.pdf,6,10,Bailey’s The Original Irish Cream Jägermeister,disneys-hotel-new-york/skyline-bar
2026-09-05,Skyline Bar,Disney's Hotel New York,H02R05_skyline-bar.pdf,7,12,GINS Brooklyn,disneys-hotel-new-york/skyline-bar
2026-09-05,Skyline Bar,Disney's Hotel New York,H02R05_skyline-bar.pdf,7,12,cl TEQUILAS El EspolÓn Reposado,disneys-hotel-new-york/skyline-bar
2026-09-05,Skyline Bar,Disney's Hotel New York,H02R05_skyline-bar.pdf,7,15,cette authentique Calle Añejo,disneys-hotel-new-york/skyline-bar
2026-09-05,Skyline Bar,Disney's Hotel New York,H02R05_skyline-bar.pdf,7,12,flavours Bombay Sapphire,disneys-hotel-new-york/skyline-bar
2026-09-05,Skyline Bar,Disney's Hotel New York,H02R05_skyline-bar.pdf,7,12,Américains American Woodford Reserve Double Oaked,disneys-hotel-new-york/skyline-bar
2026-09-05,Skyline Bar,Disney's Hotel New York,H02R05_skyline-bar.pdf,7,14,Bombay Sapphire Madlord,disneys-hotel-new-york/skyline-bar
2026-09-05,Skyline Bar,Disney's Hotel New York,H02R05_skyline-bar.pdf,7,13,Woodford Reserve Double Oaked Jack Daniel’s Single Barrel Select,disneys-hotel-new-york/skyline-bar
2026-09-05,Skyline Bar,Disney's Hotel New York,H02R05_skyline-bar.pdf,7,12,Madlord Tanqueray N°Ten,disneys-hotel-new-york/skyline-bar
2026-09-05,Skyline Bar,Disney's Hotel New York,H02R05_skyline-bar.pdf,7,12,Jack Daniel’s Single Barrel Select Maker’s Mark Bourbon,disneys-hotel-new-york/skyline-bar
2026-09-05,Skyline Bar,Disney's Hotel New York,H02R05_skyline-bar.pdf,7,12,Tanqueray N°Ten Hendrick’s,disneys-hotel-new-york/skyline-bar
2026-09-05,Skyline Bar,Disney's Hotel New York,H02R05_skyline-bar.pdf,7,11,Maker’s Mark Bourbon Bulleit Rye Frontier Whiskey,disneys-hotel-new-york/skyline-bar
2026-09-05,Skyline Bar,Disney's Hotel New York,H02R05_skyline-bar.pdf,7,14,Hendrick’s Aviation,disneys-hotel-new-york/skyline-bar
2026-09-05,Skyline Bar,Disney's Hotel New York,H02R05_skyline-bar.pdf,7,11,VODKAS Skyy Premium ou Infusions aromatisée,disneys-hotel-new-york/skyline-bar
2026-09-05,Skyline Bar,Disney's Hotel New York,H02R05_skyline-bar.pdf,7,12,Infusions aromatisée Johnnie Walker Red Label,disneys-hotel-new-york/skyline-bar
2026-09-05,Skyline Bar,Disney's Hotel New York,H02R05_skyline-bar.pdf,7,11,"Francisco, à base d’eau Black Bottle",disneys-hotel-new-york/skyline-bar
2026-09-05,Skyline Bar,Disney's Hotel New York,H02R05_skyline-bar.pdf,7,12,"et doux Francisco, made with Johnnie Walker Black Label ans",disneys-hotel-new-york/skyline-bar
2026-09-05,Skyline Bar,Disney's Hotel New York,H02R05_skyline-bar.pdf,7,12,"Francisco, made with Johnnie Walker Black Label ans smooth and mellow taste Chivas Regal ans Speyside",disneys-hotel-new-york/skyline-bar
2026-09-05,Skyline Bar,Disney's Hotel New York,H02R05_skyline-bar.pdf,7,12,"Californian water, with a smooth and mellow taste Grey Goose",disneys-hotel-new-york/skyline-bar
2026-09-05,Skyline Bar,Disney's Hotel New York,H02R05_skyline-bar.pdf,7,11,Grey Goose Belvedere Organic Bio,disneys-hotel-new-york/skyline-bar
2026-09-05,Skyline Bar,Disney's Hotel New York,H02R05_skyline-bar.pdf,7,11,RHUMS CACHAÇA Flor de Caña Extra seco ans,disneys-hotel-new-york/skyline-bar
2026-09-05,Skyline Bar,Disney's Hotel New York,H02R05_skyline-bar.pdf,7,12,ans Orcades,disneys-hotel-new-york/skyline-bar
2026-09-05,Skyline Bar,Disney's Hotel New York,H02R05_skyline-bar.pdf,7,12,Flor de Caña Extra seco ans Angostura ans,disneys-hotel-new-york/skyline-bar
2026-09-05,Skyline Bar,Disney's Hotel New York,H02R05_skyline-bar.pdf,7,18,Angostura ans Flor de Caña Grand Reserva ans,disneys-hotel-new-york/skyline-bar
2026-09-05,Skyline Bar,Disney's Hotel New York,H02R05_skyline-bar.pdf,7,12,Flor de Caña Grand Reserva ans Magnifica de Faria Traditional Ipê (cachaca),disneys-hotel-new-york/skyline-bar
2026-09-05,Skyline Bar,Disney's Hotel New York,H02R05_skyline-bar.pdf,7,12,The Sexton Traditional Ipê (cachaca),disneys-hotel-new-york/skyline-bar
2026-09-05,Skyline Bar,Disney's Hotel New York,H02R05_skyline-bar.pdf,7,14,Magnifica de Faria Traditional Ipê (cachaca) Barcelo Imperial (République Dominicaine),disneys-hotel-new-york/skyline-bar
2026-09-05,Skyline Bar,Disney's Hotel New York,H02R05_skyline-bar.pdf,7,14,Barcelo Imperial (République Dominicaine) Ron Zacapa Solera Gran Reserva,disneys-hotel-new-york/skyline-bar
2026-09-05,Skyline Bar,Disney's Hotel New York,H02R05_skyline-bar.pdf,7,14,(République Dominicaine) Japonais Japanes Gran Reserva Nikka Coffey Malt,disneys-hotel-new-york/skyline-bar
2026-09-05,Skyline Bar,Disney's Hotel New York,H02R05_skyline-bar.pdf,7,11,Ron Zacapa Solera Gran Reserva Mount Gay Black Barrel,disneys-hotel-new-york/skyline-bar
2026-09-05,Skyline Bar,Disney's Hotel New York,H02R05_skyline-bar.pdf,8,34,WHITE WINE cl Gérard Bertrand Chardonnay,disneys-hotel-new-york/skyline-bar
2026-09-05,Skyline Bar,Disney's Hotel New York,H02R05_skyline-bar.pdf,8,12,Carcassonne Gérard Bertrand Chardonnay Collection Francis Coppola Sauvignon blanc,disneys-hotel-new-york/skyline-bar
2026-09-05,Skyline Bar,Disney's Hotel New York,H02R05_skyline-bar.pdf,8,54,Gérard Bertrand Chardonnay Collection Francis Coppola Sauvignon blanc,disneys-hotel-new-york/skyline-bar
2026-09-05,Skyline Bar,Disney's Hotel New York,H02R05_skyline-bar.pdf,8,38,Collection Francis Coppola Sauvignon blanc Aop la Clape Château L’Hospitalet Bio Demeter,disneys-hotel-new-york/skyline-bar
2026-09-05,Skyline Bar,Disney's Hotel New York,H02R05_skyline-bar.pdf,8,14,Disneyland® Paris Aop la Clape Château L’Hospitalet Bio Demeter Cru Côte de Léchet La Chablisienne,disneys-hotel-new-york/skyline-bar
2026-09-05,Skyline Bar,Disney's Hotel New York,H02R05_skyline-bar.pdf,8,63,Aop la Clape Château L’Hospitalet Bio Demeter de Léchet La Chablisienne,disneys-hotel-new-york/skyline-bar
2026-09-05,Skyline Bar,Disney's Hotel New York,H02R05_skyline-bar.pdf,8,10,Cru Côte de Léchet La Chablisienne Gentil Hugel Famille Hugel,disneys-hotel-new-york/skyline-bar
2026-09-05,Skyline Bar,Disney's Hotel New York,H02R05_skyline-bar.pdf,8,45,de Léchet La Chablisienne Famille Hugel,disneys-hotel-new-york/skyline-bar
2026-09-05,Skyline Bar,Disney's Hotel New York,H02R05_skyline-bar.pdf,8,38,cl Minuty Prestige rosé,disneys-hotel-new-york/skyline-bar
2026-09-05,Skyline Bar,Disney's Hotel New York,H02R05_skyline-bar.pdf,8,38,Minuty Prestige rosé of Joy Gérard bertrand Bio Vegan,disneys-hotel-new-york/skyline-bar
2026-09-05,Skyline Bar,Disney's Hotel New York,H02R05_skyline-bar.pdf,8,8,ROUGES RED WINE Carcassonne Gérard Bertrand Merlot,disneys-hotel-new-york/skyline-bar
2026-09-05,Skyline Bar,Disney's Hotel New York,H02R05_skyline-bar.pdf,8,34,cl Gérard Bertrand Merlot,disneys-hotel-new-york/skyline-bar
2026-09-05,Skyline Bar,Disney's Hotel New York,H02R05_skyline-bar.pdf,8,46,Gérard Bertrand Merlot Collection Francis Coppola Zinfandel,disneys-hotel-new-york/skyline-bar
2026-09-05,Skyline Bar,Disney's Hotel New York,H02R05_skyline-bar.pdf,8,38,Collection Francis Coppola Zinfandel AOP la Clape Château L’Hospitalet Bio Demeter,disneys-hotel-new-york/skyline-bar
2026-09-05,Skyline Bar,Disney's Hotel New York,H02R05_skyline-bar.pdf,8,38,AOP la Clape Château L’Hospitalet Bio Demeter Plaisance,disneys-hotel-new-york/skyline-bar
2026-09-05,Skyline Bar,Disney's Hotel New York,H02R05_skyline-bar.pdf,8,43,Plaisance Hautes-Côtes de Nuits Pierre Maizière,disneys-hotel-new-york/skyline-bar
2026-09-05,Skyline Bar,Disney's Hotel New York,H02R05_skyline-bar.pdf,8,12,Nooh by La Coste Effervescent Rosé alcool Sparkling Rosé,disneys-hotel-new-york/skyline-bar
2026-09-05,Skyline Bar,Disney's Hotel New York,H02R05_skyline-bar.pdf,8,55,Nooh by La Coste Effervescent Rosé alcool Sparkling Rosé,disneys-hotel-new-york/skyline-bar
2026-09-05,Skyline Bar,Disney's Hotel New York,H02R05_skyline-bar.pdf,8,8,Effervescent Rosé Brooklyn Special Effects Sans alcool Non-Alcoholic,disneys-hotel-new-york/skyline-bar
2026-09-05,Skyline Bar,Disney's Hotel New York,H02R05_skyline-bar.pdf,8,5,Vittel® R I N K S,disneys-hotel-new-york/skyline-bar
2026-09-05,Skyline Bar,Disney's Hotel New York,H02R05_skyline-bar.pdf,8,6,Coca-Cola ORIGINAL,disneys-hotel-new-york/skyline-bar
2026-09-05,Skyline Bar,Disney's Hotel New York,H02R05_skyline-bar.pdf,8,6,Coca-Cola ZÉRO SUCRES,disneys-hotel-new-york/skyline-bar
2026-09-05,Skyline Bar,Disney's Hotel New York,H02R05_skyline-bar.pdf,8,6,ZÉRO SUCRES Coca-Cola Cherry,disneys-hotel-new-york/skyline-bar
2026-09-05,Skyline Bar,Disney's Hotel New York,H02R05_skyline-bar.pdf,8,6,Coca-Cola Cherry Sprite,disneys-hotel-new-york/skyline-bar
2026-09-05,Skyline Bar,Disney's Hotel New York,H02R05_skyline-bar.pdf,8,6,Sprite Fanta Orange,disneys-hotel-new-york/skyline-bar
2026-09-05,Skyline Bar,Disney's Hotel New York,H02R05_skyline-bar.pdf,8,6,Fanta Orange TROPICO Original,disneys-hotel-new-york/skyline-bar
2026-09-05,Skyline Bar,Disney's Hotel New York,H02R05_skyline-bar.pdf,8,6,TROPICO Original FuzeTea Pêche Intense,disneys-hotel-new-york/skyline-bar
2026-09-05,Skyline Bar,Disney's Hotel New York,H02R05_skyline-bar.pdf,8,5,Ristretto Arabica Café Arabica Coffee,disneys-hotel-new-york/skyline-bar
2026-09-05,Skyline Bar,Disney's Hotel New York,H02R05_skyline-bar.pdf,8,5,Sélection de Tonics cl,disneys-hotel-new-york/skyline-bar
2026-09-05,Skyline Bar,Disney's Hotel New York,H02R05_skyline-bar.pdf,8,5,Saveur Rhubarbe-Framboise Perrier®,disneys-hotel-new-york/skyline-bar
2026-09-05,Skyline Bar,Disney's Hotel New York,H02R05_skyline-bar.pdf,8,6,"Perrier® Jus d’orange, jus de pomme",disneys-hotel-new-york/skyline-bar
2026-09-05,Skyline Bar,Disney's Hotel New York,H02R05_skyline-bar.pdf,9,9,S A L É S A V O U R Y et sauce yaourt au concombre à l’ail et à la menthe,disneys-hotel-new-york/skyline-bar
2026-09-05,Skyline Bar,Disney's Hotel New York,H02R05_skyline-bar.pdf,9,15,et sauce yaourt au concombre à l’ail et à la menthe cucumber sauce with garlic and mint,disneys-hotel-new-york/skyline-bar
2026-09-05,Skyline Bar,Disney's Hotel New York,H02R05_skyline-bar.pdf,9,12,"cucumber sauce with garlic and mint saumon fumé, avocat et sauce au et à l’aneth",disneys-hotel-new-york/skyline-bar
2026-09-05,Skyline Bar,Disney's Hotel New York,H02R05_skyline-bar.pdf,9,20,"smoked salmon, avocado and Kiri® and dill sauce homard, laitue, sauce cocktail",disneys-hotel-new-york/skyline-bar
2026-09-05,Skyline Bar,Disney's Hotel New York,H02R05_skyline-bar.pdf,9,15,"lobster, lettuce, cocktail sauce margherita, sauce tomate, mozzarella et basilic",disneys-hotel-new-york/skyline-bar
2026-09-05,Skyline Bar,Disney's Hotel New York,H02R05_skyline-bar.pdf,9,20,"charcuteries italiennes (idéal à partager) Bresaola, jambon de Parme, porchetta et parmesan",disneys-hotel-new-york/skyline-bar
2026-09-05,Skyline Bar,Disney's Hotel New York,H02R05_skyline-bar.pdf,9,7,"ham, porchetta and parmesan cheese terre rôtis aux aromates, sauce tartare",disneys-hotel-new-york/skyline-bar
2026-09-05,Skyline Bar,Disney's Hotel New York,H02R05_skyline-bar.pdf,9,6,"terre rôtis aux aromates, sauce tartare with herbs, tartare sauce",disneys-hotel-new-york/skyline-bar
2026-09-05,Skyline Bar,Disney's Hotel New York,H02R05_skyline-bar.pdf,9,8,Bourbon vanilla Crème Brûlée bourbon,disneys-hotel-new-york/skyline-bar
2026-09-05,Skyline Bar,Disney's Hotel New York,H02R05_skyline-bar.pdf,9,9,bourbon moment Seasonal small fruits and berries,disneys-hotel-new-york/skyline-bar
2026-09-05,Skyline Bar,Disney's Hotel New York,H02R05_skyline-bar.pdf,9,8,moment Seasonal small fruits and berries macarons2 Assorted macarons2,disneys-hotel-new-york/skyline-bar
2026-09-05,Skyline Bar,Disney's Hotel New York,H02R05_skyline-bar.pdf,9,9,macarons2 Assorted macarons2 litchi-passion-rose Leechy-passion-rose cheesecake,disneys-hotel-new-york/skyline-bar
2026-09-05,Skyline Bar,Disney's Hotel New York,H02R05_skyline-bar.pdf,9,10,"litchi-passion-rose Leechy-passion-rose cheesecake ""Dr. Strange"" Pastry",disneys-hotel-new-york/skyline-bar
2026-09-05,Skyline Bar,Disney's Hotel New York,H02R05_skyline-bar.pdf,9,8,"whipped cream, red berries compote, meringue pieces and coconut Chocolat ou vanille Chocolate or vanilla GROM® ice cream",disneys-hotel-new-york/skyline-bar
2026-09-05,Skyline Bar,Disney's Hotel New York,H02R05_skyline-bar.pdf,9,8,Chocolat ou vanille Chocolate or vanilla GROM® ice cream Pistachio GROM® ice cream,disneys-hotel-new-york/skyline-bar
2026-09-05,Skyline Bar,Disney's Hotel New York,H02R05_skyline-bar.pdf,9,8,Pistachio GROM® ice cream fraise Mango or strawberry GROM® sorbet,disneys-hotel-new-york/skyline-bar
2026-09-05,Skyline Bar,Disney's Hotel New York,H02R05_skyline-bar.pdf,10,34,SPOON THE HOTEL NEW YORK,disneys-hotel-new-york/skyline-bar
2026-09-05,La Cantina,Disney's Hotel Santa Fe,H06R00_la-cantina.pdf,1,35,FRAÎCHE CL,disneys-hotel-santa-fe/la-cantina
2026-09-05,La Cantina,Disney's Hotel Santa Fe,H06R00_la-cantina.pdf,1,20,CL OU DE POMME,disneys-hotel-santa-fe/la-cantina
2026-09-05,La Cantina,Disney's Hotel Santa Fe,H06R00_la-cantina.pdf,1,30,ROSÉS ROSÉ WINE IGP Pays d’Oc Gris blanc.,disneys-hotel-santa-fe/la-cantina
2026-09-05,La Cantina,Disney's Hotel Santa Fe,H06R00_la-cantina.pdf,1,33,IGP Pays d’Oc Gris blanc. AOP Côtes de Provence Minuty Prestige,disneys-hotel-santa-fe/la-cantina
2026-09-05,La Cantina,Disney's Hotel Santa Fe,H06R00_la-cantina.pdf,1,9,Whisky Johnnie Walker Red Label Engine Bio,disneys-hotel-santa-fe/la-cantina
2026-09-05,La Cantina,Disney's Hotel Santa Fe,H06R00_la-cantina.pdf,1,8,Blanc White IGP Pays d’Oc Gio blanc,disneys-hotel-santa-fe/la-cantina
2026-09-05,La Cantina,Disney's Hotel Santa Fe,H06R00_la-cantina.pdf,1,5,Vittel® S.Pellegrino®,disneys-hotel-santa-fe/la-cantina
2026-09-05,La Cantina,Disney's Hotel Santa Fe,H06R00_la-cantina.pdf,1,8,IGP Pays d’Oc Gio blanc Rouge Red IGP Pays d’Oc Gio rouge,disneys-hotel-santa-fe/la-cantina
2026-09-05,La Cantina,Disney's Hotel Santa Fe,H06R00_la-cantina.pdf,1,8,Rosé IGP Pays d’Oc Gris blanc,disneys-hotel-santa-fe/la-cantina
2026-09-05,La Cantina,Disney's Hotel Santa Fe,H06R00_la-cantina.pdf,1,21,Blanc White IGP Pays d’Oc Sauvignon blanc,disneys-hotel-santa-fe/la-cantina
2026-09-05,La Cantina,Disney's Hotel Santa Fe,H06R00_la-cantina.pdf,1,21,IGP Pays d’Oc Sauvignon blanc Rouge Red IGP Pays d’Oc Merlot,disneys-hotel-santa-fe/la-cantina
2026-09-05,La Cantina,Disney's Hotel Santa Fe,H06R00_la-cantina.pdf,1,21,Rouge Red IGP Pays d’Oc Merlot Rosé IGP Méditerranée Brise Marine,disneys-hotel-santa-fe/la-cantina
2026-09-05,La Cantina,Disney's Hotel Santa Fe,H06R00_la-cantina.pdf,1,4,Espresso Arabica Double espresso Arabica..............................,disneys-hotel-santa-fe/la-cantina
2026-09-05,La Cantina,Disney's Hotel Santa Fe,H06R00_la-cantina.pdf,1,30,VINS BLANCS WHITE WINE Pays d’Oc Naturalys Gérard Bertrand Chardonnay Bio,disneys-hotel-santa-fe/la-cantina
2026-09-05,La Cantina,Disney's Hotel Santa Fe,H06R00_la-cantina.pdf,1,30,AOC Bordeaux Agneau Blanc Baron Philippe de Rothschild,disneys-hotel-santa-fe/la-cantina
2026-09-05,La Cantina,Disney's Hotel Santa Fe,H06R00_la-cantina.pdf,1,38,Cuvée Disneyland® Paris AOP La Clape Château L’Hospitalet Bio Demeter,disneys-hotel-santa-fe/la-cantina
2026-09-05,La Cantina,Disney's Hotel Santa Fe,H06R00_la-cantina.pdf,1,30,ROUGES RED WINE Pays d’Oc Naturalys Gérard Bertrand Merlot Bio,disneys-hotel-santa-fe/la-cantina
2026-09-05,La Cantina,Disney's Hotel Santa Fe,H06R00_la-cantina.pdf,1,7,Corona Extra Mordue Original Cidre aromatisé CL,disneys-hotel-santa-fe/la-cantina
2026-09-05,La Cantina,Disney's Hotel Santa Fe,H06R00_la-cantina.pdf,1,30,AOC Bordeaux Agneau Blanc Baron Philippe de Rothschild,disneys-hotel-santa-fe/la-cantina
2026-09-05,La Cantina,Disney's Hotel Santa Fe,H06R00_la-cantina.pdf,1,22,ADULTE,disneys-hotel-santa-fe/la-cantina
2026-09-05,La Cantina,Disney's Hotel Santa Fe,H06R00_la-cantina.pdf,1,18,ENFANT,disneys-hotel-santa-fe/la-cantina
2026-09-05,La Cantina,Disney's Hotel Santa Fe,H06R00_la-cantina.pdf,1,25,DESSERT À nécessaire à la réception de l’Hôtel PERSONNES,disneys-hotel-santa-fe/la-cantina
2026-09-05,La Cantina,Disney's Hotel Santa Fe,H06R00_la-cantina.pdf,1,45,DESSERT À PARTIR DE PERSONNES PERSONNES,disneys-hotel-santa-fe/la-cantina
2026-09-05,La Cantina,Disney's Hotel Santa Fe,H06R00_la-cantina.pdf,2,35,,disneys-hotel-santa-fe/la-cantina
2026-09-05,La Cantina,Disney's Hotel Santa Fe,H06R00_la-cantina.pdf,2,20,CL NARANJA O DE MANZANA CL,disneys-hotel-santa-fe/la-cantina
2026-09-05,La Cantina,Disney's Hotel Santa Fe,H06R00_la-cantina.pdf,2,30,VINOS ROSADOS ROSÉWEINE Pays d’Oc Gris blanc.,disneys-hotel-santa-fe/la-cantina
2026-09-05,La Cantina,Disney's Hotel Santa Fe,H06R00_la-cantina.pdf,2,33,Pays d’Oc Gris blanc. Côtes de Provence Minuty Prestige rosé,disneys-hotel-santa-fe/la-cantina
2026-09-05,La Cantina,Disney's Hotel Santa Fe,H06R00_la-cantina.pdf,2,9,Whisky Johnnie Walker Red Label Engine Bio,disneys-hotel-santa-fe/la-cantina
2026-09-05,La Cantina,Disney's Hotel Santa Fe,H06R00_la-cantina.pdf,2,8,Blancos Weißwein IGP Pays d’Oc Gio blanc,disneys-hotel-santa-fe/la-cantina
2026-09-05,La Cantina,Disney's Hotel Santa Fe,H06R00_la-cantina.pdf,2,8,Rojos Rotweine IGP Pays d’Oc Gio rouge,disneys-hotel-santa-fe/la-cantina
2026-09-05,La Cantina,Disney's Hotel Santa Fe,H06R00_la-cantina.pdf,2,8,IGP Pays d’Oc Gio rouge Rosados Roséweine IGP Pays d’Oc Gris blanc,disneys-hotel-santa-fe/la-cantina
2026-09-05,La Cantina,Disney's Hotel Santa Fe,H06R00_la-cantina.pdf,2,21,Blancos Weißwein IGP Pays d’Oc Sauvignon blanc,disneys-hotel-santa-fe/la-cantina
2026-09-05,La Cantina,Disney's Hotel Santa Fe,H06R00_la-cantina.pdf,2,21,IGP Pays d’Oc Sauvignon blanc Rojos Rotweine IGP Pays d’Oc Merlot,disneys-hotel-santa-fe/la-cantina
2026-09-05,La Cantina,Disney's Hotel Santa Fe,H06R00_la-cantina.pdf,2,21,Rosados Roséweine IGP Méditerranée Brise Marine,disneys-hotel-santa-fe/la-cantina
2026-09-05,La Cantina,Disney's Hotel Santa Fe,H06R00_la-cantina.pdf,2,4,Espresso Arábica Double espresso Arábica,disneys-hotel-santa-fe/la-cantina
2026-09-05,La Cantina,Disney's Hotel Santa Fe,H06R00_la-cantina.pdf,2,30,VINOS BLANCOS WEISSWEIN Pays d’Oc Naturalys Gérard Bertrand Chardonnay Bio,disneys-hotel-santa-fe/la-cantina
2026-09-05,La Cantina,Disney's Hotel Santa Fe,H06R00_la-cantina.pdf,2,30,AOC Bordeaux Agneau Blanc Baron Philippe de Rothschild,disneys-hotel-santa-fe/la-cantina
2026-09-05,La Cantina,Disney's Hotel Santa Fe,H06R00_la-cantina.pdf,2,38,Cuvée Disneyland® Paris AOP La Clape Château L’Hospitalet Bio Demeter,disneys-hotel-santa-fe/la-cantina
2026-09-05,La Cantina,Disney's Hotel Santa Fe,H06R00_la-cantina.pdf,2,30,VINOS TINTOS ROTWEINE Pays d’Oc Naturalys Gérard Bertrand Merlot Bio,disneys-hotel-santa-fe/la-cantina
2026-09-05,La Cantina,Disney's Hotel Santa Fe,H06R00_la-cantina.pdf,2,30,AOC Bordeaux Agneau Blanc Baron Philippe de Rothschild,disneys-hotel-santa-fe/la-cantina
2026-09-05,La Cantina,Disney's Hotel Santa Fe,H06R00_la-cantina.pdf,2,7,Corona Extra Mordue Original Cidre aromatisé CL,disneys-hotel-santa-fe/la-cantina
2026-09-05,La Cantina,Disney's Hotel Santa Fe,H06R00_la-cantina.pdf,2,22,ADULTO,disneys-hotel-santa-fe/la-cantina
2026-09-05,La Cantina,Disney's Hotel Santa Fe,H06R00_la-cantina.pdf,2,18,NIÑO,disneys-hotel-santa-fe/la-cantina
2026-09-05,La Cantina,Disney's Hotel Santa Fe,H06R00_la-cantina.pdf,2,25,reservación en la recepción del hotel PERSONAS,disneys-hotel-santa-fe/la-cantina
2026-09-05,La Cantina,Disney's Hotel Santa Fe,H06R00_la-cantina.pdf,2,45,POSTRE A PARTIR PERSONAS PERSONAS,disneys-hotel-santa-fe/la-cantina
2026-09-05,Cape Cod,Disney's Newport Bay Club,H03R00_cape-cod.pdf,1,6,Pression Draught De barril Alla spina Premium,disneys-newport-bay-club/cape-cod
2026-09-05,Cape Cod,Disney's Newport Bay Club,H03R00_cape-cod.pdf,1,32,BLANCOS VINI BIANCHI Entre-Deux-Mers Cuvée Clémence,disneys-newport-bay-club/cape-cod
2026-09-05,Cape Cod,Disney's Newport Bay Club,H03R00_cape-cod.pdf,1,49,Loire Sancerre Château de Sancerre Sauvignon blanc,disneys-newport-bay-club/cape-cod
2026-09-05,Cape Cod,Disney's Newport Bay Club,H03R00_cape-cod.pdf,1,5,FRUTA SUCCO DI FRUTTA ou de pomme Orange or Apple juice,disneys-newport-bay-club/cape-cod
2026-09-05,Cape Cod,Disney's Newport Bay Club,H03R00_cape-cod.pdf,1,36,ROSADOS VINI ROSATI de Provence Minuty Prestige,disneys-newport-bay-club/cape-cod
2026-09-05,Cape Cod,Disney's Newport Bay Club,H03R00_cape-cod.pdf,1,38,TINTOS VINI ROSSI Bordeaux Mouton Cadet Baron Philippe de Rothschild,disneys-newport-bay-club/cape-cod
2026-09-05,Cape Cod,Disney's Newport Bay Club,H03R00_cape-cod.pdf,1,4,espresso Arabica Arabica Coffee,disneys-newport-bay-club/cape-cod
2026-09-05,Cape Cod,Disney's Newport Bay Club,H03R00_cape-cod.pdf,1,5,Decaffeinated chaud Hot chocolate,disneys-newport-bay-club/cape-cod
2026-09-05,Cape Cod,Disney's Newport Bay Club,H03R00_cape-cod.pdf,1,35,Disneyland® Paris AOP La Clape L’Hospitalet Bio Demeter,disneys-newport-bay-club/cape-cod
2026-09-05,Cape Cod,Disney's Newport Bay Club,H03R00_cape-cod.pdf,1,4,"chaud Hot chocolate infusion Tea, herbal tea",disneys-newport-bay-club/cape-cod
2026-09-05,Cape Cod,Disney's Newport Bay Club,H03R00_cape-cod.pdf,1,45,Eau minérale cl Mineral water cl,disneys-newport-bay-club/cape-cod
2026-09-05,Cape Cod,Disney's Newport Bay Club,H03R00_cape-cod.pdf,1,25,cl cl refresco de cl,disneys-newport-bay-club/cape-cod
2026-09-05,Cape Cod,Disney's Newport Bay Club,H03R00_cape-cod.pdf,1,25,Dessert to share for or more people votre dessert d’anniversaire en début de repas,disneys-newport-bay-club/cape-cod
2026-09-05,Cape Cod,Disney's Newport Bay Club,H03R00_cape-cod.pdf,1,45,dessert before your meal! Dessert a partire da persone cumpleaños antes de empezar la comida Dessert à partir de personn,disneys-newport-bay-club/cape-cod
2026-09-05,Captain's Quarters,Disney's Newport Bay Club,H03R01_captains-quarters.pdf,6,4,syrup and ginger beer Summer Regatta,disneys-newport-bay-club/captains-quarters
2026-09-05,Captain's Quarters,Disney's Newport Bay Club,H03R01_captains-quarters.pdf,7,16,C L A S S I C C O C K T A I L S Old Fashioned,disneys-newport-bay-club/captains-quarters
2026-09-05,Captain's Quarters,Disney's Newport Bay Club,H03R01_captains-quarters.pdf,7,16,Perrier® and sugar Espresso Martini,disneys-newport-bay-club/captains-quarters
2026-09-05,Captain's Quarters,Disney's Newport Bay Club,H03R01_captains-quarters.pdf,7,16,cane sugar syrup and Lavazza espresso Mojito,disneys-newport-bay-club/captains-quarters
2026-09-05,Captain's Quarters,Disney's Newport Bay Club,H03R01_captains-quarters.pdf,8,16,Piña Colada,disneys-newport-bay-club/captains-quarters
2026-09-05,Captain's Quarters,Disney's Newport Bay Club,H03R01_captains-quarters.pdf,8,16,"Saint James Imperial white rum, pineapple juice1 and coconut purée Aperol Spritz........................................",disneys-newport-bay-club/captains-quarters
2026-09-05,Captain's Quarters,Disney's Newport Bay Club,H03R01_captains-quarters.pdf,8,14,H O T C O C K T A I L Irish Coffee,disneys-newport-bay-club/captains-quarters
2026-09-05,Captain's Quarters,Disney's Newport Bay Club,H03R01_captains-quarters.pdf,9,8,Cidre aromatisé Grimbergen d’Abbaye,disneys-newport-bay-club/captains-quarters
2026-09-05,Captain's Quarters,Disney's Newport Bay Club,H03R01_captains-quarters.pdf,9,9,Grimbergen d’Abbaye rouge,disneys-newport-bay-club/captains-quarters
2026-09-05,Captain's Quarters,Disney's Newport Bay Club,H03R01_captains-quarters.pdf,9,9,Corona Extra Guinness Draught cl,disneys-newport-bay-club/captains-quarters
2026-09-05,Captain's Quarters,Disney's Newport Bay Club,H03R01_captains-quarters.pdf,11,10,Irish Cream The Original Pisang Ambon,disneys-newport-bay-club/captains-quarters
2026-09-05,Captain's Quarters,Disney's Newport Bay Club,H03R01_captains-quarters.pdf,13,13,CLASSIC Virgin Lada..................,disneys-newport-bay-club/captains-quarters
2026-09-05,Captain's Quarters,Disney's Newport Bay Club,H03R01_captains-quarters.pdf,13,13,and coconut purée Virgin Mojito,disneys-newport-bay-club/captains-quarters
2026-09-05,Captain's Quarters,Disney's Newport Bay Club,H03R01_captains-quarters.pdf,16,34,magique cuillère,disneys-newport-bay-club/captains-quarters
2026-09-05,Captain's Quarters,Disney's Newport Bay Club,H03R01_captains-quarters.pdf,17,17,"PLANCHE DE LA MER, IDÉALE À PARTAGER",disneys-newport-bay-club/captains-quarters
2026-09-05,Captain's Quarters,Disney's Newport Bay Club,H03R01_captains-quarters.pdf,17,6,shrimps Chips Pipers,disneys-newport-bay-club/captains-quarters
2026-09-05,Captain's Quarters,Disney's Newport Bay Club,H03R01_captains-quarters.pdf,18,14,Sandwich au saumon fumé façon wrap,disneys-newport-bay-club/captains-quarters
2026-09-05,Captain's Quarters,Disney's Newport Bay Club,H03R01_captains-quarters.pdf,18,14,"Smoked salmon, Kiri®, dill and cucumber Sandwich végétal",disneys-newport-bay-club/captains-quarters
2026-09-05,Captain's Quarters,Disney's Newport Bay Club,H03R01_captains-quarters.pdf,18,14,"cucumber, radish, and vegan pesto Sandwich Poulet",disneys-newport-bay-club/captains-quarters
2026-09-05,Captain's Quarters,Disney's Newport Bay Club,H03R01_captains-quarters.pdf,18,12,S A L A D A N D S N A C K Veggie Bowl,disneys-newport-bay-club/captains-quarters
2026-09-05,Captain's Quarters,Disney's Newport Bay Club,H03R01_captains-quarters.pdf,18,5,mango and citrus vinaigrette pain à l'ail garlic bread,disneys-newport-bay-club/captains-quarters
2026-09-05,Captain's Quarters,Disney's Newport Bay Club,H03R01_captains-quarters.pdf,18,15,Grilled cheese sandwich with ham salad,disneys-newport-bay-club/captains-quarters
2026-09-05,Captain's Quarters,Disney's Newport Bay Club,H03R01_captains-quarters.pdf,19,19,F O R M U L E D U C A P I TA I N E,disneys-newport-bay-club/captains-quarters
2026-09-05,Captain's Quarters,Disney's Newport Bay Club,H03R01_captains-quarters.pdf,19,8,crème glacée Ice Cream Chocolat ou vanille Chocolate or vanilla flavour,disneys-newport-bay-club/captains-quarters
2026-09-05,Captain's Quarters,Disney's Newport Bay Club,H03R01_captains-quarters.pdf,19,8,Chocolat ou vanille Chocolate or vanilla flavour Glace Ice Cream,disneys-newport-bay-club/captains-quarters
2026-09-05,Captain's Quarters,Disney's Newport Bay Club,H03R01_captains-quarters.pdf,19,8,Pistache Pistachio flavour Sorbet/ Sherbet,disneys-newport-bay-club/captains-quarters
2026-09-05,Captain's Quarters,Disney's Newport Bay Club,H03R01_captains-quarters.pdf,19,6,Mangue ou fraise Mango or strawberry flavour Muffin aux myrtilles2,disneys-newport-bay-club/captains-quarters
2026-09-05,Captain's Quarters,Disney's Newport Bay Club,H03R01_captains-quarters.pdf,19,8,Muffin aux myrtilles2 Pâtisserie du moment,disneys-newport-bay-club/captains-quarters
2026-09-05,Beaver Creek Tavern,Disney's Sequoia Lodge,H04R00_beaver-creek-tavern.pdf,1,45,HIER HABEN SIE Unser Buffet bietet,disneys-sequoia-lodge/beaver-creek-tavern
2026-09-05,Beaver Creek Tavern,Disney's Sequoia Lodge,H04R00_beaver-creek-tavern.pdf,1,25,,disneys-sequoia-lodge/beaver-creek-tavern
2026-09-05,Beaver Creek Tavern,Disney's Sequoia Lodge,H04R00_beaver-creek-tavern.pdf,1,30,Breakfast,disneys-sequoia-lodge/beaver-creek-tavern
2026-09-05,Beaver Creek Tavern,Disney's Sequoia Lodge,H04R00_beaver-creek-tavern.pdf,1,24,Breakfast Desayuno Frühstück,disneys-sequoia-lodge/beaver-creek-tavern
2026-09-05,Beaver Creek Tavern,Disney's Sequoia Lodge,H04R00_beaver-creek-tavern.pdf,1,25,For children ages to Para niño de a años.,disneys-sequoia-lodge/beaver-creek-tavern
2026-09-05,Beaver Creek Tavern,Disney's Sequoia Lodge,H04R00_beaver-creek-tavern.pdf,1,45,Postre a partir de personas Postre Dessert für mindestens Personen Dessert für,disneys-sequoia-lodge/beaver-creek-tavern
2026-09-05,Beaver Creek Tavern,Disney's Sequoia Lodge,H04R00_beaver-creek-tavern.pdf,1,38,WHITE WINE AOC Bourgogne aligoté La Chablisienne................................,disneys-sequoia-lodge/beaver-creek-tavern
2026-09-05,Beaver Creek Tavern,Disney's Sequoia Lodge,H04R00_beaver-creek-tavern.pdf,1,35,RED WINE Chablisienne................................ AOC Saint Emilion Fortin Plaisance...................,disneys-sequoia-lodge/beaver-creek-tavern
2026-09-05,Beaver Creek Tavern,Disney's Sequoia Lodge,H04R00_beaver-creek-tavern.pdf,1,32,IGP Cité de Carcassonne Gérard Bertrand Chardonnay,disneys-sequoia-lodge/beaver-creek-tavern
2026-09-05,Beaver Creek Tavern,Disney's Sequoia Lodge,H04R00_beaver-creek-tavern.pdf,1,32,IGP Pays d’Oc Naturalys Gérard Bertrand Chardonnay Bio,disneys-sequoia-lodge/beaver-creek-tavern
2026-09-05,Beaver Creek Tavern,Disney's Sequoia Lodge,H04R00_beaver-creek-tavern.pdf,1,38,Cuvée Disneyland® Paris AOP La Clape Château L’Hospitalet Bio Demeter,disneys-sequoia-lodge/beaver-creek-tavern
2026-09-05,Beaver Creek Tavern,Disney's Sequoia Lodge,H04R00_beaver-creek-tavern.pdf,1,49,AOP Sancerre Château de Sancerre Sauvignon blanc........................................................................,disneys-sequoia-lodge/beaver-creek-tavern
2026-09-05,Beaver Creek Tavern,Disney's Sequoia Lodge,H04R00_beaver-creek-tavern.pdf,1,32,ROSÉ WINE AOP Languedoc Art de vivre Gérard Bertrand..................,disneys-sequoia-lodge/beaver-creek-tavern
2026-09-05,Beaver Creek Tavern,Disney's Sequoia Lodge,H04R00_beaver-creek-tavern.pdf,1,4,"Chocolat chaud Hot Chocolate Thé, Infusion Tea, Herbal Tea.",disneys-sequoia-lodge/beaver-creek-tavern
2026-09-05,Beaver Creek Tavern,Disney's Sequoia Lodge,H04R00_beaver-creek-tavern.pdf,1,36,AOP Côtes de Provence Minuty Prestige rosé,disneys-sequoia-lodge/beaver-creek-tavern
2026-09-05,Redwood Bar,Disney's Sequoia Lodge,H04R02_redwood-bar-and-lounge.pdf,8,13,C O C K TA I L S Piña Colada,disneys-sequoia-lodge/redwood-bar-and-lounge
2026-09-06,Chez Marie,Disney Adventure World,P2DR06_chez-marie.pdf,1,6,La Magie du Bayou,disney-adventure-world/chez-marie
2026-09-06,Chez Marie,Disney Adventure World,P2DR06_chez-marie.pdf,1,6,Le Pouvoir du Soleil,disney-adventure-world/chez-marie
2026-09-06,Chez Marie,Disney Adventure World,P2DR06_chez-marie.pdf,1,6,La Féérie du Bois,disney-adventure-world/chez-marie
2026-09-06,Chez Marie,Disney Adventure World,P2DR06_chez-marie.pdf,1,15,cl cl cl cl Gobelet Tumbler.,disney-adventure-world/chez-marie
2026-09-06,Chez Marie,Disney Adventure World,P2DR06_chez-marie.pdf,1,17,avec boisson fraîche with a cold drink.,disney-adventure-world/chez-marie
2026-09-06,Chez Marie,Disney Adventure World,P2DR06_chez-marie.pdf,1,50,Prix nets Nous n’acceptons pas les coupures au-delà de,disney-adventure-world/chez-marie
2026-09-06,Chez Marie,Disney Adventure World,P2DR06_chez-marie.pdf,1,50,Tax included coupures au-delà de We do not accept notes over,disney-adventure-world/chez-marie
2026-09-06,Chez Marie,Disney Adventure World,P2DR06_chez-marie.pdf,1,4,Café Arabica Coffee Café au lait Coffee with milk.,disney-adventure-world/chez-marie
2026-09-06,Chez Marie,Disney Adventure World,P2DR06_chez-marie.pdf,1,4,Café au lait Coffee with milk. Cappuccino,disney-adventure-world/chez-marie
2026-09-06,Chez Marie,Disney Adventure World,P2DR06_chez-marie.pdf,1,15,"Thé, infusion Tea, herbal tea. Mug.",disney-adventure-world/chez-marie
2026-09-06,Chez Marie,Disney Adventure World,P2DR06_chez-marie.pdf,1,17,Mug. avec boisson chaude with a hot drink,disney-adventure-world/chez-marie
2026-09-06,Ice Cream Creations,Disney Adventure World,P2TR00_ice-cream-creations.pdf,1,9,Goûter Sweet Break,disney-adventure-world/ice-cream-creations
2026-09-06,Ice Cream Creations,Disney Adventure World,P2TR00_ice-cream-creations.pdf,1,50,Prix nets Nous n’acceptons pas les coupures au-delà de,disney-adventure-world/ice-cream-creations
2026-09-06,Ice Cream Creations,Disney Adventure World,P2TR00_ice-cream-creations.pdf,1,50,au-delà de Tax included -We do not accept notes over,disney-adventure-world/ice-cream-creations
2026-09-06,Ice Cream Creations,Disney Adventure World,P2TR00_ice-cream-creations.pdf,1,6,,disney-adventure-world/ice-cream-creations
2026-09-06,Ice Cream Creations,Disney Adventure World,P2TR00_ice-cream-creations.pdf,1,6,almonds and hazelnut,disney-adventure-world/ice-cream-creations
2026-09-06,Ice Cream Creations,Disney Adventure World,P2TR00_ice-cream-creations.pdf,1,6,bronze-eff ect slivers,disney-adventure-world/ice-cream-creations
2026-09-06,Ice Cream Creations,Disney Adventure World,P2TR00_ice-cream-creations.pdf,1,6,,disney-adventure-world/ice-cream-creations
2026-09-06,Laugh’N' Go!,Disney Adventure World,P2VK00_laugh-n-go.pdf,1,9,McQUEEN,disney-adventure-world/laugh-n-go
2026-09-06,Laugh’N' Go!,Disney Adventure World,P2VK00_laugh-n-go.pdf,1,4,,disney-adventure-world/laugh-n-go
2026-09-06,Laugh’N' Go!,Disney Adventure World,P2VK00_laugh-n-go.pdf,1,5,Stracciatella CCaarraammeell SSaauuccee,disney-adventure-world/laugh-n-go
2026-09-06,Laugh’N' Go!,Disney Adventure World,P2VK00_laugh-n-go.pdf,1,50,Orange or apple produit décongelé Nous n’acceptons pas les coupures au-delà de,disney-adventure-world/laugh-n-go
2026-09-06,Laugh’N' Go!,Disney Adventure World,P2VK00_laugh-n-go.pdf,1,50,nets produit décongelé Nous n’acceptons pas les coupures au-delà Tax included defrosted product We do not accept notes o,disney-adventure-world/laugh-n-go
2026-09-06,Stark Factory,Disney Adventure World,P2AR01_stark-factory.pdf,1,13,"TRIVELLI,",disney-adventure-world/stark-factory
2026-09-06,Stark Factory,Disney Adventure World,P2AR01_stark-factory.pdf,1,13,"PENNETTE,",disney-adventure-world/stark-factory
2026-09-06,Stark Factory,Disney Adventure World,P2AR01_stark-factory.pdf,1,5,"CHOCOLATE SPHERE, DARK CHOCOLATE MOUSSE SALT, CRISPY SPECULOOS-ALMOND-SUNFLOWER HEART1",disney-adventure-world/stark-factory
2026-09-06,Stark Factory,Disney Adventure World,P2AR01_stark-factory.pdf,1,5,MANGO AND FRUIT PANNA COTTA1,disney-adventure-world/stark-factory
2026-09-06,Stark Factory,Disney Adventure World,P2AR01_stark-factory.pdf,1,3,MANGO AND PASSION YOGHURT FRUIT PANNA COTTA1 WITH A FRUIT LAYER,disney-adventure-world/stark-factory
2026-09-06,Stark Factory,Disney Adventure World,P2AR01_stark-factory.pdf,1,5,TIRAMISÙ1,disney-adventure-world/stark-factory
2026-09-06,Stark Factory,Disney Adventure World,P2AR01_stark-factory.pdf,1,4,DE FRUIT TIRAMISÙ1 FRUIT BAG,disney-adventure-world/stark-factory
2026-09-06,Stark Factory,Disney Adventure World,P2AR01_stark-factory.pdf,1,4,COFFEE WITH MILK,disney-adventure-world/stark-factory
2026-09-06,Stark Factory,Disney Adventure World,P2AR01_stark-factory.pdf,1,4,COFFEE WITH MILK,disney-adventure-world/stark-factory
2026-09-06,Stark Factory,Disney Adventure World,P2AR01_stark-factory.pdf,1,14,PIZZA AUX LÉGUMES ET STRACCIATELLA,disney-adventure-world/stark-factory
2026-09-06,Stark Factory,Disney Adventure World,P2AR01_stark-factory.pdf,1,14,PIZZA PEPPERONI,disney-adventure-world/stark-factory
2026-09-06,Stark Factory,Disney Adventure World,P2AR01_stark-factory.pdf,1,14,PIZZA BRIE,disney-adventure-world/stark-factory
2026-09-06,Stark Factory,Disney Adventure World,P2AR01_stark-factory.pdf,1,13,"TORTELLONI AU FROMAGE,",disney-adventure-world/stark-factory
2026-09-06,Stark Factory,Disney Adventure World,P2AR01_stark-factory.pdf,1,7,DEMI PIZZA,disney-adventure-world/stark-factory
2026-09-06,Stark Factory,Disney Adventure World,P2AR01_stark-factory.pdf,1,4,CHOCOLATE MOUSSE AND SEA SPECULOOS-ALMOND-SUNFLOWER HEART1,disney-adventure-world/stark-factory
2026-09-06,Stark Factory,Disney Adventure World,P2AR01_stark-factory.pdf,1,4,ALMOND,disney-adventure-world/stark-factory
2026-09-06,Super Diner,Disney Adventure World,P2AR03_super-diner.pdf,1,11,Shawarma..................................................................................,disney-adventure-world/super-diner
2026-09-06,Super Diner,Disney Adventure World,P2AR03_super-diner.pdf,1,11,,disney-adventure-world/super-diner
2026-09-06,Super Diner,Disney Adventure World,P2AR03_super-diner.pdf,1,7,children ages to,disney-adventure-world/super-diner
2026-09-06,Super Diner,Disney Adventure World,P2AR03_super-diner.pdf,1,5,,disney-adventure-world/super-diner
2026-09-06,Super Diner,Disney Adventure World,P2AR03_super-diner.pdf,1,5,Ben Jerry’s® Cookie Dough,disney-adventure-world/super-diner
2026-09-06,Super Diner,Disney Adventure World,P2AR03_super-diner.pdf,1,5,Chocolate Fudge Brownie,disney-adventure-world/super-diner
2026-09-06,Super Diner,Disney Adventure World,P2AR03_super-diner.pdf,1,5,Vanilla Pecan Blondie,disney-adventure-world/super-diner
2026-09-06,The Regal View Restaurant & Lounge,Disney Adventure World,P2DR00_the-regal-view-restaurant-and-lounge.pdf,2,60,ADULTE,disney-adventure-world/the-regal-view-restaurant-and-lounge
2026-09-06,The Regal View Restaurant & Lounge,Disney Adventure World,P2DR00_the-regal-view-restaurant-and-lounge.pdf,2,48,"Omelette végétale à la ciboulette, ENFANT",disney-adventure-world/the-regal-view-restaurant-and-lounge
2026-09-06,The Regal View Restaurant & Lounge,Disney Adventure World,P2DR00_the-regal-view-restaurant-and-lounge.pdf,3,60,ADULT,disney-adventure-world/the-regal-view-restaurant-and-lounge
2026-09-06,The Regal View Restaurant & Lounge,Disney Adventure World,P2DR00_the-regal-view-restaurant-and-lounge.pdf,3,48,"Plant-based omelette with mushrooms, CHILDREN",disney-adventure-world/the-regal-view-restaurant-and-lounge
2026-09-06,The Regal View Restaurant & Lounge,Disney Adventure World,P2DR00_the-regal-view-restaurant-and-lounge.pdf,5,25,Accord mets,disney-adventure-world/the-regal-view-restaurant-and-lounge
2026-09-06,The Regal View Restaurant & Lounge,Disney Adventure World,P2DR00_the-regal-view-restaurant-and-lounge.pdf,5,100,MENU DU,disney-adventure-world/the-regal-view-restaurant-and-lounge
2026-09-06,The Regal View Restaurant & Lounge,Disney Adventure World,P2DR00_the-regal-view-restaurant-and-lounge.pdf,5,40,Accord mets,disney-adventure-world/the-regal-view-restaurant-and-lounge
2026-09-06,The Regal View Restaurant & Lounge,Disney Adventure World,P2DR00_the-regal-view-restaurant-and-lounge.pdf,6,100,MENU DU,disney-adventure-world/the-regal-view-restaurant-and-lounge
2026-09-06,The Regal View Restaurant & Lounge,Disney Adventure World,P2DR00_the-regal-view-restaurant-and-lounge.pdf,7,25,en début de repas Dessert à partir de personnes,disney-adventure-world/the-regal-view-restaurant-and-lounge
2026-09-06,The Regal View Restaurant & Lounge,Disney Adventure World,P2DR00_the-regal-view-restaurant-and-lounge.pdf,7,45,Dessert à partir de personnes Dessert à partir de personnes,disney-adventure-world/the-regal-view-restaurant-and-lounge
2026-09-06,The Regal View Restaurant & Lounge,Disney Adventure World,P2DR00_the-regal-view-restaurant-and-lounge.pdf,9,25,Wine,disney-adventure-world/the-regal-view-restaurant-and-lounge
2026-09-06,The Regal View Restaurant & Lounge,Disney Adventure World,P2DR00_the-regal-view-restaurant-and-lounge.pdf,9,100,ROYAL OAK,disney-adventure-world/the-regal-view-restaurant-and-lounge
2026-09-06,The Regal View Restaurant & Lounge,Disney Adventure World,P2DR00_the-regal-view-restaurant-and-lounge.pdf,9,40,Champagne,disney-adventure-world/the-regal-view-restaurant-and-lounge
2026-09-06,The Regal View Restaurant & Lounge,Disney Adventure World,P2DR00_the-regal-view-restaurant-and-lounge.pdf,10,100,ROYAL OAK,disney-adventure-world/the-regal-view-restaurant-and-lounge
2026-09-06,The Regal View Restaurant & Lounge,Disney Adventure World,P2DR00_the-regal-view-restaurant-and-lounge.pdf,11,25,before your meal! Dessert to share for or more people,disney-adventure-world/the-regal-view-restaurant-and-lounge
2026-09-06,The Regal View Restaurant & Lounge,Disney Adventure World,P2DR00_the-regal-view-restaurant-and-lounge.pdf,11,45,Dessert to share for or more people Dessert to share for or more people,disney-adventure-world/the-regal-view-restaurant-and-lounge
2026-09-06,The Regal View Restaurant & Lounge,Disney Adventure World,P2DR00_the-regal-view-restaurant-and-lounge.pdf,12,5,rettirf arko htiw SRETRATS,disney-adventure-world/the-regal-view-restaurant-and-lounge
2026-09-06,The Regal View Restaurant & Lounge,Disney Adventure World,P2DR00_the-regal-view-restaurant-and-lounge.pdf,13,50,"Pour enfants Entrée, Plat, Dessert",disney-adventure-world/the-regal-view-restaurant-and-lounge
2026-09-06,The Steakhouse,Disney Village,D01R08_steakhouse.pdf,1,49,"37,5cl",disney-village/steakhouse
2026-09-06,The Steakhouse,Disney Village,D01R08_steakhouse.pdf,1,43,"37,5cl",disney-village/steakhouse
2026-09-06,The Steakhouse,Disney Village,D01R08_steakhouse.pdf,1,36,,disney-village/steakhouse
2026-09-06,The Steakhouse,Disney Village,D01R08_steakhouse.pdf,1,32,"37,5cl",disney-village/steakhouse
2026-09-06,The Steakhouse,Disney Village,D01R08_steakhouse.pdf,1,32,"37,5cl",disney-village/steakhouse
2026-09-06,The Steakhouse,Disney Village,D01R08_steakhouse.pdf,1,15,parmentier poireaux,disney-village/steakhouse
2026-09-06,The Steakhouse,Disney Village,D01R08_steakhouse.pdf,1,18,"cake, sauce vierge salicorne",disney-village/steakhouse
2026-09-06,The Steakhouse,Disney Village,D01R08_steakhouse.pdf,1,42,,disney-village/steakhouse
2026-09-06,The Steakhouse,Disney Village,D01R08_steakhouse.pdf,1,18,"de canard aux baies roses chipotle fumé,",disney-village/steakhouse
2026-09-06,The Steakhouse,Disney Village,D01R08_steakhouse.pdf,1,18,moelle en gouttière four,disney-village/steakhouse
2026-09-06,The Steakhouse,Disney Village,D01R08_steakhouse.pdf,1,50,"Entrée, Plat et",disney-village/steakhouse
2026-09-06,The Steakhouse,Disney Village,D01R08_steakhouse.pdf,1,17,moutarde de Meaux et cœur de frisée Steakhouse Caesar Salad,disney-village/steakhouse
2026-09-06,The Steakhouse,Disney Village,D01R08_steakhouse.pdf,1,18,Angus1 Carpaccio de bœuf,disney-village/steakhouse
2026-09-06,The Steakhouse,Disney Village,D01R08_steakhouse.pdf,1,16,Parmigiano Reggiano Champignon Portobello,disney-village/steakhouse
2026-09-06,The Steakhouse,Disney Village,D01R08_steakhouse.pdf,1,34,Pl de bœuf Charolais,disney-village/steakhouse
2026-09-06,The Steakhouse,Disney Village,D01R08_steakhouse.pdf,1,28,Steakhouse XL Caesar Salad,disney-village/steakhouse
2026-09-06,The Steakhouse,Disney Village,D01R08_steakhouse.pdf,1,28,Grillade aux protéines et de pois,disney-village/steakhouse
2026-09-06,The Steakhouse,Disney Village,D01R08_steakhouse.pdf,1,30,beignets d’oignons et sauce cocktail et frites poulet croustillant,disney-village/steakhouse
2026-09-06,The Steakhouse,Disney Village,D01R08_steakhouse.pdf,1,28,légumes aux légumes,disney-village/steakhouse
2026-09-06,The Steakhouse,Disney Village,D01R08_steakhouse.pdf,1,32,Coquelet mariné et rôti citron confit et miel,disney-village/steakhouse
2026-09-06,The Steakhouse,Disney Village,D01R08_steakhouse.pdf,1,28,tomateet basilic au saumon,disney-village/steakhouse
2026-09-06,The Steakhouse,Disney Village,D01R08_steakhouse.pdf,1,38,Parmigiano Reggiano grillées,disney-village/steakhouse
2026-09-06,The Steakhouse,Disney Village,D01R08_steakhouse.pdf,1,30,de bœuf Charolais couteau,disney-village/steakhouse
2026-09-06,The Steakhouse,Disney Village,D01R08_steakhouse.pdf,1,32,et riz basmati thon grillé,disney-village/steakhouse
2026-09-06,The Steakhouse,Disney Village,D01R08_steakhouse.pdf,1,32,accompagné d’une garniture de votre choix de porc fumé,disney-village/steakhouse
2026-09-06,The Steakhouse,Disney Village,D01R08_steakhouse.pdf,1,38,Filet de bœuf,disney-village/steakhouse
2026-09-06,The Steakhouse,Disney Village,D01R08_steakhouse.pdf,1,44,bœuf Entrecôte de Angus,disney-village/steakhouse
2026-09-06,The Steakhouse,Disney Village,D01R08_steakhouse.pdf,1,33,de bœuf Chuck Flap Angus,disney-village/steakhouse
2026-09-06,The Steakhouse,Disney Village,D01R08_steakhouse.pdf,1,25,"Entrée, Plat, Dessert et Boisson",disney-village/steakhouse
2026-09-06,The Steakhouse,Disney Village,D01R08_steakhouse.pdf,1,72,porterhouse Bavette bœuf d’aloyau,disney-village/steakhouse
2026-09-06,The Steakhouse,Disney Village,D01R08_steakhouse.pdf,1,100,Bavette Côte de bœuf d’aloyau Angus,disney-village/steakhouse
2026-09-06,The Steakhouse,Disney Village,D01R08_steakhouse.pdf,1,69,Côte de bœuf Chicago Angus Mix Grill,disney-village/steakhouse
2026-09-06,The Steakhouse,Disney Village,D01R08_steakhouse.pdf,1,115,hereford prime,disney-village/steakhouse
2026-09-06,The Steakhouse,Disney Village,D01R08_steakhouse.pdf,1,12,"gouttière rôti au four,",disney-village/steakhouse
2026-09-06,The Steakhouse,Disney Village,D01R08_steakhouse.pdf,1,12,"gouttière rôti au four,",disney-village/steakhouse
2026-09-06,The Steakhouse,Disney Village,D01R08_steakhouse.pdf,1,8,"basmati fumé, bacon et oignons frits",disney-village/steakhouse
2026-09-06,The Steakhouse,Disney Village,D01R08_steakhouse.pdf,1,8,"basmati fumé, bacon et oignons frits",disney-village/steakhouse
2026-09-06,The Steakhouse,Disney Village,D01R08_steakhouse.pdf,1,12,à la vanille,disney-village/steakhouse
2026-09-06,The Steakhouse,Disney Village,D01R08_steakhouse.pdf,1,14,Feuilleté croustillant,disney-village/steakhouse
2026-09-06,The Steakhouse,Disney Village,D01R08_steakhouse.pdf,1,15,Cake1 Chocolate Fudge,disney-village/steakhouse
2026-09-06,The Steakhouse,Disney Village,D01R08_steakhouse.pdf,1,13,caramélisées gourmand,disney-village/steakhouse
2026-09-06,The Steakhouse,Disney Village,D01R08_steakhouse.pdf,1,15,et crème anglaise Rainbow Coupe Original,disney-village/steakhouse
2026-09-06,The Steakhouse,Disney Village,D01R08_steakhouse.pdf,1,12,Carpaccio d’ananas fruits de saison1,disney-village/steakhouse
2026-09-06,The Steakhouse,Disney Village,D01R08_steakhouse.pdf,1,15,aux épices douces Profiterole géante,disney-village/steakhouse
2026-09-06,The Steakhouse,Disney Village,D01R08_steakhouse.pdf,1,15,fouettée Cheesecake1,disney-village/steakhouse
2026-09-06,The Steakhouse,Disney Village,D01R08_steakhouse.pdf,1,25,Dessert à partir de,disney-village/steakhouse
2026-09-06,The Steakhouse,Disney Village,D01R08_steakhouse.pdf,1,45,personnes commandez,disney-village/steakhouse
2026-09-06,The Steakhouse,Disney Village,D01R08_steakhouse.pdf,2,49,"37,5cl",disney-village/steakhouse
2026-09-06,The Steakhouse,Disney Village,D01R08_steakhouse.pdf,2,43,"37,5cl",disney-village/steakhouse
2026-09-06,The Steakhouse,Disney Village,D01R08_steakhouse.pdf,2,36,,disney-village/steakhouse
2026-09-06,The Steakhouse,Disney Village,D01R08_steakhouse.pdf,2,32,"37,5cl",disney-village/steakhouse
2026-09-06,The Steakhouse,Disney Village,D01R08_steakhouse.pdf,2,32,"37,5cl",disney-village/steakhouse
2026-09-06,The Steakhouse,Disney Village,D01R08_steakhouse.pdf,2,15,Starters Parmentier leek soup,disney-village/steakhouse
2026-09-06,The Steakhouse,Disney Village,D01R08_steakhouse.pdf,2,18,"cake, with sauce and samphire",disney-village/steakhouse
2026-09-06,The Steakhouse,Disney Village,D01R08_steakhouse.pdf,2,42,Starter and main course,disney-village/steakhouse
2026-09-06,The Steakhouse,Disney Village,D01R08_steakhouse.pdf,2,18,"with pink peppercorns smoked chipotle,......................",disney-village/steakhouse
2026-09-06,The Steakhouse,Disney Village,D01R08_steakhouse.pdf,2,18,mayonnaise marrowbone,disney-village/steakhouse
2026-09-06,The Steakhouse,Disney Village,D01R08_steakhouse.pdf,2,50,"Entrée, Plat et Dessert",disney-village/steakhouse
2026-09-06,The Steakhouse,Disney Village,D01R08_steakhouse.pdf,2,17,"mustard vinaigrette, and frisée heart Steakhouse Caesar Salad",disney-village/steakhouse
2026-09-06,The Steakhouse,Disney Village,D01R08_steakhouse.pdf,2,18,carpaccio1...................... beef,disney-village/steakhouse
2026-09-06,The Steakhouse,Disney Village,D01R08_steakhouse.pdf,2,16,croutons and Parmigiano Reggiano shavings Portobello mushroom,disney-village/steakhouse
2026-09-06,The Steakhouse,Disney Village,D01R08_steakhouse.pdf,2,34,Main Charolais beef burger,disney-village/steakhouse
2026-09-06,The Steakhouse,Disney Village,D01R08_steakhouse.pdf,2,28,Courses Steakhouse XL Caesar Salad,disney-village/steakhouse
2026-09-06,The Steakhouse,Disney Village,D01R08_steakhouse.pdf,2,28,soy and pea steak,disney-village/steakhouse
2026-09-06,The Steakhouse,Disney Village,D01R08_steakhouse.pdf,2,30,onion rings and fries chicken burger,disney-village/steakhouse
2026-09-06,The Steakhouse,Disney Village,D01R08_steakhouse.pdf,2,28,vegetable tian with vegetables,disney-village/steakhouse
2026-09-06,The Steakhouse,Disney Village,D01R08_steakhouse.pdf,2,32,Preserved lemon and honey roasted spring chicken,disney-village/steakhouse
2026-09-06,The Steakhouse,Disney Village,D01R08_steakhouse.pdf,2,28,and basil sauce penne,disney-village/steakhouse
2026-09-06,The Steakhouse,Disney Village,D01R08_steakhouse.pdf,2,30,Hand-cut Charolais tartare,disney-village/steakhouse
2026-09-06,The Steakhouse,Disney Village,D01R08_steakhouse.pdf,2,38,Parmigiano Reggiano sauce king prawns,disney-village/steakhouse
2026-09-06,The Steakhouse,Disney Village,D01R08_steakhouse.pdf,2,32,and basmati rice tuna steak,disney-village/steakhouse
2026-09-06,The Steakhouse,Disney Village,D01R08_steakhouse.pdf,2,32,our chef served with a choice of side pork ribs..............................,disney-village/steakhouse
2026-09-06,The Steakhouse,Disney Village,D01R08_steakhouse.pdf,2,38,Filet mignon,disney-village/steakhouse
2026-09-06,The Steakhouse,Disney Village,D01R08_steakhouse.pdf,2,44,Angus ribeye,disney-village/steakhouse
2026-09-06,The Steakhouse,Disney Village,D01R08_steakhouse.pdf,2,33,Angus chuck flap,disney-village/steakhouse
2026-09-06,The Steakhouse,Disney Village,D01R08_steakhouse.pdf,2,25,"Starter, main course, dessert and drink",disney-village/steakhouse
2026-09-06,The Steakhouse,Disney Village,D01R08_steakhouse.pdf,2,72,prime Flank steak,disney-village/steakhouse
2026-09-06,The Steakhouse,Disney Village,D01R08_steakhouse.pdf,2,100,Flank Angus rib steak of beef,disney-village/steakhouse
2026-09-06,The Steakhouse,Disney Village,D01R08_steakhouse.pdf,2,69,Angus rib Chicago beef Mix Grill,disney-village/steakhouse
2026-09-06,The Steakhouse,Disney Village,D01R08_steakhouse.pdf,2,115,"porterhouse steak,",disney-village/steakhouse
2026-09-06,The Steakhouse,Disney Village,D01R08_steakhouse.pdf,2,12,"Roast marrowbone,",disney-village/steakhouse
2026-09-06,The Steakhouse,Disney Village,D01R08_steakhouse.pdf,2,12,"Roast marrowbone,",disney-village/steakhouse
2026-09-06,The Steakhouse,Disney Village,D01R08_steakhouse.pdf,2,8,Pan-fried mixed vegetables or Basmati rice and crispy fried onions,disney-village/steakhouse
2026-09-06,The Steakhouse,Disney Village,D01R08_steakhouse.pdf,2,8,and crispy fried onions with truffle,disney-village/steakhouse
2026-09-06,The Steakhouse,Disney Village,D01R08_steakhouse.pdf,2,12,"Desserts cream dessert,",disney-village/steakhouse
2026-09-06,The Steakhouse,Disney Village,D01R08_steakhouse.pdf,2,14,Desserts puff pastry,disney-village/steakhouse
2026-09-06,The Steakhouse,Disney Village,D01R08_steakhouse.pdf,2,15,and almond-hazelnut wafer Chocolate Fudge Cake1,disney-village/steakhouse
2026-09-06,The Steakhouse,Disney Village,D01R08_steakhouse.pdf,2,13,pecan nuts and mini desserts,disney-village/steakhouse
2026-09-06,The Steakhouse,Disney Village,D01R08_steakhouse.pdf,2,15,Rainbow Original,disney-village/steakhouse
2026-09-06,The Steakhouse,Disney Village,D01R08_steakhouse.pdf,2,12,Pineapple carpaccio1 seasonal fruit,disney-village/steakhouse
2026-09-06,The Steakhouse,Disney Village,D01R08_steakhouse.pdf,2,15,"spicy syrup profiterole,",disney-village/steakhouse
2026-09-06,The Steakhouse,Disney Village,D01R08_steakhouse.pdf,2,15,cream Cheesecake1,disney-village/steakhouse
2026-09-06,Agrabah Café Restaurant,Disneyland Park,P1AR06_agrabah-cafe.pdf,1,45,,disneyland-park/agrabah-cafe
2026-09-06,Agrabah Café Restaurant,Disneyland Park,P1AR06_agrabah-cafe.pdf,1,25,,disneyland-park/agrabah-cafe
2026-09-06,Agrabah Café Restaurant,Disneyland Park,P1AR06_agrabah-cafe.pdf,1,6,BIÈRE PRESSION DRAUGHT Premium,disneyland-park/agrabah-cafe
2026-09-06,Agrabah Café Restaurant,Disneyland Park,P1AR06_agrabah-cafe.pdf,1,8,cassis ou de mûres,disneyland-park/agrabah-cafe
2026-09-06,Agrabah Café Restaurant,Disneyland Park,P1AR06_agrabah-cafe.pdf,1,5,pomme,disneyland-park/agrabah-cafe
2026-09-06,Agrabah Café Restaurant,Disneyland Park,P1AR06_agrabah-cafe.pdf,1,18,A.O.G Zenata MD Excellence des Ouled Thaleb,disneyland-park/agrabah-cafe
2026-09-06,Agrabah Café Restaurant,Disneyland Park,P1AR06_agrabah-cafe.pdf,1,32,MD Excellence Thaleb,disneyland-park/agrabah-cafe
2026-09-06,Agrabah Café Restaurant,Disneyland Park,P1AR06_agrabah-cafe.pdf,1,4,Arabica Coffee,disneyland-park/agrabah-cafe
2026-09-06,Agrabah Café Restaurant,Disneyland Park,P1AR06_agrabah-cafe.pdf,1,32,Thaleb,disneyland-park/agrabah-cafe
2026-09-06,Agrabah Café Restaurant,Disneyland Park,P1AR06_agrabah-cafe.pdf,1,5,with milk chocolate,disneyland-park/agrabah-cafe
2026-09-06,Agrabah Café Restaurant,Disneyland Park,P1AR06_agrabah-cafe.pdf,1,4,chocolate herbal tea,disneyland-park/agrabah-cafe
2026-09-06,Agrabah Café Restaurant,Disneyland Park,P1AR06_agrabah-cafe.pdf,1,5,herbal tea d’Agrabah Agrabah’s mint tea,disneyland-park/agrabah-cafe
2026-09-06,Agrabah Café Restaurant,Disneyland Park,P1AR06_agrabah-cafe.pdf,1,25,Dessert personnes,disneyland-park/agrabah-cafe
2026-09-06,Agrabah Café Restaurant,Disneyland Park,P1AR06_agrabah-cafe.pdf,1,45,Dessert à partir de Dessert to share for personnes personnes,disneyland-park/agrabah-cafe
2026-09-06,Café Hyperion,Disneyland Park,P1DR01_cafe-hyperion.pdf,1,17,"pastrami, rocket and Thai sauce MENU Premium cheeseburger",disneyland-park/cafe-hyperion
2026-09-06,Café Hyperion,Disneyland Park,P1DR01_cafe-hyperion.pdf,1,16,Chicken burger,disneyland-park/cafe-hyperion
2026-09-06,Café Hyperion,Disneyland Park,P1DR01_cafe-hyperion.pdf,1,16,Fish burger,disneyland-park/cafe-hyperion
2026-09-06,Café Hyperion,Disneyland Park,P1DR01_cafe-hyperion.pdf,1,7,PAUSE GOÛTER,disneyland-park/cafe-hyperion
2026-09-06,Café Hyperion,Disneyland Park,P1DR01_cafe-hyperion.pdf,2,10,MENU ENFANT KID’S MENU,disneyland-park/cafe-hyperion
2026-09-06,Café Hyperion,Disneyland Park,P1DR01_cafe-hyperion.pdf,2,10,MENU DISNEY CHECK,disneyland-park/cafe-hyperion
2026-09-06,Café Hyperion,Disneyland Park,P1DR01_cafe-hyperion.pdf,2,5,BIÈRE PRESSION DRAUGHT BEER Premium cl,disneyland-park/cafe-hyperion
2026-09-06,Café Hyperion,Disneyland Park,P1DR01_cafe-hyperion.pdf,2,4,Café Arabica/Coffee Café au lait /Coffee with milk,disneyland-park/cafe-hyperion
2026-09-06,Café Hyperion,Disneyland Park,P1DR01_cafe-hyperion.pdf,2,4,Café au lait /Coffee with milk Cappuccino,disneyland-park/cafe-hyperion
2026-09-06,Café Hyperion,Disneyland Park,P1DR01_cafe-hyperion.pdf,2,13,A LA CARTE Burger Grogu /Grogu burger,disneyland-park/cafe-hyperion
2026-09-06,Café Hyperion,Disneyland Park,P1DR01_cafe-hyperion.pdf,2,12,Burger Grogu /Grogu burger Premium cheeseburger,disneyland-park/cafe-hyperion
2026-09-06,Café Hyperion,Disneyland Park,P1DR01_cafe-hyperion.pdf,2,11,Premium cheeseburger Fish burger,disneyland-park/cafe-hyperion
2026-09-06,Café Hyperion,Disneyland Park,P1DR01_cafe-hyperion.pdf,2,11,Fish burger Chicken burger,disneyland-park/cafe-hyperion
2026-09-06,Café Hyperion,Disneyland Park,P1DR01_cafe-hyperion.pdf,2,12,Chicken burger Salade poulet /Chicken salad,disneyland-park/cafe-hyperion
2026-09-06,Café Hyperion,Disneyland Park,P1DR01_cafe-hyperion.pdf,2,12,Salade poulet /Chicken salad Salade vegan /Vegan salad,disneyland-park/cafe-hyperion
2026-09-06,Café Hyperion,Disneyland Park,P1DR01_cafe-hyperion.pdf,2,12,Salade vegan /Vegan salad Burger végétal /Plant-based burger,disneyland-park/cafe-hyperion
2026-09-06,Café Hyperion,Disneyland Park,P1DR01_cafe-hyperion.pdf,2,7,"Sauce Moutarde/Mustard, mayonnaise ou/or ketchup Le petit burger poulet /The little chicken burger",disneyland-park/cafe-hyperion
2026-09-06,Café Hyperion,Disneyland Park,P1DR01_cafe-hyperion.pdf,2,4,Glace Mickey Saveur vanille /Mickey Ice Cream Bar Vanilla flavour Magnum® La Pistache,disneyland-park/cafe-hyperion
2026-09-06,Café Hyperion,Disneyland Park,P1DR01_cafe-hyperion.pdf,2,4,Magnum® La Pistache Magnum® Amande/Almond,disneyland-park/cafe-hyperion
2026-09-06,Café Hyperion,Disneyland Park,P1DR01_cafe-hyperion.pdf,2,4,Magnum® Amande/Almond Magnum® Amande Vegan /Almond,disneyland-park/cafe-hyperion
2026-09-06,Café Hyperion,Disneyland Park,P1DR01_cafe-hyperion.pdf,2,6,SOUVENIRS Paille Mickey ou Minnie Straw,disneyland-park/cafe-hyperion
2026-09-06,Café Hyperion,Disneyland Park,P1DR01_cafe-hyperion.pdf,2,7,Paille Mickey ou Minnie Straw et boisson fraîche and a cold drink,disneyland-park/cafe-hyperion
2026-09-06,Café Hyperion,Disneyland Park,P1DR01_cafe-hyperion.pdf,2,5,DESSERTS Macaron bleu de Grogu1,disneyland-park/cafe-hyperion
2026-09-06,Café Hyperion,Disneyland Park,P1DR01_cafe-hyperion.pdf,2,15,et boisson fraîche and a cold drink Mug,disneyland-park/cafe-hyperion
2026-09-06,Café Hyperion,Disneyland Park,P1DR01_cafe-hyperion.pdf,2,5,Grogu’s Blue Macaron1 Dessert Mickey1,disneyland-park/cafe-hyperion
2026-09-06,Café Hyperion,Disneyland Park,P1DR01_cafe-hyperion.pdf,2,17,Mug avec boisson chaude with a hot drink,disneyland-park/cafe-hyperion
2026-09-06,Café Hyperion,Disneyland Park,P1DR01_cafe-hyperion.pdf,2,15,Gobelet Tumbler sponge cake,disneyland-park/cafe-hyperion
2026-09-06,Café Hyperion,Disneyland Park,P1DR01_cafe-hyperion.pdf,2,17,sponge cake avec boisson fraîche with a cold drink,disneyland-park/cafe-hyperion
2026-09-06,Café Hyperion,Disneyland Park,P1DR01_cafe-hyperion.pdf,2,20,avec boisson fraîche with a cold drink Gourde Stitch Stitch sipper,disneyland-park/cafe-hyperion
2026-09-06,Café Hyperion,Disneyland Park,P1DR01_cafe-hyperion.pdf,2,3,Pépites de chocolat au lait /Milk chocolate chunks Yaourt sur lit de fruit /Yoghurt with a fruit layer,disneyland-park/cafe-hyperion
2026-09-06,Café Hyperion,Disneyland Park,P1DR01_cafe-hyperion.pdf,2,22,Gourde Stitch Stitch sipper avec boisson fraîche with a cold drink,disneyland-park/cafe-hyperion
2026-09-06,Café Hyperion,Disneyland Park,P1DR01_cafe-hyperion.pdf,2,4,Yaourt sur lit de fruit /Yoghurt with a fruit layer Sachet de fruit /Fruit bag,disneyland-park/cafe-hyperion
2026-09-06,Captain Jack's,Disneyland Park,P1AR00_captain-jacks-restaurant-pirates.pdf,1,17,"haricots cornille, sauce aux saveurs de poivre fruit de la passion et oignons verts",disneyland-park/captain-jacks-restaurant-pirates
2026-09-06,Captain Jack's,Disneyland Park,P1AR00_captain-jacks-restaurant-pirates.pdf,1,18,fruit de la passion et oignons verts volaille boucanée à la papaye verte,disneyland-park/captain-jacks-restaurant-pirates
2026-09-06,Captain Jack's,Disneyland Park,P1AR00_captain-jacks-restaurant-pirates.pdf,1,19,"crevettes et écrasé d’avocats à l’antillaise, passion",disneyland-park/captain-jacks-restaurant-pirates
2026-09-06,Captain Jack's,Disneyland Park,P1AR00_captain-jacks-restaurant-pirates.pdf,1,55,Menu Trésor,disneyland-park/captain-jacks-restaurant-pirates
2026-09-06,Captain Jack's,Disneyland Park,P1AR00_captain-jacks-restaurant-pirates.pdf,1,19,"blanc coriandre et huile de sésame grillé, mangue, taco frit",disneyland-park/captain-jacks-restaurant-pirates
2026-09-06,Captain Jack's,Disneyland Park,P1AR00_captain-jacks-restaurant-pirates.pdf,1,18,taco frit au poisson,disneyland-park/captain-jacks-restaurant-pirates
2026-09-06,Captain Jack's,Disneyland Park,P1AR00_captain-jacks-restaurant-pirates.pdf,1,18,au poisson saucisse boucanée achards de légumes à la créole,disneyland-park/captain-jacks-restaurant-pirates
2026-09-06,Captain Jack's,Disneyland Park,P1AR00_captain-jacks-restaurant-pirates.pdf,1,17,saucisse boucanée achards de légumes à la créole légumes sauce aigre-douce tomatée,disneyland-park/captain-jacks-restaurant-pirates
2026-09-06,Captain Jack's,Disneyland Park,P1AR00_captain-jacks-restaurant-pirates.pdf,1,30,"légumes aux épices colombo et noix de coco, protéines de soja et pois",disneyland-park/captain-jacks-restaurant-pirates
2026-09-06,Captain Jack's,Disneyland Park,P1AR00_captain-jacks-restaurant-pirates.pdf,1,38,"grillé sauce chien, écrasée de bananes plantain noirs, salade de carottes acidulées",disneyland-park/captain-jacks-restaurant-pirates
2026-09-06,Captain Jack's,Disneyland Park,P1AR00_captain-jacks-restaurant-pirates.pdf,1,38,"mahi-mahi cuit au four, compotée exotique papaye verte, sauce au curry et riz du capitaine",disneyland-park/captain-jacks-restaurant-pirates
2026-09-06,Captain Jack's,Disneyland Park,P1AR00_captain-jacks-restaurant-pirates.pdf,1,36,"papaye verte, sauce au curry et riz du capitaine poulet crevette et riz du capitaine",disneyland-park/captain-jacks-restaurant-pirates
2026-09-06,Captain Jack's,Disneyland Park,P1AR00_captain-jacks-restaurant-pirates.pdf,1,34,"jerk marinade au poivre de la Jamaïque, douces et pickles de légumes croquants",disneyland-park/captain-jacks-restaurant-pirates
2026-09-06,Captain Jack's,Disneyland Park,P1AR00_captain-jacks-restaurant-pirates.pdf,1,42,"poulpe grillé purée de manioc et pommes de terre, haricots noirs, aïoli à l’encre de seiche",disneyland-park/captain-jacks-restaurant-pirates
2026-09-06,Captain Jack's,Disneyland Park,P1AR00_captain-jacks-restaurant-pirates.pdf,1,47,"exotique (mangue, gingembre, ananas, piment), douces, sauce tamarin et oignons",disneyland-park/captain-jacks-restaurant-pirates
2026-09-06,Captain Jack's,Disneyland Park,P1AR00_captain-jacks-restaurant-pirates.pdf,1,15,"îles riz au lait, compotée de mangues",disneyland-park/captain-jacks-restaurant-pirates
2026-09-06,Captain Jack's,Disneyland Park,P1AR00_captain-jacks-restaurant-pirates.pdf,1,15,"îles riz au lait, compotée de mangues exotiques sucre muscovado et émulsion de coco-cajou",disneyland-park/captain-jacks-restaurant-pirates
2026-09-06,Captain Jack's,Disneyland Park,P1AR00_captain-jacks-restaurant-pirates.pdf,1,16,chocolat parfum de fève Tonka et glace vanille,disneyland-park/captain-jacks-restaurant-pirates
2026-09-06,Captain Jack's,Disneyland Park,P1AR00_captain-jacks-restaurant-pirates.pdf,1,16,et glace vanille patates douces aux noix de pécan caramélisées,disneyland-park/captain-jacks-restaurant-pirates
2026-09-06,Captain Jack's,Disneyland Park,P1AR00_captain-jacks-restaurant-pirates.pdf,1,16,"au rhum, crème fouettée au mascarpone Bourbon",disneyland-park/captain-jacks-restaurant-pirates
2026-09-06,Captain Jack's,Disneyland Park,P1AR00_captain-jacks-restaurant-pirates.pdf,1,16,"la vanille Bourbon crème fouettée au mascarpone, secs, noix de coco et sorbet passion",disneyland-park/captain-jacks-restaurant-pirates
2026-09-06,Captain Jack's,Disneyland Park,P1AR00_captain-jacks-restaurant-pirates.pdf,1,25,Célébrez votre Dessert à partir Anniversaire personnes,disneyland-park/captain-jacks-restaurant-pirates
2026-09-06,Captain Jack's,Disneyland Park,P1AR00_captain-jacks-restaurant-pirates.pdf,1,45,Anniversaire personnes en notre compagnie et commandez personnes,disneyland-park/captain-jacks-restaurant-pirates
2026-09-06,Captain Jack's,Disneyland Park,P1AR00_captain-jacks-restaurant-pirates.pdf,1,30,Menu du,disneyland-park/captain-jacks-restaurant-pirates
2026-09-06,Captain Jack's,Disneyland Park,P1AR00_captain-jacks-restaurant-pirates.pdf,1,6,Coca-Cola original zéro sucres cl,disneyland-park/captain-jacks-restaurant-pirates
2026-09-06,Captain Jack's,Disneyland Park,P1AR00_captain-jacks-restaurant-pirates.pdf,1,6,Sprite sans sucres sans sucres cl . . . . . . . .,disneyland-park/captain-jacks-restaurant-pirates
2026-09-06,Captain Jack's,Disneyland Park,P1AR00_captain-jacks-restaurant-pirates.pdf,1,6,pêche cl,disneyland-park/captain-jacks-restaurant-pirates
2026-09-06,Captain Jack's,Disneyland Park,P1AR00_captain-jacks-restaurant-pirates.pdf,1,6,de pomme cl,disneyland-park/captain-jacks-restaurant-pirates
2026-09-06,Captain Jack's,Disneyland Park,P1AR00_captain-jacks-restaurant-pirates.pdf,1,5,de pomme cl,disneyland-park/captain-jacks-restaurant-pirates
2026-09-06,Captain Jack's,Disneyland Park,P1AR00_captain-jacks-restaurant-pirates.pdf,1,5,Eaux minérales Vittel®,disneyland-park/captain-jacks-restaurant-pirates
2026-09-06,Captain Jack's,Disneyland Park,P1AR00_captain-jacks-restaurant-pirates.pdf,1,6,minérales cl,disneyland-park/captain-jacks-restaurant-pirates
2026-09-06,Captain Jack's,Disneyland Park,P1AR00_captain-jacks-restaurant-pirates.pdf,1,34,vins Entre-Deux-Mers Cuvée Clémence,disneyland-park/captain-jacks-restaurant-pirates
2026-09-06,Captain Jack's,Disneyland Park,P1AR00_captain-jacks-restaurant-pirates.pdf,1,41,Entre-Deux-Mers Cuvée Clémence Bourgogne Pinot Noir Hudelot-Bajard Bio,disneyland-park/captain-jacks-restaurant-pirates
2026-09-06,Captain Jack's,Disneyland Park,P1AR00_captain-jacks-restaurant-pirates.pdf,1,34,Bourgogne Pinot Noir Hudelot-Bajard Bio Côtes du Rhône Esprit Brotte,disneyland-park/captain-jacks-restaurant-pirates
2026-09-06,Captain Jack's,Disneyland Park,P1AR00_captain-jacks-restaurant-pirates.pdf,1,38,Côtes du Rhône Esprit Brotte Saint Emilion Fortin Plaisance,disneyland-park/captain-jacks-restaurant-pirates
2026-09-06,Captain Jack's,Disneyland Park,P1AR00_captain-jacks-restaurant-pirates.pdf,1,34,Saint Emilion Fortin Plaisance d’Oc Gris Blanc,disneyland-park/captain-jacks-restaurant-pirates
2026-09-06,Captain Jack's,Disneyland Park,P1AR00_captain-jacks-restaurant-pirates.pdf,2,17,"salad, salad with a sauce flavoured pepper, passion fruit and spring onions",disneyland-park/captain-jacks-restaurant-pirates
2026-09-06,Captain Jack's,Disneyland Park,P1AR00_captain-jacks-restaurant-pirates.pdf,2,18,"pepper, passion fruit and spring onions chicken chiquetaille with green papaya",disneyland-park/captain-jacks-restaurant-pirates
2026-09-06,Captain Jack's,Disneyland Park,P1AR00_captain-jacks-restaurant-pirates.pdf,2,19,"and Caribbean smashed avocado, fruit dressing",disneyland-park/captain-jacks-restaurant-pirates
2026-09-06,Captain Jack's,Disneyland Park,P1AR00_captain-jacks-restaurant-pirates.pdf,2,55,Pirate’s Treasure,disneyland-park/captain-jacks-restaurant-pirates
2026-09-06,Captain Jack's,Disneyland Park,P1AR00_captain-jacks-restaurant-pirates.pdf,2,18,fruit dressing tamarind sauce and Creole-style pickled vegetables,disneyland-park/captain-jacks-restaurant-pirates
2026-09-06,Captain Jack's,Disneyland Park,P1AR00_captain-jacks-restaurant-pirates.pdf,2,19,"ceviche with coriander, toasted sesame oil, mango, tostados",disneyland-park/captain-jacks-restaurant-pirates
2026-09-06,Captain Jack's,Disneyland Park,P1AR00_captain-jacks-restaurant-pirates.pdf,2,18,tostados soup,disneyland-park/captain-jacks-restaurant-pirates
2026-09-06,Captain Jack's,Disneyland Park,P1AR00_captain-jacks-restaurant-pirates.pdf,2,18,pudding and smoked sausage pickled vegetables,disneyland-park/captain-jacks-restaurant-pirates
2026-09-06,Captain Jack's,Disneyland Park,P1AR00_captain-jacks-restaurant-pirates.pdf,2,17,pickled vegetables fritters with sweet and sour tomato sauce,disneyland-park/captain-jacks-restaurant-pirates
2026-09-06,Captain Jack's,Disneyland Park,P1AR00_captain-jacks-restaurant-pirates.pdf,2,30,"Courses Colombo curry with coconut, soy and peas protein fillet",disneyland-park/captain-jacks-restaurant-pirates
2026-09-06,Captain Jack's,Disneyland Park,P1AR00_captain-jacks-restaurant-pirates.pdf,2,38,"fillet spicy Creole sauce, black bean mash and carrot slaw",disneyland-park/captain-jacks-restaurant-pirates
2026-09-06,Captain Jack's,Disneyland Park,P1AR00_captain-jacks-restaurant-pirates.pdf,2,38,"mahi-mahi fillet stewed peppers, coconut sauce rice",disneyland-park/captain-jacks-restaurant-pirates
2026-09-06,Captain Jack's,Disneyland Park,P1AR00_captain-jacks-restaurant-pirates.pdf,2,36,rice prawn Colombo captain’s rice,disneyland-park/captain-jacks-restaurant-pirates
2026-09-06,Captain Jack's,Disneyland Park,P1AR00_captain-jacks-restaurant-pirates.pdf,2,34,"pork Jamaica pepper marinade, sweet potato mash pickled vegetables",disneyland-park/captain-jacks-restaurant-pirates
2026-09-06,Captain Jack's,Disneyland Park,P1AR00_captain-jacks-restaurant-pirates.pdf,2,42,"cassava and potato mash, black beans and squid ink aioli",disneyland-park/captain-jacks-restaurant-pirates
2026-09-06,Captain Jack's,Disneyland Park,P1AR00_captain-jacks-restaurant-pirates.pdf,2,47,"(mango, ginger, pineapple, chilli), sweet potato fries, spring onion sauce",disneyland-park/captain-jacks-restaurant-pirates
2026-09-06,Captain Jack's,Disneyland Park,P1AR00_captain-jacks-restaurant-pirates.pdf,2,15,pudding rice pudding with mango compote,disneyland-park/captain-jacks-restaurant-pirates
2026-09-06,Captain Jack's,Disneyland Park,P1AR00_captain-jacks-restaurant-pirates.pdf,2,15,soup muscovado sugar and coconut emulsion,disneyland-park/captain-jacks-restaurant-pirates
2026-09-06,Captain Jack's,Disneyland Park,P1AR00_captain-jacks-restaurant-pirates.pdf,2,16,pecan nut-flavoured chocolate tart and vanilla ice cream,disneyland-park/captain-jacks-restaurant-pirates
2026-09-06,Captain Jack's,Disneyland Park,P1AR00_captain-jacks-restaurant-pirates.pdf,2,16,and vanilla ice cream and caramelised pecan lava cake,disneyland-park/captain-jacks-restaurant-pirates
2026-09-06,Captain Jack's,Disneyland Park,P1AR00_captain-jacks-restaurant-pirates.pdf,2,16,"pineapple shortbread, mascarpone whipped cream vanilla",disneyland-park/captain-jacks-restaurant-pirates
2026-09-06,Captain Jack's,Disneyland Park,P1AR00_captain-jacks-restaurant-pirates.pdf,2,16,"with Bourbon vanilla whipped mascarpone cream, coconut and passion fruit sorbet",disneyland-park/captain-jacks-restaurant-pirates
2026-09-06,Captain Jack's,Disneyland Park,P1AR00_captain-jacks-restaurant-pirates.pdf,2,25,Birthday with us! or more people,disneyland-park/captain-jacks-restaurant-pirates
2026-09-06,Captain Jack's,Disneyland Park,P1AR00_captain-jacks-restaurant-pirates.pdf,2,30,ages to Moussaillon Menu,disneyland-park/captain-jacks-restaurant-pirates
2026-09-06,Captain Jack's,Disneyland Park,P1AR00_captain-jacks-restaurant-pirates.pdf,2,45,or more people dessert before your meal!,disneyland-park/captain-jacks-restaurant-pirates
2026-09-06,Captain Jack's,Disneyland Park,P1AR00_captain-jacks-restaurant-pirates.pdf,2,6,Coca-Cola original zéro sucres cl,disneyland-park/captain-jacks-restaurant-pirates
2026-09-06,Captain Jack's,Disneyland Park,P1AR00_captain-jacks-restaurant-pirates.pdf,2,6,Sprite sans sucres sans sucres cl .,disneyland-park/captain-jacks-restaurant-pirates
2026-09-06,Captain Jack's,Disneyland Park,P1AR00_captain-jacks-restaurant-pirates.pdf,2,6,Black Tea cl,disneyland-park/captain-jacks-restaurant-pirates
2026-09-06,Captain Jack's,Disneyland Park,P1AR00_captain-jacks-restaurant-pirates.pdf,2,6,apple juice cl,disneyland-park/captain-jacks-restaurant-pirates
2026-09-06,Captain Jack's,Disneyland Park,P1AR00_captain-jacks-restaurant-pirates.pdf,2,5,apple juice cl,disneyland-park/captain-jacks-restaurant-pirates
2026-09-06,Captain Jack's,Disneyland Park,P1AR00_captain-jacks-restaurant-pirates.pdf,2,5,Mineral waters,disneyland-park/captain-jacks-restaurant-pirates
2026-09-06,Captain Jack's,Disneyland Park,P1AR00_captain-jacks-restaurant-pirates.pdf,2,6,waters cl,disneyland-park/captain-jacks-restaurant-pirates
2026-09-06,Captain Jack's,Disneyland Park,P1AR00_captain-jacks-restaurant-pirates.pdf,2,34,selection Entre-Deux-Mers Cuvée Clémence,disneyland-park/captain-jacks-restaurant-pirates
2026-09-06,Captain Jack's,Disneyland Park,P1AR00_captain-jacks-restaurant-pirates.pdf,2,41,Entre-Deux-Mers Cuvée Clémence Bourgogne Pinot Noir Hudelot-Bajard Bio,disneyland-park/captain-jacks-restaurant-pirates
2026-09-06,Captain Jack's,Disneyland Park,P1AR00_captain-jacks-restaurant-pirates.pdf,2,34,Bourgogne Pinot Noir Hudelot-Bajard Bio du Rhône Esprit Brotte,disneyland-park/captain-jacks-restaurant-pirates
2026-09-06,Captain Jack's,Disneyland Park,P1AR00_captain-jacks-restaurant-pirates.pdf,2,38,du Rhône Esprit Brotte Emilion Fortin Plaisance,disneyland-park/captain-jacks-restaurant-pirates
2026-09-06,Captain Jack's,Disneyland Park,P1AR00_captain-jacks-restaurant-pirates.pdf,2,34,Emilion Fortin Plaisance d’Oc Gris Blanc,disneyland-park/captain-jacks-restaurant-pirates
2026-09-06,Cool Station,Disneyland Park,P1DR02_cool-station.pdf,1,7,,disneyland-park/cool-station
2026-09-06,Cool Station,Disneyland Park,P1DR02_cool-station.pdf,1,4,au sucre,disneyland-park/cool-station
2026-09-06,Cool Station,Disneyland Park,P1DR02_cool-station.pdf,1,1,Supplément crème fouettée,disneyland-park/cool-station
2026-09-06,Cool Station,Disneyland Park,P1DR02_cool-station.pdf,1,6,Grogu,disneyland-park/cool-station
2026-09-06,Cool Station,Disneyland Park,P1DR02_cool-station.pdf,1,4,lait,disneyland-park/cool-station
2026-09-06,Cool Station,Disneyland Park,P1DR02_cool-station.pdf,1,4,with milk Cappuccino,disneyland-park/cool-station
2026-09-06,Cool Station,Disneyland Park,P1DR02_cool-station.pdf,1,8,Grogu,disneyland-park/cool-station
2026-09-06,Cool Station,Disneyland Park,P1DR02_cool-station.pdf,2,15,sipper,disneyland-park/cool-station
2026-09-06,Cool Station,Disneyland Park,P1DR02_cool-station.pdf,2,16,Stitch,disneyland-park/cool-station
2026-09-06,Cool Station,Disneyland Park,P1DR02_cool-station.pdf,2,20,tumbler Stitch,disneyland-park/cool-station
2026-09-06,Cool Station,Disneyland Park,P1DR02_cool-station.pdf,2,17,boisson fraîche with a cold drink,disneyland-park/cool-station
2026-09-06,Cool Station,Disneyland Park,P1DR02_cool-station.pdf,2,18,with a,disneyland-park/cool-station
2026-09-06,Cool Station,Disneyland Park,P1DR02_cool-station.pdf,2,22,cold drink with a,disneyland-park/cool-station
2026-09-06,Cool Station,Disneyland Park,P1DR02_cool-station.pdf,2,20,instead of au lieu de,disneyland-park/cool-station
2026-09-06,Cool Station,Disneyland Park,P1DR02_cool-station.pdf,2,50,Nous n’acceptons pas les coupures au-delà de,disneyland-park/cool-station
2026-09-06,Cool Station,Disneyland Park,P1DR02_cool-station.pdf,2,50,Tax included We do not accept notes over,disneyland-park/cool-station
2026-09-06,L'Arbre Enchanté,Disneyland Park,P1NR00_l-arbre-enchante.pdf,1,12,Menu,disneyland-park/l-arbre-enchante
2026-09-06,L'Arbre Enchanté,Disneyland Park,P1NR00_l-arbre-enchante.pdf,1,5,Cookie Dough,disneyland-park/l-arbre-enchante
2026-09-06,L'Arbre Enchanté,Disneyland Park,P1NR00_l-arbre-enchante.pdf,1,5,,disneyland-park/l-arbre-enchante
2026-09-06,L'Arbre Enchanté,Disneyland Park,P1NR00_l-arbre-enchante.pdf,1,5,Vanilla Pecan Blondie,disneyland-park/l-arbre-enchante
2026-09-06,L'Arbre Enchanté,Disneyland Park,P1NR00_l-arbre-enchante.pdf,1,5,vegan,disneyland-park/l-arbre-enchante
2026-09-06,Last Chance Cafe,Disneyland Park,P1RR02_last-chance-cafe.pdf,1,8,Turkey Leg barbecue fl avour1,disneyland-park/last-chance-cafe
2026-09-06,Last Chance Cafe,Disneyland Park,P1RR02_last-chance-cafe.pdf,1,8,Crispy chicken bites avour1,disneyland-park/last-chance-cafe
2026-09-06,Last Chance Cafe,Disneyland Park,P1RR02_last-chance-cafe.pdf,1,9,,disneyland-park/last-chance-cafe
2026-09-06,Last Chance Cafe,Disneyland Park,P1RR02_last-chance-cafe.pdf,1,5,"Sauce barbecue, mayonnaise ou /orketchup",disneyland-park/last-chance-cafe
2026-09-06,Last Chance Cafe,Disneyland Park,P1RR02_last-chance-cafe.pdf,1,12,,disneyland-park/last-chance-cafe
2026-09-06,Last Chance Cafe,Disneyland Park,P1RR02_last-chance-cafe.pdf,1,12,"chicken, hard-boiled egg, Padano cheese, tomatoes",disneyland-park/last-chance-cafe
2026-09-06,Last Chance Cafe,Disneyland Park,P1RR02_last-chance-cafe.pdf,1,4,,disneyland-park/last-chance-cafe
2026-09-06,Last Chance Cafe,Disneyland Park,P1RR02_last-chance-cafe.pdf,1,4,Amande Almond,disneyland-park/last-chance-cafe
2026-09-06,Last Chance Cafe,Disneyland Park,P1RR02_last-chance-cafe.pdf,1,5,Premium cl,disneyland-park/last-chance-cafe
2026-09-06,Last Chance Cafe,Disneyland Park,P1RR02_last-chance-cafe.pdf,1,4,Arabica Coffee au lait Coffee with milk,disneyland-park/last-chance-cafe
2026-09-06,Last Chance Cafe,Disneyland Park,P1RR02_last-chance-cafe.pdf,1,4,au lait Coffee with milk Cappuccino,disneyland-park/last-chance-cafe
2026-09-06,Last Chance Cafe,Disneyland Park,P1RR02_last-chance-cafe.pdf,2,8,Leg barbecue fl avour1,disneyland-park/last-chance-cafe
2026-09-06,Last Chance Cafe,Disneyland Park,P1RR02_last-chance-cafe.pdf,2,9,,disneyland-park/last-chance-cafe
2026-09-06,The Lucky Nugget Saloon,Disneyland Park,P1RR03_lucky-nugget-saloon.pdf,1,28,Menu,disneyland-park/lucky-nugget-saloon
2026-09-06,The Lucky Nugget Saloon,Disneyland Park,P1RR03_lucky-nugget-saloon.pdf,1,32,or red berry sauce saveurs Menu Double Burger de l’Ouest,disneyland-park/lucky-nugget-saloon
2026-09-06,The Lucky Nugget Saloon,Disneyland Park,P1RR03_lucky-nugget-saloon.pdf,1,16,"menu double beef steak, double pepper cheddar cheese and double bacon Menu Enfant",disneyland-park/lucky-nugget-saloon
2026-09-06,The Lucky Nugget Saloon,Disneyland Park,P1RR03_lucky-nugget-saloon.pdf,1,28,with the menu Menu Vegan,disneyland-park/lucky-nugget-saloon
2026-09-06,The Lucky Nugget Saloon,Disneyland Park,P1RR03_lucky-nugget-saloon.pdf,2,6,à l’orange sanguine et noix de pécan1 Doughnut1 Fruit salad Chocolate and pecan,disneyland-park/lucky-nugget-saloon
2026-09-06,The Lucky Nugget Saloon,Disneyland Park,P1RR03_lucky-nugget-saloon.pdf,2,5,Fruit with blood,disneyland-park/lucky-nugget-saloon
2026-09-06,The Lucky Nugget Saloon,Disneyland Park,P1RR03_lucky-nugget-saloon.pdf,2,6,Fruit salad Chocolate with blood orange cup nuts brownie1,disneyland-park/lucky-nugget-saloon
2026-09-06,The Lucky Nugget Saloon,Disneyland Park,P1RR03_lucky-nugget-saloon.pdf,2,13,Goûter Tea-Time treat,disneyland-park/lucky-nugget-saloon
2026-09-06,The Lucky Nugget Saloon,Disneyland Park,P1RR03_lucky-nugget-saloon.pdf,2,8,or red berry treat,disneyland-park/lucky-nugget-saloon
2026-09-06,The Lucky Nugget Saloon,Disneyland Park,P1RR03_lucky-nugget-saloon.pdf,2,9,"caramel, Pause Gourmande Sweet break",disneyland-park/lucky-nugget-saloon
2026-09-06,The Lucky Nugget Saloon,Disneyland Park,P1RR03_lucky-nugget-saloon.pdf,2,7,cl Gallia Nouveau Western IPA cl,disneyland-park/lucky-nugget-saloon
2026-09-06,The Lucky Nugget Saloon,Disneyland Park,P1RR03_lucky-nugget-saloon.pdf,2,5,,disneyland-park/lucky-nugget-saloon
2026-09-06,The Lucky Nugget Saloon,Disneyland Park,P1RR03_lucky-nugget-saloon.pdf,2,4,cl cl cl,disneyland-park/lucky-nugget-saloon
2026-09-06,Market House Deli,Disneyland Park,P1MR06_market-house-deli.pdf,1,5,with buttercream1,disneyland-park/market-house-deli
2026-09-06,Market House Deli,Disneyland Park,P1MR06_market-house-deli.pdf,1,5,entremets with,disneyland-park/market-house-deli
2026-09-06,Overland Trail Cafe,Disneyland Park,P1GR46_overland-trail-cafe.pdf,1,50,produit décongelé Nous n’acceptons pas les coupures au-delà de,disneyland-park/overland-trail-cafe
2026-09-06,Overland Trail Cafe,Disneyland Park,P1GR46_overland-trail-cafe.pdf,1,50,defrosted product We do not accept notes over,disneyland-park/overland-trail-cafe
2026-09-06,Overland Trail Cafe,Disneyland Park,P1GR46_overland-trail-cafe.pdf,1,9,Doritos® Loaded Ruée vers l'Or Fondu,disneyland-park/overland-trail-cafe
2026-09-06,Overland Trail Cafe,Disneyland Park,P1GR46_overland-trail-cafe.pdf,1,10,Doritos® Loaded Croquant de l'Ouest,disneyland-park/overland-trail-cafe
2026-09-06,Overland Trail Cafe,Disneyland Park,P1GR46_overland-trail-cafe.pdf,1,9,"tomatoes, onions, coriander and guacamole Doritos® Loaded Ruée vers l'Or",disneyland-park/overland-trail-cafe
2026-09-06,Overland Trail Cafe,Disneyland Park,P1GR46_overland-trail-cafe.pdf,1,7,PAUSE GOÛTER,disneyland-park/overland-trail-cafe
2026-09-06,Overland Trail Cafe,Disneyland Park,P1GR46_overland-trail-cafe.pdf,1,10,Doritos® Loaded Virée Epicée au Far West,disneyland-park/overland-trail-cafe
2026-09-06,Overland Trail Cafe,Disneyland Park,P1GR46_overland-trail-cafe.pdf,1,4,Café Arabica Coffee Café au lait Coffee with milk,disneyland-park/overland-trail-cafe
2026-09-06,Overland Trail Cafe,Disneyland Park,P1GR46_overland-trail-cafe.pdf,1,4,Café au lait Coffee with milk Cappuccino,disneyland-park/overland-trail-cafe
2026-09-06,Pizzeria Bella Notte,Disneyland Park,P1NR06_pizzeria-bella-notte.pdf,1,17,PEPPERONI Pepperoni,disneyland-park/pizzeria-bella-notte
2026-09-06,Pizzeria Bella Notte,Disneyland Park,P1NR06_pizzeria-bella-notte.pdf,1,17,PEPPERONI FROMAGES Pepperoni Mickey’s pizza 4-Cheese,disneyland-park/pizzeria-bella-notte
2026-09-06,Pizzeria Bella Notte,Disneyland Park,P1NR06_pizzeria-bella-notte.pdf,1,18,Lady The with turkey,disneyland-park/pizzeria-bella-notte
2026-09-06,Pizzeria Bella Notte,Disneyland Park,P1NR06_pizzeria-bella-notte.pdf,1,18,Trenette with turkey meatballs,disneyland-park/pizzeria-bella-notte
2026-09-06,Pizzeria Bella Notte,Disneyland Park,P1NR06_pizzeria-bella-notte.pdf,1,16,Sauce napolitaine Rigatoni pasta,disneyland-park/pizzeria-bella-notte
2026-09-06,Pizzeria Bella Notte,Disneyland Park,P1NR06_pizzeria-bella-notte.pdf,1,16,à la bolognaise Bolognese,disneyland-park/pizzeria-bella-notte
2026-09-06,Pizzeria Bella Notte,Disneyland Park,P1NR06_pizzeria-bella-notte.pdf,1,15,ET AND BOISSON FRAÎCHE COLD DRINK CL CL,disneyland-park/pizzeria-bella-notte
2026-09-06,Pizzeria Bella Notte,Disneyland Park,P1NR06_pizzeria-bella-notte.pdf,1,10,"tomates cheese, tomatoes tomates, MENU ENFANT KIDS’ MENU",disneyland-park/pizzeria-bella-notte
2026-09-06,Pizzeria Bella Notte,Disneyland Park,P1NR06_pizzeria-bella-notte.pdf,1,13,À LA CARTE Spaghetti La Belle et le Clochard,disneyland-park/pizzeria-bella-notte
2026-09-06,Pizzeria Bella Notte,Disneyland Park,P1NR06_pizzeria-bella-notte.pdf,1,5,DESSERTS Tiramisù1,disneyland-park/pizzeria-bella-notte
2026-09-06,Pizzeria Bella Notte,Disneyland Park,P1NR06_pizzeria-bella-notte.pdf,1,11,Lady The Tramp spaghetti Pâtes rigatoni sauce napolitaine,disneyland-park/pizzeria-bella-notte
2026-09-06,Pizzeria Bella Notte,Disneyland Park,P1NR06_pizzeria-bella-notte.pdf,1,3,AROMATISÉ Yaourt sur lit de fruit,disneyland-park/pizzeria-bella-notte
2026-09-06,Pizzeria Bella Notte,Disneyland Park,P1NR06_pizzeria-bella-notte.pdf,1,13,Rigatoni pasta Neapolitan sauce Portorosso pesto pasta,disneyland-park/pizzeria-bella-notte
2026-09-06,Pizzeria Bella Notte,Disneyland Park,P1NR06_pizzeria-bella-notte.pdf,1,4,Yoghurt on a fruit layer Sachet de fruit,disneyland-park/pizzeria-bella-notte
2026-09-06,Pizzeria Bella Notte,Disneyland Park,P1NR06_pizzeria-bella-notte.pdf,1,11,Trenette au pesto trenette al pesto Lasagnes à la bolognaise,disneyland-park/pizzeria-bella-notte
2026-09-06,Pizzeria Bella Notte,Disneyland Park,P1NR06_pizzeria-bella-notte.pdf,1,5,Almond Dessert Mickey1,disneyland-park/pizzeria-bella-notte
2026-09-06,Pizzeria Bella Notte,Disneyland Park,P1NR06_pizzeria-bella-notte.pdf,1,12,Bolognese lasagna Pizza Mickey pepperoni,disneyland-park/pizzeria-bella-notte
2026-09-06,Pizzeria Bella Notte,Disneyland Park,P1NR06_pizzeria-bella-notte.pdf,1,12,Pepperoni Mickey’s pizza Pizza Mickey fromages,disneyland-park/pizzeria-bella-notte
2026-09-06,Pizzeria Bella Notte,Disneyland Park,P1NR06_pizzeria-bella-notte.pdf,1,12,4-Cheese Mickey’s pizza Salade poulet,disneyland-park/pizzeria-bella-notte
2026-09-06,Pizzeria Bella Notte,Disneyland Park,P1NR06_pizzeria-bella-notte.pdf,1,4,Vanilla flavour Magnum® La Pistache,disneyland-park/pizzeria-bella-notte
2026-09-06,Pizzeria Bella Notte,Disneyland Park,P1NR06_pizzeria-bella-notte.pdf,1,12,Chicken salad Salade vegan,disneyland-park/pizzeria-bella-notte
2026-09-06,Pizzeria Bella Notte,Disneyland Park,P1NR06_pizzeria-bella-notte.pdf,1,4,La Pistache Magnum®,disneyland-park/pizzeria-bella-notte
2026-09-06,Pizzeria Bella Notte,Disneyland Park,P1NR06_pizzeria-bella-notte.pdf,1,4,Amande Almond Magnum®,disneyland-park/pizzeria-bella-notte
2026-09-06,Pizzeria Bella Notte,Disneyland Park,P1NR06_pizzeria-bella-notte.pdf,1,4,Side salad Baguette à l’ail,disneyland-park/pizzeria-bella-notte
2026-09-06,Pizzeria Bella Notte,Disneyland Park,P1NR06_pizzeria-bella-notte.pdf,1,7,graisses saturées This selection of products contains at least servings of fruits and vegetables and is low PAUSE GOÛTER,disneyland-park/pizzeria-bella-notte
2026-09-06,Pizzeria Bella Notte,Disneyland Park,P1NR06_pizzeria-bella-notte.pdf,1,5,Premium cl,disneyland-park/pizzeria-bella-notte
2026-09-06,Pizzeria Bella Notte,Disneyland Park,P1NR06_pizzeria-bella-notte.pdf,1,15,DRINKS Gobelet Tumbler,disneyland-park/pizzeria-bella-notte
2026-09-06,Pizzeria Bella Notte,Disneyland Park,P1NR06_pizzeria-bella-notte.pdf,1,17,Gobelet Tumbler avec boisson fraîche,disneyland-park/pizzeria-bella-notte
2026-09-06,Pizzeria Bella Notte,Disneyland Park,P1NR06_pizzeria-bella-notte.pdf,1,15,Arabica Coffee Mug,disneyland-park/pizzeria-bella-notte
2026-09-06,Pizzeria Bella Notte,Disneyland Park,P1NR06_pizzeria-bella-notte.pdf,1,4,Café Arabica Coffee Café au lait Coffee with milk,disneyland-park/pizzeria-bella-notte
2026-09-06,Pizzeria Bella Notte,Disneyland Park,P1NR06_pizzeria-bella-notte.pdf,1,17,Coffee with milk avec boisson chaude,disneyland-park/pizzeria-bella-notte
2026-09-06,Pizzeria Bella Notte,Disneyland Park,P1NR06_pizzeria-bella-notte.pdf,1,4,Café au lait Coffee with milk Cappuccino,disneyland-park/pizzeria-bella-notte
2026-09-06,Pizzeria Bella Notte,Disneyland Park,P1NR06_pizzeria-bella-notte.pdf,1,6,chaud Hot chocolate Paille Straw,disneyland-park/pizzeria-bella-notte
2026-09-06,Pizzeria Bella Notte,Disneyland Park,P1NR06_pizzeria-bella-notte.pdf,1,7,"Paille Straw Tea, herbal tea avec boisson fraîche",disneyland-park/pizzeria-bella-notte
2026-09-06,Rocket Café,Disneyland Park,P1DR03_rocket-café.pdf,1,8,Goûter,disneyland-park/rocket-cafe
2026-09-06,Rocket Café,Disneyland Park,P1DR03_rocket-café.pdf,1,15,Tumbler,disneyland-park/rocket-cafe
2026-09-06,Rocket Café,Disneyland Park,P1DR03_rocket-café.pdf,1,17,Tumbler fraîche /with a cold drink,disneyland-park/rocket-cafe
2026-09-06,Rocket Café,Disneyland Park,P1DR03_rocket-café.pdf,1,17,fraîche /with a cold drink à slush,disneyland-park/rocket-cafe
2026-09-06,Rocket Café,Disneyland Park,P1DR03_rocket-café.pdf,1,4,,disneyland-park/rocket-cafe
2026-09-06,Rocket Café,Disneyland Park,P1DR03_rocket-café.pdf,1,16,Stitch tumbler,disneyland-park/rocket-cafe
2026-09-06,Rocket Café,Disneyland Park,P1DR03_rocket-café.pdf,1,18,Stitch tumbler fraîche with a cold drink,disneyland-park/rocket-cafe
2026-09-06,Rocket Café,Disneyland Park,P1DR03_rocket-café.pdf,1,18,fraîche with a cold drink à slush,disneyland-park/rocket-cafe
2026-09-06,Rocket Café,Disneyland Park,P1DR03_rocket-café.pdf,1,15,,disneyland-park/rocket-cafe
2026-09-06,Rocket Café,Disneyland Park,P1DR03_rocket-café.pdf,1,4,,disneyland-park/rocket-cafe
2026-09-06,Rocket Café,Disneyland Park,P1DR03_rocket-café.pdf,1,17,chaude with a hot drink,disneyland-park/rocket-cafe
2026-09-06,Rocket Café,Disneyland Park,P1DR03_rocket-café.pdf,1,4,milk,disneyland-park/rocket-cafe
2026-09-06,Rocket Café,Disneyland Park,P1DR03_rocket-café.pdf,1,15,Minnie,disneyland-park/rocket-cafe
2026-09-06,Rocket Café,Disneyland Park,P1DR03_rocket-café.pdf,1,8,,disneyland-park/rocket-cafe
2026-09-06,Rocket Café,Disneyland Park,P1DR03_rocket-café.pdf,1,5,with,disneyland-park/rocket-cafe
2026-09-06,Rocket Café,Disneyland Park,P1DR03_rocket-café.pdf,1,6,with Nutella®,disneyland-park/rocket-cafe
2026-09-06,Rocket Café,Disneyland Park,P1DR03_rocket-café.pdf,1,7,Stitch Stitch Slush Straw,disneyland-park/rocket-cafe
2026-09-06,Rocket Café,Disneyland Park,P1DR03_rocket-café.pdf,1,6,cl cl,disneyland-park/rocket-cafe
2026-09-06,Rocket Café,Disneyland Park,P1DR03_rocket-café.pdf,1,1,foue(cid:31) ée Add-on whipped cream,disneyland-park/rocket-cafe
2026-09-06,Rocket Café,Disneyland Park,P1DR03_rocket-café.pdf,1,1,foue(cid:31) ée Add-on whipped cream,disneyland-park/rocket-cafe
2026-09-06,Rocket Café,Disneyland Park,P1DR03_rocket-café.pdf,1,50,décongelé Nous n’acceptons pas les coupures au-delà de,disneyland-park/rocket-cafe
2026-09-06,Rocket Café,Disneyland Park,P1DR03_rocket-café.pdf,1,50,included defrosted product We do not accept notes over,disneyland-park/rocket-cafe
2026-09-06,Silver Spur Steakhouse,Disneyland Park,P1RR04_silver-spur-steakhouse.pdf,1,5,"Pêche intense d’orange, jus de pomme.......................................................",disneyland-park/silver-spur-steakhouse
2026-09-06,Silver Spur Steakhouse,Disneyland Park,P1RR04_silver-spur-steakhouse.pdf,1,37,Menu Du entrée et Plat Plat et Dessert,disneyland-park/silver-spur-steakhouse
2026-09-06,Silver Spur Steakhouse,Disneyland Park,P1RR04_silver-spur-steakhouse.pdf,1,45,"Menu Du shérif Plat et Dessert entrée, Plat et Dessert",disneyland-park/silver-spur-steakhouse
2026-09-06,Silver Spur Steakhouse,Disneyland Park,P1RR04_silver-spur-steakhouse.pdf,1,13,"croustillants de légumes saveurs de la mer,",disneyland-park/silver-spur-steakhouse
2026-09-06,Silver Spur Steakhouse,Disneyland Park,P1RR04_silver-spur-steakhouse.pdf,1,15,la sauce moutarde Spur Salade Caesar» au bœuf séché,disneyland-park/silver-spur-steakhouse
2026-09-06,Silver Spur Steakhouse,Disneyland Park,P1RR04_silver-spur-steakhouse.pdf,1,18,"Spur Salade Caesar» au bœuf séché fumée,",disneyland-park/silver-spur-steakhouse
2026-09-06,Silver Spur Steakhouse,Disneyland Park,P1RR04_silver-spur-steakhouse.pdf,1,15,"betterave et confit de citron jaune tomates au paprika doux fumé,",disneyland-park/silver-spur-steakhouse
2026-09-06,Silver Spur Steakhouse,Disneyland Park,P1RR04_silver-spur-steakhouse.pdf,1,18,"courge et crème de maïs pork sauce barbecue,",disneyland-park/silver-spur-steakhouse
2026-09-06,Silver Spur Steakhouse,Disneyland Park,P1RR04_silver-spur-steakhouse.pdf,1,35,"PLaTs bœuf écossais grillé au feu de bois,",disneyland-park/silver-spur-steakhouse
2026-09-06,Silver Spur Steakhouse,Disneyland Park,P1RR04_silver-spur-steakhouse.pdf,1,32,"chipotle, gratin de pommes de terre au cheddar fumé de bœuf grillée au feu de bois,",disneyland-park/silver-spur-steakhouse
2026-09-06,Silver Spur Steakhouse,Disneyland Park,P1RR04_silver-spur-steakhouse.pdf,1,38,"légumes porc grillée marinée au sirop d’érable,",disneyland-park/silver-spur-steakhouse
2026-09-06,Silver Spur Steakhouse,Disneyland Park,P1RR04_silver-spur-steakhouse.pdf,1,32,"unique qui est piquante, sucrée et légèrement épicée sauté, mariné ail-gingembre,",disneyland-park/silver-spur-steakhouse
2026-09-06,Silver Spur Steakhouse,Disneyland Park,P1RR04_silver-spur-steakhouse.pdf,1,35,"cacahuètes, «riz du Silver» et tempura de légumes rôti mariné à l’aneth,",disneyland-park/silver-spur-steakhouse
2026-09-06,Silver Spur Steakhouse,Disneyland Park,P1RR04_silver-spur-steakhouse.pdf,1,25,"Pour enfants âgés de à ans entrée, Plat, Dessert et Boisson",disneyland-park/silver-spur-steakhouse
2026-09-06,Silver Spur Steakhouse,Disneyland Park,P1RR04_silver-spur-steakhouse.pdf,1,32,"poivron vert, «riz du Silver» et tempura de légumes mijotée d’épeautre,",disneyland-park/silver-spur-steakhouse
2026-09-06,Silver Spur Steakhouse,Disneyland Park,P1RR04_silver-spur-steakhouse.pdf,1,16,"Croustillant aux pommes caramélisées cannelle,",disneyland-park/silver-spur-steakhouse
2026-09-06,Silver Spur Steakhouse,Disneyland Park,P1RR04_silver-spur-steakhouse.pdf,1,15,"pécan et raisins secs, crémeux de riz vanillé à l’avoine des Cowboys",disneyland-park/silver-spur-steakhouse
2026-09-06,Silver Spur Steakhouse,Disneyland Park,P1RR04_silver-spur-steakhouse.pdf,1,18,"des Cowboys pâtissier au whisky,",disneyland-park/silver-spur-steakhouse
2026-09-06,Silver Spur Steakhouse,Disneyland Park,P1RR04_silver-spur-steakhouse.pdf,1,15,"mille-feuille chocolat amande, de riz vanillé à l’avoine",disneyland-park/silver-spur-steakhouse
2026-09-06,Silver Spur Steakhouse,Disneyland Park,P1RR04_silver-spur-steakhouse.pdf,1,16,"d’ananas, garnies de fruits rouges, saveurs de thé fumé",disneyland-park/silver-spur-steakhouse
2026-09-06,Silver Spur Steakhouse,Disneyland Park,P1RR04_silver-spur-steakhouse.pdf,1,25,en notre compagnie et commandez votre dessert d’anniversaire en début de repas personnes,disneyland-park/silver-spur-steakhouse
2026-09-06,Silver Spur Steakhouse,Disneyland Park,P1RR04_silver-spur-steakhouse.pdf,1,45,notre compagnie et commandez dessert d’anniversaire en début de repas personnes personnes,disneyland-park/silver-spur-steakhouse
2026-09-06,Silver Spur Steakhouse,Disneyland Park,P1RR04_silver-spur-steakhouse.pdf,2,5,"Peach Black Tea juice, apple juice",disneyland-park/silver-spur-steakhouse
2026-09-06,Silver Spur Steakhouse,Disneyland Park,P1RR04_silver-spur-steakhouse.pdf,2,13,"sTarTers vegetable fritters with seaside flavours,",disneyland-park/silver-spur-steakhouse
2026-09-06,Silver Spur Steakhouse,Disneyland Park,P1RR04_silver-spur-steakhouse.pdf,2,45,"main Course Starter, main Course and Dessert",disneyland-park/silver-spur-steakhouse
2026-09-06,Silver Spur Steakhouse,Disneyland Park,P1RR04_silver-spur-steakhouse.pdf,2,37,Starter and main Course main Course and Dessert,disneyland-park/silver-spur-steakhouse
2026-09-06,Silver Spur Steakhouse,Disneyland Park,P1RR04_silver-spur-steakhouse.pdf,2,15,with mustard dressing Spur Caesar Salad» with dried beef,disneyland-park/silver-spur-steakhouse
2026-09-06,Silver Spur Steakhouse,Disneyland Park,P1RR04_silver-spur-steakhouse.pdf,2,18,"Spur Caesar Salad» with dried beef trout,",disneyland-park/silver-spur-steakhouse
2026-09-06,Silver Spur Steakhouse,Disneyland Park,P1RR04_silver-spur-steakhouse.pdf,2,15,"pickles and preserved lemon soup with smoked sweet paprika,",disneyland-park/silver-spur-steakhouse
2026-09-06,Silver Spur Steakhouse,Disneyland Park,P1RR04_silver-spur-steakhouse.pdf,2,18,"seeds and corn cream pork, barbecue sauce",disneyland-park/silver-spur-steakhouse
2026-09-06,Silver Spur Steakhouse,Disneyland Park,P1RR04_silver-spur-steakhouse.pdf,2,35,"Main courses flank steak grilled over wood fire,",disneyland-park/silver-spur-steakhouse
2026-09-06,Silver Spur Steakhouse,Disneyland Park,P1RR04_silver-spur-steakhouse.pdf,2,32,"sauce, smoked cheddar potato gratin Flamed-grilled steak skewers,",disneyland-park/silver-spur-steakhouse
2026-09-06,Silver Spur Steakhouse,Disneyland Park,P1RR04_silver-spur-steakhouse.pdf,2,38,"sauce, smoked cheddar potato gratin, vegetable tempura pork chop marinated in maple syrup,",disneyland-park/silver-spur-steakhouse
2026-09-06,Silver Spur Steakhouse,Disneyland Park,P1RR04_silver-spur-steakhouse.pdf,2,32,"spicy. chicken marinated with garlic and ginger,",disneyland-park/silver-spur-steakhouse
2026-09-06,Silver Spur Steakhouse,Disneyland Park,P1RR04_silver-spur-steakhouse.pdf,2,35,"sauce, «Silver rice» and vegetable tempura salmon marinated with dill,",disneyland-park/silver-spur-steakhouse
2026-09-06,Silver Spur Steakhouse,Disneyland Park,P1RR04_silver-spur-steakhouse.pdf,2,32,"pepper sauce, «Silver rice» and vegetable tempura Slow-cooked spelt cocotte with shiitake,",disneyland-park/silver-spur-steakhouse
2026-09-06,Silver Spur Steakhouse,Disneyland Park,P1RR04_silver-spur-steakhouse.pdf,2,25,"For children ages from to Starter, main Course, Dessert and Drink",disneyland-park/silver-spur-steakhouse
2026-09-06,Silver Spur Steakhouse,Disneyland Park,P1RR04_silver-spur-steakhouse.pdf,2,16,"DesserTs pastry with cinnamon-caramelised apples,",disneyland-park/silver-spur-steakhouse
2026-09-06,Silver Spur Steakhouse,Disneyland Park,P1RR04_silver-spur-steakhouse.pdf,2,15,"and raisins, vanilla oat rice crémeux treat",disneyland-park/silver-spur-steakhouse
2026-09-06,Silver Spur Steakhouse,Disneyland Park,P1RR04_silver-spur-steakhouse.pdf,2,18,"sundae with crunchy brownie and caramel sauce flan with whisky,",disneyland-park/silver-spur-steakhouse
2026-09-06,Silver Spur Steakhouse,Disneyland Park,P1RR04_silver-spur-steakhouse.pdf,2,15,"Chocolate–almond mille-feuille, oat rice crémeux",disneyland-park/silver-spur-steakhouse
2026-09-06,Silver Spur Steakhouse,Disneyland Park,P1RR04_silver-spur-steakhouse.pdf,2,16,"ravioli filled with red berries, smoked-tea infused syrup",disneyland-park/silver-spur-steakhouse
2026-09-06,Silver Spur Steakhouse,Disneyland Park,P1RR04_silver-spur-steakhouse.pdf,2,25,Don’t forget to order your birthday dessert or more,disneyland-park/silver-spur-steakhouse
2026-09-06,Silver Spur Steakhouse,Disneyland Park,P1RR04_silver-spur-steakhouse.pdf,2,45,Don’t forget to order your birthday dessert or more or more,disneyland-park/silver-spur-steakhouse
2026-09-06,The Old Mill,Disneyland Park,P1NR05_the-old-mill.pdf,1,7,,disneyland-park/the-old-mill
2026-09-06,The Old Mill,Disneyland Park,P1NR05_the-old-mill.pdf,1,50,excepté excepté espresso espresso Nous Nous n’acceptons n’acceptons pas pas les les coupures coupures au-delà au-delà de,disneyland-park/the-old-mill
2026-09-06,The Old Mill,Disneyland Park,P1NR05_the-old-mill.pdf,1,50,defrosted product 2except espresso We do not accept notes over,disneyland-park/the-old-mill
2026-09-06,The Old Mill,Disneyland Park,P1NR05_the-old-mill.pdf,1,7,PAUSE GOÛTER,disneyland-park/the-old-mill
2026-09-06,The Old Mill,Disneyland Park,P1NR05_the-old-mill.pdf,1,4,,disneyland-park/the-old-mill
2026-09-06,The Old Mill,Disneyland Park,P1NR05_the-old-mill.pdf,1,6,,disneyland-park/the-old-mill
2026-09-06,The Old Mill,Disneyland Park,P1NR05_the-old-mill.pdf,1,6,cl cl,disneyland-park/the-old-mill
2026-09-06,The Old Mill,Disneyland Park,P1NR05_the-old-mill.pdf,1,1,,disneyland-park/the-old-mill
2026-09-06,The Old Mill,Disneyland Park,P1NR05_the-old-mill.pdf,1,50,excepté excepté espresso espresso Nous Nous n’acceptons n’acceptons pas pas les les coupures coupures au-delà au-delà de,disneyland-park/the-old-mill
2026-09-06,Victoria’s Home,Disneyland Park,P1MR09_victorias-home-style-restaurant.pdf,1,20,"Pistachio raspberry financier, lemon raspberry",disneyland-park/victorias-home-style-restaurant
2026-09-06,Victoria’s Home,Disneyland Park,P1MR09_victorias-home-style-restaurant.pdf,1,5,Vanilla flavour and red with buttercream1,disneyland-park/victorias-home-style-restaurant
2026-09-06,Victoria’s Home,Disneyland Park,P1MR09_victorias-home-style-restaurant.pdf,1,14,whipped cream and brownie,disneyland-park/victorias-home-style-restaurant
2026-09-06,Victoria’s Home,Disneyland Park,P1MR09_victorias-home-style-restaurant.pdf,1,14,,disneyland-park/victorias-home-style-restaurant
2026-09-06,Victoria’s Home,Disneyland Park,P1MR09_victorias-home-style-restaurant.pdf,2,8,Cold Brew Coffee à personnaliser,disneyland-park/victorias-home-style-restaurant
2026-09-06,Victoria’s Home,Disneyland Park,P1MR09_victorias-home-style-restaurant.pdf,2,7,Original Cold Brew Coffee,disneyland-park/victorias-home-style-restaurant
2026-09-06,Victoria’s Home,Disneyland Park,P1MR09_victorias-home-style-restaurant.pdf,2,4,espresso Arabica Arabica Coffee,disneyland-park/victorias-home-style-restaurant
2026-09-06,Victoria’s Home,Disneyland Park,P1MR09_victorias-home-style-restaurant.pdf,2,5,Chocolat Viennois Vienna hot chocolate Chocolat chaud Hot chocolate,disneyland-park/victorias-home-style-restaurant
2026-09-06,Victoria’s Home,Disneyland Park,P1MR09_victorias-home-style-restaurant.pdf,2,4,"Chocolat chaud Hot chocolate infusion Tea, herbal tea",disneyland-park/victorias-home-style-restaurant
2026-09-06,Victoria’s Home,Disneyland Park,P1MR09_victorias-home-style-restaurant.pdf,2,5,"Orange, Sprite cl d’orange ou de pomme cl",disneyland-park/victorias-home-style-restaurant
2026-09-06,Victoria’s Home,Disneyland Park,P1MR09_victorias-home-style-restaurant.pdf,2,8,Rosé cl,disneyland-park/victorias-home-style-restaurant
2026-09-06,Victoria’s Home,Disneyland Park,P1MR09_victorias-home-style-restaurant.pdf,2,6,Pression Draught Premium,disneyland-park/victorias-home-style-restaurant
2026-09-06,Victoria’s Home,Disneyland Park,P1MR09_victorias-home-style-restaurant.pdf,2,9,Grimbergen d’Abbaye blonde,disneyland-park/victorias-home-style-restaurant
2026-09-06,Victoria’s Home,Disneyland Park,P1MR09_victorias-home-style-restaurant.pdf,2,20,avec champagne brut cl,disneyland-park/victorias-home-style-restaurant
2026-09-06,Victoria’s Home,Disneyland Park,P1MR09_victorias-home-style-restaurant.pdf,2,26,champagne brut Gourde Stitch,disneyland-park/victorias-home-style-restaurant
2026-09-06,Walt’s Restaurant,Disneyland Park,P1MR10_walts-american-restaurant.pdf,1,55,"Menu Walt’s Starter, Main Course and Dessert",disneyland-park/walts-american-restaurant
2026-09-06,Walt’s Restaurant,Disneyland Park,P1MR10_walts-american-restaurant.pdf,1,20,"Starter, Main Course and Dessert accompany your meal, we suggest a flight of wines x cl) from our selection, for",disneyland-park/walts-american-restaurant
2026-09-06,Walt’s Restaurant,Disneyland Park,P1MR10_walts-american-restaurant.pdf,1,30,"For children ages to Starter, Main Course, Dessert and Drink",disneyland-park/walts-american-restaurant
2026-09-06,Walt’s Restaurant,Disneyland Park,P1MR10_walts-american-restaurant.pdf,1,25,Celebrate your with us or more people,disneyland-park/walts-american-restaurant
2026-09-06,Walt’s Restaurant,Disneyland Park,P1MR10_walts-american-restaurant.pdf,1,45,Don’t forget to order your birthday dessert before your meal! or more people,disneyland-park/walts-american-restaurant
2026-09-06,Walt’s Restaurant,Disneyland Park,P1MR10_walts-american-restaurant.pdf,1,6,"Coca-Cola Coca-Cola Cherry, ORIGINAL ZÉROSUCRES",disneyland-park/walts-american-restaurant
2026-09-06,Walt’s Restaurant,Disneyland Park,P1MR10_walts-american-restaurant.pdf,1,34,Wine cl cl Agneau Blanc Baron Philippe de Rothschild,disneyland-park/walts-american-restaurant
2026-09-06,Walt’s Restaurant,Disneyland Park,P1MR10_walts-american-restaurant.pdf,1,6,"ORIGINAL ZÉROSUCRES Orange, Sprite",disneyland-park/walts-american-restaurant
2026-09-06,Walt’s Restaurant,Disneyland Park,P1MR10_walts-american-restaurant.pdf,1,24,AOC Bordeaux Agneau Blanc Baron Philippe de Rothschild AOC Chablis La Pierrelée La Chablisienne,disneyland-park/walts-american-restaurant
2026-09-06,Walt’s Restaurant,Disneyland Park,P1MR10_walts-american-restaurant.pdf,1,43,Agneau Blanc Baron Philippe de Rothschild La Pierrelée La Chablisienne,disneyland-park/walts-american-restaurant
2026-09-06,Walt’s Restaurant,Disneyland Park,P1MR10_walts-american-restaurant.pdf,1,6,"Orange, Sprite FuzeTea Peach Black Tea",disneyland-park/walts-american-restaurant
2026-09-06,Walt’s Restaurant,Disneyland Park,P1MR10_walts-american-restaurant.pdf,1,5,FuzeTea Peach Black Tea Tonic,disneyland-park/walts-american-restaurant
2026-09-06,Walt’s Restaurant,Disneyland Park,P1MR10_walts-american-restaurant.pdf,1,6,"FuzeTea Peach Black Tea juice, apple juice",disneyland-park/walts-american-restaurant
2026-09-06,Walt’s Restaurant,Disneyland Park,P1MR10_walts-american-restaurant.pdf,1,43,Wine Crozes-Hermitage La Rollande Brotte,disneyland-park/walts-american-restaurant
2026-09-06,Walt’s Restaurant,Disneyland Park,P1MR10_walts-american-restaurant.pdf,1,5,"Orange juice, apple juice Fresh orange juice",disneyland-park/walts-american-restaurant
2026-09-06,Walt’s Restaurant,Disneyland Park,P1MR10_walts-american-restaurant.pdf,1,24,AOC Crozes-Hermitage La Rollande Brotte AOC Saint Emilion Fortin Plaisance,disneyland-park/walts-american-restaurant
2026-09-06,Walt’s Restaurant,Disneyland Park,P1MR10_walts-american-restaurant.pdf,1,38,Crozes-Hermitage La Rollande Brotte Emilion Fortin Plaisance,disneyland-park/walts-american-restaurant
2026-09-06,Walt’s Restaurant,Disneyland Park,P1MR10_walts-american-restaurant.pdf,1,5,apple juice juice,disneyland-park/walts-american-restaurant
2026-09-06,Walt’s Restaurant,Disneyland Park,P1MR10_walts-american-restaurant.pdf,1,46,Emilion Fortin Plaisance Coppola Diamond Collection Zinfandel,disneyland-park/walts-american-restaurant
2026-09-06,Walt’s Restaurant,Disneyland Park,P1MR10_walts-american-restaurant.pdf,1,5,Mineral Waters,disneyland-park/walts-american-restaurant
2026-09-06,Walt’s Restaurant,Disneyland Park,P1MR10_walts-american-restaurant.pdf,1,6,Mineral Waters cl,disneyland-park/walts-american-restaurant
2026-09-06,Walt’s Restaurant,Disneyland Park,P1MR10_walts-american-restaurant.pdf,1,27,Rosé Wine Côtes de Provence Minuty Prestige rosé,disneyland-park/walts-american-restaurant
2026-09-06,Walt’s Restaurant,Disneyland Park,P1MR10_walts-american-restaurant.pdf,1,38,Wine Provence Minuty Prestige rosé,disneyland-park/walts-american-restaurant
2026-09-06,Manhattan Restaurant,Disney's Hotel New York,H02R00_manhattan-restaurant.pdf,1,55,"MENU GREENWI CH VI LLA Antipasto, piatto principale e dolce Entrée, plat et dessert",disneys-hotel-new-york/manhattan-restaurant
2026-09-06,Manhattan Restaurant,Disney's Hotel New York,H02R00_manhattan-restaurant.pdf,1,75,"Starter, main course and dessert Vino incluso Vin compris Wine included",disneys-hotel-new-york/manhattan-restaurant
2026-09-06,Manhattan Restaurant,Disney's Hotel New York,H02R00_manhattan-restaurant.pdf,1,36,VINI BIANCHI VINS BLANCS ITALIENS ITALIAN WHITE WINE OMBRIE Orvieto DOC Classico Cantina Cardeto,disneys-hotel-new-york/manhattan-restaurant
2026-09-06,Manhattan Restaurant,Disney's Hotel New York,H02R00_manhattan-restaurant.pdf,1,29,OMBRIE Orvieto DOC Classico Cantina Cardeto SARDAIGNE Vermentino di Sardegna DOC Dolia Cantina di Dolianova,disneys-hotel-new-york/manhattan-restaurant
2026-09-06,Manhattan Restaurant,Disney's Hotel New York,H02R00_manhattan-restaurant.pdf,1,43,VINI ROSÉ VIN ROSÉ ITALIEN ITALIAN ROSÉ WINE VÉNÉTIE Chiaretto Bardolino DOC Azienda Cavalchina,disneys-hotel-new-york/manhattan-restaurant
2026-09-06,Manhattan Restaurant,Disney's Hotel New York,H02R00_manhattan-restaurant.pdf,1,29,VINI ROSSI VINS ROUGES ITALIENS ITALIAN RED WINE TOSCANE Chianti DOCG Luggiano,disneys-hotel-new-york/manhattan-restaurant
2026-09-06,Manhattan Restaurant,Disney's Hotel New York,H02R00_manhattan-restaurant.pdf,1,36,Nero D’Avola Sicilia DOC Aquilae Cantina Di Canicatti SICILE,disneys-hotel-new-york/manhattan-restaurant
2026-09-06,Manhattan Restaurant,Disney's Hotel New York,H02R00_manhattan-restaurant.pdf,1,5,ACQUA MINERALE EAUX MINÉRALES MINERAL WATER Vittel®,disneys-hotel-new-york/manhattan-restaurant
2026-09-06,Manhattan Restaurant,Disney's Hotel New York,H02R00_manhattan-restaurant.pdf,1,6,CL Vittel®,disneys-hotel-new-york/manhattan-restaurant
2026-09-06,Manhattan Restaurant,Disney's Hotel New York,H02R00_manhattan-restaurant.pdf,1,6,"Coca-Cola ORIGINAL, Coca-Cola ZÉRO SUCRES, Coca-Cola Cherry",disneys-hotel-new-york/manhattan-restaurant
2026-09-06,Manhattan Restaurant,Disney's Hotel New York,H02R00_manhattan-restaurant.pdf,1,6,"Coca-Cola Cherry Fanta Orange, Sprite",disneys-hotel-new-york/manhattan-restaurant
2026-09-06,Manhattan Restaurant,Disney's Hotel New York,H02R00_manhattan-restaurant.pdf,1,6,"Fanta Orange, Sprite FuzeTea Pêche Intense Peach Black Tea",disneys-hotel-new-york/manhattan-restaurant
2026-09-06,Manhattan Restaurant,Disney's Hotel New York,H02R00_manhattan-restaurant.pdf,1,6,FuzeTea Pêche Intense Peach Black Tea Jus d’orange ou de pomme Orange or apple juice,disneys-hotel-new-york/manhattan-restaurant
2026-09-06,Manhattan Restaurant,Disney's Hotel New York,H02R00_manhattan-restaurant.pdf,1,5,Jus d’orange ou de pomme Orange or apple juice Perrier®,disneys-hotel-new-york/manhattan-restaurant
2026-09-06,Manhattan Restaurant,Disney's Hotel New York,H02R00_manhattan-restaurant.pdf,1,30,LLA GE MENU LIT TLE ITALY,disneys-hotel-new-york/manhattan-restaurant
2026-09-06,Manhattan Restaurant,Disney's Hotel New York,H02R00_manhattan-restaurant.pdf,1,29,"RISOTTI Risotto ai funghi, nocciole e olio alle erbe",disneys-hotel-new-york/manhattan-restaurant
2026-09-06,Manhattan Restaurant,Disney's Hotel New York,H02R00_manhattan-restaurant.pdf,1,19,"ANTIPASTI ENTRÉES STARTERS Vitello tonnato: fette sottili di vitello, salsa tonnata e verdure sott’aceto",disneys-hotel-new-york/manhattan-restaurant
2026-09-06,Manhattan Restaurant,Disney's Hotel New York,H02R00_manhattan-restaurant.pdf,1,13,"FORMAGGI FROMAGES CHEESES Selezione di formaggi italiani, miele in favo e uva",disneys-hotel-new-york/manhattan-restaurant
2026-09-06,Manhattan Restaurant,Disney's Hotel New York,H02R00_manhattan-restaurant.pdf,1,20,"Vitello tonnato: thinly sliced veal, tuna sauce and pickled vegetables Burrata con pappa al pomodoro pomodoro, pane, bas",disneys-hotel-new-york/manhattan-restaurant
2026-09-06,Manhattan Restaurant,Disney's Hotel New York,H02R00_manhattan-restaurant.pdf,1,35,"Mushroom and herbs oil risotto with hazelnut Risotto al cacciucco con filetto di triglia, vongole, mazzancolle,",disneys-hotel-new-york/manhattan-restaurant
2026-09-06,Manhattan Restaurant,Disney's Hotel New York,H02R00_manhattan-restaurant.pdf,1,17,"and extra virgin olive oil Insalata di orzo con pesto di rucola e pomodori confit, bresaola,",disneys-hotel-new-york/manhattan-restaurant
2026-09-06,Manhattan Restaurant,Disney's Hotel New York,H02R00_manhattan-restaurant.pdf,1,13,"DOLCI DESSERTS DESSERTS Panna cotta al cioccolato fondente e fava tonka, rosa del deserto",disneys-hotel-new-york/manhattan-restaurant
2026-09-06,Manhattan Restaurant,Disney's Hotel New York,H02R00_manhattan-restaurant.pdf,1,35,"SECONDI PLATS MAIN DISHES Filetto di branzino alla plancha, caponata e salsa allo zafferano",disneys-hotel-new-york/manhattan-restaurant
2026-09-06,Manhattan Restaurant,Disney's Hotel New York,H02R00_manhattan-restaurant.pdf,1,19,ricotta and marinated artichokes Sauté di vongole alla marinara con crostini,disneys-hotel-new-york/manhattan-restaurant
2026-09-06,Manhattan Restaurant,Disney's Hotel New York,H02R00_manhattan-restaurant.pdf,1,41,"Grilled sea bass fillet served with caponata and saffron sauce Costoletta di vitello alla griglia, fondo alla salvia, po",disneys-hotel-new-york/manhattan-restaurant
2026-09-06,Manhattan Restaurant,Disney's Hotel New York,H02R00_manhattan-restaurant.pdf,1,15,"with a chocolate cornflake cluster Babà al limoncello, panna montata al mascarpone e frutti di bosco",disneys-hotel-new-york/manhattan-restaurant
2026-09-06,Manhattan Restaurant,Disney's Hotel New York,H02R00_manhattan-restaurant.pdf,1,15,"Limoncello babà, whipped cream with mascarpone and red berries Tiramisù del Manhattan con terra al cacao",disneys-hotel-new-york/manhattan-restaurant
2026-09-06,Manhattan Restaurant,Disney's Hotel New York,H02R00_manhattan-restaurant.pdf,1,41,"Grilled veal chop, sage sauce, taragna polenta, fennel and radish salad Maialino da latte in porchetta ripieno di salsic",disneys-hotel-new-york/manhattan-restaurant
2026-09-06,Manhattan Restaurant,Disney's Hotel New York,H02R00_manhattan-restaurant.pdf,1,13,"Manhattan tiramisù, cocoa crumble Macaron al cioccolato e amarena",disneys-hotel-new-york/manhattan-restaurant
2026-09-06,Manhattan Restaurant,Disney's Hotel New York,H02R00_manhattan-restaurant.pdf,1,15,ZUPPA SOUPE SOUP Minestrone,disneys-hotel-new-york/manhattan-restaurant
2026-09-06,Manhattan Restaurant,Disney's Hotel New York,H02R00_manhattan-restaurant.pdf,1,35,"chickpea purée with herbs and citrus gremolada Suprema di pollo ruspante Label Rouge, fregola tostata con primizie di ve",disneys-hotel-new-york/manhattan-restaurant
2026-09-06,Manhattan Restaurant,Disney's Hotel New York,H02R00_manhattan-restaurant.pdf,1,13,"Cannolo siciliano con ricotta di pecora e arance candite, crema al cioccolato e pistacchi caramellati",disneys-hotel-new-york/manhattan-restaurant
2026-09-06,Manhattan Restaurant,Disney's Hotel New York,H02R00_manhattan-restaurant.pdf,1,38,PASTA PÂTES PASTA Spaghettoni1 alla Luciana con polpo,disneys-hotel-new-york/manhattan-restaurant
2026-09-06,Manhattan Restaurant,Disney's Hotel New York,H02R00_manhattan-restaurant.pdf,1,30,Spaghettoni1 with “Luciana style” octopus Gnocchi con crema di mozzarella profumata al limone e coulis di peperoni,disneys-hotel-new-york/manhattan-restaurant
2026-09-06,Manhattan Restaurant,Disney's Hotel New York,H02R00_manhattan-restaurant.pdf,1,15,chocolate pudding and caramelised pistachios Crostatina al limone e pralinato alla nocciola,disneys-hotel-new-york/manhattan-restaurant
2026-09-06,Manhattan Restaurant,Disney's Hotel New York,H02R00_manhattan-restaurant.pdf,1,15,CONTORNI ACCOMPAGNEMENTS SIDE DISHES Patate arrosto all’aglio e al rosmarino,disneys-hotel-new-york/manhattan-restaurant
2026-09-06,Manhattan Restaurant,Disney's Hotel New York,H02R00_manhattan-restaurant.pdf,1,32,"Cannelloni di grano saraceno1 farciti con funghi, pistacchi e profumo di agrumi su coulis di pomodoro",disneys-hotel-new-york/manhattan-restaurant
2026-09-06,Manhattan Restaurant,Disney's Hotel New York,H02R00_manhattan-restaurant.pdf,1,15,Roast potatoes with garlic and rosemary Caponata di verdure alla siciliana,disneys-hotel-new-york/manhattan-restaurant
2026-09-06,Manhattan Restaurant,Disney's Hotel New York,H02R00_manhattan-restaurant.pdf,1,35,"flavoured with citrus and served on a tomato sauce Mafaldine alla norcina con salsiccia, tartufo nero e salsa al Parmigi",disneys-hotel-new-york/manhattan-restaurant
2026-09-06,Manhattan Restaurant,Disney's Hotel New York,H02R00_manhattan-restaurant.pdf,1,15,"Sicilian-style vegetable caponata Polenta taragna, salsa di pomodoro",disneys-hotel-new-york/manhattan-restaurant
2026-09-06,Manhattan Restaurant,Disney's Hotel New York,H02R00_manhattan-restaurant.pdf,1,30,"Mafaldine alla Norcina with sausage, black truffles and Parmigiano-Reggiano sauce Ravioli ripieni di vitello, salsa al p",disneys-hotel-new-york/manhattan-restaurant
2026-09-06,Manhattan Restaurant,Disney's Hotel New York,H02R00_manhattan-restaurant.pdf,1,15,"«Polenta taragna», tomato sauce Insalata di stagione all’olio d’oliva extravergine e aceto balsamico",disneys-hotel-new-york/manhattan-restaurant
2026-09-06,Manhattan Restaurant,Disney's Hotel New York,H02R00_manhattan-restaurant.pdf,1,25,Dessert a partire da persone extravergine e aceto balsamico Dessert à partir de personnes,disneys-hotel-new-york/manhattan-restaurant
2026-09-06,Manhattan Restaurant,Disney's Hotel New York,H02R00_manhattan-restaurant.pdf,1,45,Dessert a partire da persone Dessert a partire da persone Dessert à partir de personnes Dessert à partir de personnes,disneys-hotel-new-york/manhattan-restaurant
2026-09-06,Yacht Club,Disney's Newport Bay Club,H03R03_yacht-club-restaurant.pdf,1,55,"Menu Régate Entrée, Plat et Dessert",disneys-newport-bay-club/yacht-club-restaurant
2026-09-06,Yacht Club,Disney's Newport Bay Club,H03R03_yacht-club-restaurant.pdf,1,18,"Chair de crabe, purée d’avocat à la crème, vinaigrette citronnée aux poivrons, tomates et cumin",disneys-newport-bay-club/yacht-club-restaurant
2026-09-06,Yacht Club,Disney's Newport Bay Club,H03R03_yacht-club-restaurant.pdf,1,75,"Starter, Main Course Vin compris",disneys-newport-bay-club/yacht-club-restaurant
2026-09-06,Yacht Club,Disney's Newport Bay Club,H03R03_yacht-club-restaurant.pdf,1,17,Soupe de lentille corail aux épices lait de coco et coriandre,disneys-newport-bay-club/yacht-club-restaurant
2026-09-06,Yacht Club,Disney's Newport Bay Club,H03R03_yacht-club-restaurant.pdf,1,17,"Coral Lentil Soup with Mild Spices, Coconut Milk and Coriander Tarte fine au chèvre frais, tomate et roquette",disneys-newport-bay-club/yacht-club-restaurant
2026-09-06,Yacht Club,Disney's Newport Bay Club,H03R03_yacht-club-restaurant.pdf,1,18,"Salade de choux aux algues wakamé, cranberries et poulet mariné au soja et sésame",disneys-newport-bay-club/yacht-club-restaurant
2026-09-06,Yacht Club,Disney's Newport Bay Club,H03R03_yacht-club-restaurant.pdf,1,19,Housemade “New England Clam Chowder” Velouté de palourdes aux pommes de terre et poitrine fumée,disneys-newport-bay-club/yacht-club-restaurant
2026-09-06,Yacht Club,Disney's Newport Bay Club,H03R03_yacht-club-restaurant.pdf,1,19,Lamelles d’encornets panés et frits et sauce tartare,disneys-newport-bay-club/yacht-club-restaurant
2026-09-06,Yacht Club,Disney's Newport Bay Club,H03R03_yacht-club-restaurant.pdf,1,35,"Filet de merlu en croûte d’olives noires, anchois et parmesan, écrasée de pommes de terre et coulis de tomate",disneys-newport-bay-club/yacht-club-restaurant
2026-09-06,Yacht Club,Disney's Newport Bay Club,H03R03_yacht-club-restaurant.pdf,1,38,"Dorade grillée au citron et à l’origan, poivrons et olives Kalamata",disneys-newport-bay-club/yacht-club-restaurant
2026-09-06,Yacht Club,Disney's Newport Bay Club,H03R03_yacht-club-restaurant.pdf,1,32,"Conchiglioni aux courgettes, artichauts sauce tomate",disneys-newport-bay-club/yacht-club-restaurant
2026-09-06,Yacht Club,Disney's Newport Bay Club,H03R03_yacht-club-restaurant.pdf,1,40,"Saumon, cabillaud, moules, gambas, pommes carottes et sauce crustacés safranée",disneys-newport-bay-club/yacht-club-restaurant
2026-09-06,Yacht Club,Disney's Newport Bay Club,H03R03_yacht-club-restaurant.pdf,1,45,"Noix d’entrecôte Angus, pommes de terre sauce au poivre",disneys-newport-bay-club/yacht-club-restaurant
2026-09-06,Yacht Club,Disney's Newport Bay Club,H03R03_yacht-club-restaurant.pdf,1,30,"For children et cheddar,",disneys-newport-bay-club/yacht-club-restaurant
2026-09-06,Yacht Club,Disney's Newport Bay Club,H03R03_yacht-club-restaurant.pdf,1,32,"Angus Sirloin Steak, Potatoes with Boursin and Cheddar, Pepper Volaille fermière en fricassé aux légumes de saison",disneys-newport-bay-club/yacht-club-restaurant
2026-09-06,Yacht Club,Disney's Newport Bay Club,H03R03_yacht-club-restaurant.pdf,1,43,"Côte de veau, poêlée de pommes de terre et et au persil, jus à la sauge",disneys-newport-bay-club/yacht-club-restaurant
2026-09-06,Yacht Club,Disney's Newport Bay Club,H03R03_yacht-club-restaurant.pdf,1,16,Desserts “La Boussole du Capitaine”,disneys-newport-bay-club/yacht-club-restaurant
2026-09-06,Yacht Club,Disney's Newport Bay Club,H03R03_yacht-club-restaurant.pdf,1,18,and Tonka Bean Centre and Almond Streusel Crunch Pavlova végane aux fruits du moment,disneys-newport-bay-club/yacht-club-restaurant
2026-09-06,Yacht Club,Disney's Newport Bay Club,H03R03_yacht-club-restaurant.pdf,1,18,"Entremet à la vanille, insert confit de myrtilles fruits rouges et crumble aux amandes",disneys-newport-bay-club/yacht-club-restaurant
2026-09-06,Yacht Club,Disney's Newport Bay Club,H03R03_yacht-club-restaurant.pdf,1,16,"Berries and Almond Crumble Coulant au chocolat tiède, crème glacée à la vanille",disneys-newport-bay-club/yacht-club-restaurant
2026-09-06,Yacht Club,Disney's Newport Bay Club,H03R03_yacht-club-restaurant.pdf,1,15,"Warm Chocolate Lava Cake, Vanilla Ice Finger café chocolat-noisettes",disneys-newport-bay-club/yacht-club-restaurant
2026-09-06,Yacht Club,Disney's Newport Bay Club,H03R03_yacht-club-restaurant.pdf,1,16,"Glace à l’italienne parfum vanille, coulis de framboise, brisures de cookies et brisures de caramel croquant avec du cho",disneys-newport-bay-club/yacht-club-restaurant
2026-09-06,Yacht Club,Disney's Newport Bay Club,H03R03_yacht-club-restaurant.pdf,1,16,"and Crunchy Caramel Bits with Milk Chocolate Tarte fine aux pommes, crème fouettée myrtille",disneys-newport-bay-club/yacht-club-restaurant
2026-09-06,Yacht Club,Disney's Newport Bay Club,H03R03_yacht-club-restaurant.pdf,1,24,Wine Drinks Blanc White AOC Chablis La Pierrelée La Chablisienne,disneys-newport-bay-club/yacht-club-restaurant
2026-09-06,Yacht Club,Disney's Newport Bay Club,H03R03_yacht-club-restaurant.pdf,1,43,cl White AOC Chablis La Pierrelée La Chablisienne,disneys-newport-bay-club/yacht-club-restaurant
2026-09-06,Yacht Club,Disney's Newport Bay Club,H03R03_yacht-club-restaurant.pdf,1,27,Blanc White AOC Chablis La Pierrelée La Chablisienne Rosé AOP Côtes de Provence Minuty Prestige rosé,disneys-newport-bay-club/yacht-club-restaurant
2026-09-06,Yacht Club,Disney's Newport Bay Club,H03R03_yacht-club-restaurant.pdf,1,38,White AOC Chablis La Pierrelée La Chablisienne AOP Côtes de Provence Minuty Prestige rosé,disneys-newport-bay-club/yacht-club-restaurant
2026-09-06,Yacht Club,Disney's Newport Bay Club,H03R03_yacht-club-restaurant.pdf,1,38,AOP Côtes de Provence Minuty Prestige rosé Red AOC Bordeaux Mouton Cadet Baron Philippe de Rothschild,disneys-newport-bay-club/yacht-club-restaurant
2026-09-06,Yacht Club,Disney's Newport Bay Club,H03R03_yacht-club-restaurant.pdf,1,8,Cider Mordue Original Cidre aromatisé,disneys-newport-bay-club/yacht-club-restaurant
2026-09-06,Yacht Club,Disney's Newport Bay Club,H03R03_yacht-club-restaurant.pdf,1,6,"cl Coca-Cola ORIGINAL, Coca-Cola ZÉRO SUCRES, Coca-Cola Cherry",disneys-newport-bay-club/yacht-club-restaurant
2026-09-06,Yacht Club,Disney's Newport Bay Club,H03R03_yacht-club-restaurant.pdf,1,6,"Coca-Cola ORIGINAL, Coca-Cola ZÉRO SUCRES, Coca-Cola Cherry Fanta Orange, Sprite",disneys-newport-bay-club/yacht-club-restaurant
2026-09-06,Yacht Club,Disney's Newport Bay Club,H03R03_yacht-club-restaurant.pdf,1,25,Don’t forget to order your birthday dessert before your meal! Dessert à partir de personnes Dessert to share for people ,disneys-newport-bay-club/yacht-club-restaurant
2026-09-06,Yacht Club,Disney's Newport Bay Club,H03R03_yacht-club-restaurant.pdf,1,6,"Fanta Orange, Sprite FuzeTea Pêche Intense, TROPICO Original",disneys-newport-bay-club/yacht-club-restaurant
2026-09-06,Yacht Club,Disney's Newport Bay Club,H03R03_yacht-club-restaurant.pdf,1,45,Dessert à partir de personnes Dessert to share for people or more Dessert à partir de personnes Dessert to share for peo,disneys-newport-bay-club/yacht-club-restaurant
2026-09-06,Yacht Club,Disney's Newport Bay Club,H03R03_yacht-club-restaurant.pdf,1,5,"FuzeTea Pêche Intense, TROPICO Original Perrier®",disneys-newport-bay-club/yacht-club-restaurant
2026-09-06,Yacht Club,Disney's Newport Bay Club,H03R03_yacht-club-restaurant.pdf,1,5,Eaux minérales Mineral water Vittel®,disneys-newport-bay-club/yacht-club-restaurant
2026-09-06,Yacht Club,Disney's Newport Bay Club,H03R03_yacht-club-restaurant.pdf,1,6,cl Vittel®,disneys-newport-bay-club/yacht-club-restaurant
2026-09-06,Hunter's Grill,Disney's Sequoia Lodge,H04R01_hunters-grill.pdf,1,45,HIER HABEN SIE Unser Buffet bietet,disneys-sequoia-lodge/hunters-grill
2026-09-06,Hunter's Grill,Disney's Sequoia Lodge,H04R01_hunters-grill.pdf,1,25,,disneys-sequoia-lodge/hunters-grill
2026-09-06,Hunter's Grill,Disney's Sequoia Lodge,H04R01_hunters-grill.pdf,1,30,Breakfast,disneys-sequoia-lodge/hunters-grill
2026-09-06,Hunter's Grill,Disney's Sequoia Lodge,H04R01_hunters-grill.pdf,1,24,Desayuno Frühstück,disneys-sequoia-lodge/hunters-grill
2026-09-06,Hunter's Grill,Disney's Sequoia Lodge,H04R01_hunters-grill.pdf,1,25,ans Postre Dessert für,disneys-sequoia-lodge/hunters-grill
2026-09-06,Hunter's Grill,Disney's Sequoia Lodge,H04R01_hunters-grill.pdf,1,45,Postre a partir de personas Postre Dessert für mindestens Personen Dessert für,disneys-sequoia-lodge/hunters-grill
2026-09-06,Bistrot Chez Rémy,Disney Adventure World,P2TR02_bistrot-chez-remy.pdf,1,43,Vins blancs White wine AOC Chablis La Pierrelée La Chablisienne,disney-adventure-world/bistrot-chez-remy
2026-09-06,Bistrot Chez Rémy,Disney Adventure World,P2TR02_bistrot-chez-remy.pdf,1,34,AOC Chablis La Pierrelée La Chablisienne Cité de Carcassonne Gérard Bertrand Chardonnay,disney-adventure-world/bistrot-chez-remy
2026-09-06,Bistrot Chez Rémy,Disney Adventure World,P2TR02_bistrot-chez-remy.pdf,1,34,AOC Sainte-Croix-du-Mont Château des Arroucats vin liquoreux,disney-adventure-world/bistrot-chez-remy
2026-09-06,Bistrot Chez Rémy,Disney Adventure World,P2TR02_bistrot-chez-remy.pdf,1,34,Vin Rosé wine AOP Languedoc Art de vivre Gérard Bertrand,disney-adventure-world/bistrot-chez-remy
2026-09-06,Bistrot Chez Rémy,Disney Adventure World,P2TR02_bistrot-chez-remy.pdf,1,38,Vins rouges Red wine Edition Bistrot Chez Rémy AOC Saint-Emilion Fleur de Roc,disney-adventure-world/bistrot-chez-remy
2026-09-06,Bistrot Chez Rémy,Disney Adventure World,P2TR02_bistrot-chez-remy.pdf,1,43,Produit par Cheval Quancard AOC Bourgogne Hautes-Côtes de Nuits Pierre Maizière,disney-adventure-world/bistrot-chez-remy
2026-09-06,Bistrot Chez Rémy,Disney Adventure World,P2TR02_bistrot-chez-remy.pdf,1,45,Menu Rémy,disney-adventure-world/bistrot-chez-remy
2026-09-06,Bistrot Chez Rémy,Disney Adventure World,P2TR02_bistrot-chez-remy.pdf,1,45,Rémy Menu,disney-adventure-world/bistrot-chez-remy
2026-09-06,Bistrot Chez Rémy,Disney Adventure World,P2TR02_bistrot-chez-remy.pdf,1,30,Little Chef Menu,disney-adventure-world/bistrot-chez-remy
2026-09-06,Bistrot Chez Rémy,Disney Adventure World,P2TR02_bistrot-chez-remy.pdf,1,30,Menu Petit Chef,disney-adventure-world/bistrot-chez-remy
2026-09-06,Bistrot Chez Rémy,Disney Adventure World,P2TR02_bistrot-chez-remy.pdf,1,55,Entrée et Plat Menu Émile,disney-adventure-world/bistrot-chez-remy
2026-09-06,Bistrot Chez Rémy,Disney Adventure World,P2TR02_bistrot-chez-remy.pdf,1,55,Starter and Main Course Émile Menu,disney-adventure-world/bistrot-chez-remy
2026-09-06,Bistrot Chez Rémy,Disney Adventure World,P2TR02_bistrot-chez-remy.pdf,1,20,Pour accompagner votre nous vous suggérons au prix de,disney-adventure-world/bistrot-chez-remy
2026-09-06,Bistrot Chez Rémy,Disney Adventure World,P2TR02_bistrot-chez-remy.pdf,1,20,"selection, from our for",disney-adventure-world/bistrot-chez-remy
2026-09-06,Bistrot Chez Rémy,Disney Adventure World,P2TR02_bistrot-chez-remy.pdf,1,25,cl (vin liquoreux) personnes,disney-adventure-world/bistrot-chez-remy
2026-09-06,Bistrot Chez Rémy,Disney Adventure World,P2TR02_bistrot-chez-remy.pdf,1,45,cl personnes personnes,disney-adventure-world/bistrot-chez-remy
2026-09-06,Bistrot Chez Rémy,Disney Adventure World,P2TR02_bistrot-chez-remy.pdf,1,25,Dessert or more people,disney-adventure-world/bistrot-chez-remy
2026-09-06,Bistrot Chez Rémy,Disney Adventure World,P2TR02_bistrot-chez-remy.pdf,1,45,Dessert to share for or more people or more people,disney-adventure-world/bistrot-chez-remy
2026-09-06,Bistrot Chez Rémy,Disney Adventure World,P2TR02_bistrot-chez-remy.pdf,1,6,cl Coca-Cola ORIGINAL,disney-adventure-world/bistrot-chez-remy
2026-09-06,Bistrot Chez Rémy,Disney Adventure World,P2TR02_bistrot-chez-remy.pdf,1,6,Coca-Cola ORIGINAL Coca-Cola ZÉRO SUCRES,disney-adventure-world/bistrot-chez-remy
2026-09-06,Bistrot Chez Rémy,Disney Adventure World,P2TR02_bistrot-chez-remy.pdf,1,6,Coca-Cola ZÉRO SUCRES Coca-Cola Cherry,disney-adventure-world/bistrot-chez-remy
2026-09-06,Bistrot Chez Rémy,Disney Adventure World,P2TR02_bistrot-chez-remy.pdf,1,6,Coca-Cola Cherry Fanta Orange,disney-adventure-world/bistrot-chez-remy
2026-09-06,Bistrot Chez Rémy,Disney Adventure World,P2TR02_bistrot-chez-remy.pdf,1,6,Fanta Orange Sprite,disney-adventure-world/bistrot-chez-remy
2026-09-06,Bistrot Chez Rémy,Disney Adventure World,P2TR02_bistrot-chez-remy.pdf,1,6,"Sprite Jus d’orange, jus de pomme",disney-adventure-world/bistrot-chez-remy
2026-09-06,Bistrot Chez Rémy,Disney Adventure World,P2TR02_bistrot-chez-remy.pdf,1,6,Orange or apple juice FuzeTea Pêche Intense Peach Black Tea,disney-adventure-world/bistrot-chez-remy
2026-09-06,Bistrot Chez Rémy,Disney Adventure World,P2TR02_bistrot-chez-remy.pdf,1,7,Kombucha parfum framboise-hibiscus Bio,disney-adventure-world/bistrot-chez-remy
2026-09-06,Bistrot Chez Rémy,Disney Adventure World,P2TR02_bistrot-chez-remy.pdf,1,5,Organic Kombucha Raspberry-Hibiscus Flavoured Vittel®,disney-adventure-world/bistrot-chez-remy
2026-09-06,Bistrot Chez Rémy,Disney Adventure World,P2TR02_bistrot-chez-remy.pdf,1,6,Organic Kombucha Raspberry-Hibiscus Flavoured Vittel®,disney-adventure-world/bistrot-chez-remy
2026-09-06,Bistrot Chez Rémy,Disney Adventure World,P2TR02_bistrot-chez-remy.pdf,1,5,S.Pellegrino® Perrier®,disney-adventure-world/bistrot-chez-remy
2026-09-06,FAN,Disney Adventure World,P2PR05_fan-tastic-food-truck.pdf,1,50,PRODUIT DÉCONGELÉ NOUS N’ACCEPTONS PAS LES COUPURES AU-DELÀ DE,disney-adventure-world/fan-tastic
2026-09-06,FAN,Disney Adventure World,P2PR05_fan-tastic-food-truck.pdf,1,50,PRIX NETS PRODUIT DÉCONGELÉ NOUS N’ACCEPTONS PAS LES COUPURES AU-DELÀ TAX INCLUDED DEFROSTED PRODUCT WE DO NOT ACCEPT NO,disney-adventure-world/fan-tastic
2026-09-06,FAN,Disney Adventure World,P2PR05_fan-tastic-food-truck.pdf,1,8,DUO GUARDIENS,disney-adventure-world/fan-tastic
2026-09-06,FAN,Disney Adventure World,P2PR05_fan-tastic-food-truck.pdf,1,4,MAGNUM®,disney-adventure-world/fan-tastic
2026-09-06,FAN,Disney Adventure World,P2PR05_fan-tastic-food-truck.pdf,1,5,"ORANGE, STRAWBERRY, LEMON FLAVOURS",disney-adventure-world/fan-tastic
2026-09-06,FAN,Disney Adventure World,P2PR05_fan-tastic-food-truck.pdf,1,4,CAFÉ ARABICA COFFEE CAFÉ AU LAIT COFFEE WITH MILK,disney-adventure-world/fan-tastic
2026-09-06,FAN,Disney Adventure World,P2PR05_fan-tastic-food-truck.pdf,1,444,CAFÉ AU LAIT COFFEE WITH MILK CCCAAAPPPPPPUUUCCCCCCIIINNNOOO,disney-adventure-world/fan-tastic
2026-09-06,Nordic Crowns Tavern,Disney Adventure World,P2ER00_nordic-crowns-tavern.pdf,1,24,,disney-adventure-world/nordic-crowns-tavern
2026-09-06,Nordic Crowns Tavern,Disney Adventure World,P2ER00_nordic-crowns-tavern.pdf,1,22,,disney-adventure-world/nordic-crowns-tavern
2026-09-06,Nordic Crowns Tavern,Disney Adventure World,P2ER00_nordic-crowns-tavern.pdf,1,22,,disney-adventure-world/nordic-crowns-tavern
2026-09-06,Nordic Crowns Tavern,Disney Adventure World,P2ER00_nordic-crowns-tavern.pdf,1,14,THE MINI TROLLS MENU For children ages to,disney-adventure-world/nordic-crowns-tavern
2026-09-06,Nordic Crowns Tavern,Disney Adventure World,P2ER00_nordic-crowns-tavern.pdf,1,15,MENU SALADE,disney-adventure-world/nordic-crowns-tavern
2026-09-06,Nordic Crowns Tavern,Disney Adventure World,P2ER00_nordic-crowns-tavern.pdf,1,7,,disney-adventure-world/nordic-crowns-tavern
2026-09-06,Sports Bar & Lounge,Disney Village,D01R06_sports-bar.pdf,2,27,XXL HOT-DOG,disney-village/sports-bar
2026-09-06,Sports Bar & Lounge,Disney Village,D01R06_sports-bar.pdf,2,33,XXL XXL HOT-DOG SANDWICH,disney-village/sports-bar
2026-09-06,Sports Bar & Lounge,Disney Village,D01R06_sports-bar.pdf,2,37,XXL XXL SOFT BREAD LOBSTER FISH,disney-village/sports-bar
2026-09-06,Sports Bar & Lounge,Disney Village,D01R06_sports-bar.pdf,2,16,PLANCHE DE CHARCUTERIES ITALIENNES,disney-village/sports-bar
2026-09-06,Sports Bar & Lounge,Disney Village,D01R06_sports-bar.pdf,2,26,PLANCHE DE CHARCUTERIES ITALIENNES,disney-village/sports-bar
2026-09-06,Sports Bar & Lounge,Disney Village,D01R06_sports-bar.pdf,2,16,PLANCHE DE FROMAGES DES RÉGIONS FRANÇAISES,disney-village/sports-bar
2026-09-06,Sports Bar & Lounge,Disney Village,D01R06_sports-bar.pdf,2,26,PLANCHE DE FROMAGES DES RÉGIONS FRANÇAISES,disney-village/sports-bar
2026-09-06,Sports Bar & Lounge,Disney Village,D01R06_sports-bar.pdf,2,18,with Espelette pepper PLANCHE À L’ESPAGNOLE,disney-village/sports-bar
2026-09-06,Sports Bar & Lounge,Disney Village,D01R06_sports-bar.pdf,2,28,with Espelette pepper PLANCHE À L’ESPAGNOLE,disney-village/sports-bar
2026-09-06,Sports Bar & Lounge,Disney Village,D01R06_sports-bar.pdf,3,4,BREADED CHICKEN STRIPS WITH GREEN PEA GUAC CHIPS PIPER’S CRISPS,disney-village/sports-bar
2026-09-06,Sports Bar & Lounge,Disney Village,D01R06_sports-bar.pdf,4,14,CHOOSE YOUR MAIN DISH BABY BACK RIBS,disney-village/sports-bar
2026-09-06,Sports Bar & Lounge,Disney Village,D01R06_sports-bar.pdf,4,17,YOUR MAIN DISH AND YOUR SIDE BACK RIBS TORTILLA DE BLÉ,disney-village/sports-bar
2026-09-06,Sports Bar & Lounge,Disney Village,D01R06_sports-bar.pdf,4,15,Pork ribs with maple syrup and soy sauce VEGAN SANDWICH,disney-village/sports-bar
2026-09-06,Sports Bar & Lounge,Disney Village,D01R06_sports-bar.pdf,4,19,pico de gallo et sauce végétale SOFT BREAD LOBSTER FISH,disney-village/sports-bar
2026-09-06,Sports Bar & Lounge,Disney Village,D01R06_sports-bar.pdf,4,16,pico de gallo and tartare sauce SANDWICH CHAUD BRETZEL,disney-village/sports-bar
2026-09-06,Sports Bar & Lounge,Disney Village,D01R06_sports-bar.pdf,4,15,ET QUARTIERS DE POMMES DE TERRE FRITS,disney-village/sports-bar
2026-09-06,Sports Bar & Lounge,Disney Village,D01R06_sports-bar.pdf,4,19,ET QUARTIERS DE POMMES DE TERRE FRITS,disney-village/sports-bar
2026-09-06,Sports Bar & Lounge,Disney Village,D01R06_sports-bar.pdf,5,19,OUR SALADS SALADE BIEN-ÊTRE,disney-village/sports-bar
2026-09-06,Sports Bar & Lounge,Disney Village,D01R06_sports-bar.pdf,5,19,herb sauce SALADE AU POULET,disney-village/sports-bar
2026-09-06,Sports Bar & Lounge,Disney Village,D01R06_sports-bar.pdf,5,22,"SALADE AU SAUMON CUIT À LA FLAMME, HUILE AUX ÉPICES CAJUN",disney-village/sports-bar
2026-09-06,Sports Bar & Lounge,Disney Village,D01R06_sports-bar.pdf,6,9,OUR DESSERTS Gaufre BUBBLE AU SUCRE,disney-village/sports-bar
2026-09-06,Sports Bar & Lounge,Disney Village,D01R06_sports-bar.pdf,7,37,LEAGUE1 LEAGUE1 Coupe jusqu'à personnes,disney-village/sports-bar
2026-09-06,Sports Bar & Lounge,Disney Village,D01R06_sports-bar.pdf,7,49,croustillante Coupe jusqu'à personnes,disney-village/sports-bar
2026-09-06,Sports Bar & Lounge,Disney Village,D01R06_sports-bar.pdf,7,25,cherries and vanilla sponge Dessert jusqu'à personnes,disney-village/sports-bar
2026-09-06,Sports Bar & Lounge,Disney Village,D01R06_sports-bar.pdf,7,45,TEMPS Serves Dessert jusqu'à personnes,disney-village/sports-bar
2026-09-06,Sports Bar & Lounge,Disney Village,D01R06_sports-bar.pdf,7,11,"caramel custard, shortbread hockey stick ENERGY AUX FRUITS",disney-village/sports-bar
2026-09-06,Sports Bar & Lounge,Disney Village,D01R06_sports-bar.pdf,7,11,"hazelnuts, goji berries, banana, kiwi and blueberries ""VEGANERGY"" AUX FRUITS",disney-village/sports-bar
2026-09-06,Sports Bar & Lounge,Disney Village,D01R06_sports-bar.pdf,8,10,"nectar2, fresh mint, blueberry purée and Sprite CLASSIQUES CLASSIC COCKTAILS",disney-village/sports-bar
2026-09-06,Sports Bar & Lounge,Disney Village,D01R06_sports-bar.pdf,10,7,PREMIUM LA MORDUE ORIGINAL CIDRE AROMATISÉ,disney-village/sports-bar
2026-09-06,Sports Bar & Lounge,Disney Village,D01R06_sports-bar.pdf,10,6,CARLSBERG GRIMBERGEN D’ABBAYE BLONDE,disney-village/sports-bar
2026-09-06,Sports Bar & Lounge,Disney Village,D01R06_sports-bar.pdf,10,9,CARLSBERG GRIMBERGEN D’ABBAYE BLONDE,disney-village/sports-bar
2026-09-06,Sports Bar & Lounge,Disney Village,D01R06_sports-bar.pdf,10,6,GRIMBERGEN D’ABBAYE BLONDE BROOKLYN IPA,disney-village/sports-bar
2026-09-06,Sports Bar & Lounge,Disney Village,D01R06_sports-bar.pdf,10,9,GRIMBERGEN D’ABBAYE BLONDE BROOKLYN IPA,disney-village/sports-bar
2026-09-06,Sports Bar & Lounge,Disney Village,D01R06_sports-bar.pdf,10,6,BROOKLYN IPA BLANCHE,disney-village/sports-bar
2026-09-06,Sports Bar & Lounge,Disney Village,D01R06_sports-bar.pdf,10,9,BROOKLYN IPA BLANCHE,disney-village/sports-bar
2026-09-06,Sports Bar & Lounge,Disney Village,D01R06_sports-bar.pdf,10,6,BLANCHE BIÈRE DE SAISON,disney-village/sports-bar
2026-09-06,Sports Bar & Lounge,Disney Village,D01R06_sports-bar.pdf,10,9,BLANCHE BIÈRE DE SAISON,disney-village/sports-bar
2026-09-06,Sports Bar & Lounge,Disney Village,D01R06_sports-bar.pdf,10,6,MAGNERS IRISH CIDER ORIGINAL CIDRE,disney-village/sports-bar
2026-09-06,Sports Bar & Lounge,Disney Village,D01R06_sports-bar.pdf,10,9,MAGNERS IRISH CIDER ORIGINAL CIDRE,disney-village/sports-bar
2026-09-06,Sports Bar & Lounge,Disney Village,D01R06_sports-bar.pdf,10,7,PREMIUM cl) IGP Pays d’Oc Naturalys Gérard Bertrand Chardonnay Bio,disney-village/sports-bar
2026-09-06,Sports Bar & Lounge,Disney Village,D01R06_sports-bar.pdf,10,30,cl) IGP Pays d’Oc Naturalys Gérard Bertrand Chardonnay Bio,disney-village/sports-bar
2026-09-06,Sports Bar & Lounge,Disney Village,D01R06_sports-bar.pdf,10,38,PREMIUM Bio Demeter,disney-village/sports-bar
2026-09-06,Sports Bar & Lounge,Disney Village,D01R06_sports-bar.pdf,10,20,PITCHER l) APÉRITIF À L'ORANGE,disney-village/sports-bar
2026-09-06,Sports Bar & Lounge,Disney Village,D01R06_sports-bar.pdf,10,38,AOC Bourgogne Aligoté La Chablisienne,disney-village/sports-bar
2026-09-06,Sports Bar & Lounge,Disney Village,D01R06_sports-bar.pdf,10,30,VINS ROSÉS ROSÉ WINE IGP Pays d’Oc Gris Blanc,disney-village/sports-bar
2026-09-06,Sports Bar & Lounge,Disney Village,D01R06_sports-bar.pdf,10,33,AOP Côtes de Provence Minuty Prestige Rosé,disney-village/sports-bar
2026-09-06,Sports Bar & Lounge,Disney Village,D01R06_sports-bar.pdf,10,5,cl) FUZETEA SAVEUR PÊCHE,disney-village/sports-bar
2026-09-06,Sports Bar & Lounge,Disney Village,D01R06_sports-bar.pdf,10,4,PERRIER® INDIAN TONIC cl),disney-village/sports-bar
2026-09-06,Sports Bar & Lounge,Disney Village,D01R06_sports-bar.pdf,10,30,AOC Côtes du Rhône Esprit Brotte,disney-village/sports-bar
2026-09-06,Sports Bar & Lounge,Disney Village,D01R06_sports-bar.pdf,10,5,cl) TROPICO TROPICAL,disney-village/sports-bar
2026-09-06,Sports Bar & Lounge,Disney Village,D01R06_sports-bar.pdf,10,5,INDIAN TONIC cl) COCA-COLA ORIGINAL,disney-village/sports-bar
2026-09-06,Sports Bar & Lounge,Disney Village,D01R06_sports-bar.pdf,10,5,COCA-COLA ORIGINAL COCA-COLA ZÉRO SUCRES,disney-village/sports-bar
2026-09-06,Sports Bar & Lounge,Disney Village,D01R06_sports-bar.pdf,10,7,"BEER, Fortin Plaisance",disney-village/sports-bar
2026-09-06,Sports Bar & Lounge,Disney Village,D01R06_sports-bar.pdf,10,33,AOC Saint Emilion Fortin Plaisance,disney-village/sports-bar
2026-09-06,Sports Bar & Lounge,Disney Village,D01R06_sports-bar.pdf,10,5,ZÉRO SUCRES TRADITIONAL LEMONADE cl),disney-village/sports-bar
2026-09-06,Sports Bar & Lounge,Disney Village,D01R06_sports-bar.pdf,10,5,COCA-COLA ZÉRO SUCRES COCA-COLA ZÉRO SUCRES CHERRY,disney-village/sports-bar
2026-09-06,Sports Bar & Lounge,Disney Village,D01R06_sports-bar.pdf,10,38,AOP La Clape Château L’Hospitalet Bio Demeter,disney-village/sports-bar
2026-09-06,Sports Bar & Lounge,Disney Village,D01R06_sports-bar.pdf,10,5,SAVEUR CERISE SPRITE SANS SUCRES,disney-village/sports-bar
2026-09-06,Sports Bar & Lounge,Disney Village,D01R06_sports-bar.pdf,10,5,SPRITE SANS SUCRES FANTA ORANGE SANS SUCRES,disney-village/sports-bar
2026-09-06,Sports Bar & Lounge,Disney Village,D01R06_sports-bar.pdf,10,77,Edition Spéciale Disneyland® Paris Pierre Mignon Grande Réserve brut,disney-village/sports-bar
2026-09-06,Sports Bar & Lounge,Disney Village,D01R06_sports-bar.pdf,10,5,APPLE JUICE S.PELLEGRINO,disney-village/sports-bar
2026-09-06,Sports Bar & Lounge,Disney Village,D01R06_sports-bar.pdf,11,9,BULLEIT RYE FRONTIER WHISKEY JACK DANIEL'S OLD N°7,disney-village/sports-bar
2026-09-06,Sports Bar & Lounge,Disney Village,D01R06_sports-bar.pdf,11,6,BIÈRE BEER,disney-village/sports-bar
2026-09-06,Sports Bar & Lounge,Disney Village,D01R06_sports-bar.pdf,11,45,SPARKLING NOOH BY LA COSTE ROSÉ ALCOOL,disney-village/sports-bar
2026-09-06,Sports Bar & Lounge,Disney Village,D01R06_sports-bar.pdf,12,4,"CAFÉ ARABICA COFFEE liqueur, cappuccino, DOUBLE ESPRESSO ARABICA",disney-village/sports-bar
2026-09-06,Sports Bar & Lounge,Disney Village,D01R06_sports-bar.pdf,12,4,sauce BOISSON VÉGÉTALE COCO OU SOJA cl),disney-village/sports-bar
2026-09-06,Auberge de Cendrillon,Disneyland Park,P1NR01_auberge-de-cendrillon.pdf,1,100,Menu A dulte,disneyland-park/auberge-de-cendrillon
2026-09-06,Auberge de Cendrillon,Disneyland Park,P1NR01_auberge-de-cendrillon.pdf,1,120,Vin compris Wine included,disneyland-park/auberge-de-cendrillon
2026-09-06,Auberge de Cendrillon,Disneyland Park,P1NR01_auberge-de-cendrillon.pdf,1,50,Pour enfants âgés de à,disneyland-park/auberge-de-cendrillon
2026-09-06,Auberge de Cendrillon,Disneyland Park,P1NR01_auberge-de-cendrillon.pdf,1,6,Boissons fraîches Cold drinks Coca-Cola,disneyland-park/auberge-de-cendrillon
2026-09-06,Auberge de Cendrillon,Disneyland Park,P1NR01_auberge-de-cendrillon.pdf,1,6,Coca-Cola Coca-Cola (cid:18),disneyland-park/auberge-de-cendrillon
2026-09-06,Auberge de Cendrillon,Disneyland Park,P1NR01_auberge-de-cendrillon.pdf,1,24,AOC Chablis La Pierrelée La Chablisienne,disneyland-park/auberge-de-cendrillon
2026-09-06,Auberge de Cendrillon,Disneyland Park,P1NR01_auberge-de-cendrillon.pdf,1,43,AOC Chablis La Pierrelée La Chablisienne,disneyland-park/auberge-de-cendrillon
2026-09-06,Auberge de Cendrillon,Disneyland Park,P1NR01_auberge-de-cendrillon.pdf,1,6,Fanta Orange (cid:18),disneyland-park/auberge-de-cendrillon
2026-09-06,Auberge de Cendrillon,Disneyland Park,P1NR01_auberge-de-cendrillon.pdf,1,6,(cid:18) Sprite (cid:18),disneyland-park/auberge-de-cendrillon
2026-09-06,Auberge de Cendrillon,Disneyland Park,P1NR01_auberge-de-cendrillon.pdf,1,6,Sprite (cid:18) FuzeTea Pêche Intense Peach Black Tea,disneyland-park/auberge-de-cendrillon
2026-09-06,Auberge de Cendrillon,Disneyland Park,P1NR01_auberge-de-cendrillon.pdf,1,24,Bordeaux AOC Saint-Emilion Fortin Plaisance,disneyland-park/auberge-de-cendrillon
2026-09-06,Auberge de Cendrillon,Disneyland Park,P1NR01_auberge-de-cendrillon.pdf,1,38,Bordeaux AOC Saint-Emilion Fortin Plaisance,disneyland-park/auberge-de-cendrillon
2026-09-06,Auberge de Cendrillon,Disneyland Park,P1NR01_auberge-de-cendrillon.pdf,1,5,FuzeTea Pêche Intense Peach Black Tea Perrier®,disneyland-park/auberge-de-cendrillon
2026-09-06,Auberge de Cendrillon,Disneyland Park,P1NR01_auberge-de-cendrillon.pdf,1,6,Jus d’orange ou de pomme cl,disneyland-park/auberge-de-cendrillon
2026-09-06,Auberge de Cendrillon,Disneyland Park,P1NR01_auberge-de-cendrillon.pdf,1,65,AOC Châteauneuf-du-Pape L’Âme Ogier Bio,disneyland-park/auberge-de-cendrillon
2026-09-06,Auberge de Cendrillon,Disneyland Park,P1NR01_auberge-de-cendrillon.pdf,1,5,M ineral waters Vi(cid:30) el®,disneyland-park/auberge-de-cendrillon
2026-09-06,Auberge de Cendrillon,Disneyland Park,P1NR01_auberge-de-cendrillon.pdf,1,6,M ineral waters Vi(cid:30) el®,disneyland-park/auberge-de-cendrillon
2026-09-06,Auberge de Cendrillon,Disneyland Park,P1NR01_auberge-de-cendrillon.pdf,1,27,AOP Côtes de Provence Minuty Prestige rosé,disneyland-park/auberge-de-cendrillon
2026-09-06,Auberge de Cendrillon,Disneyland Park,P1NR01_auberge-de-cendrillon.pdf,1,38,AOP Côtes de Provence Minuty Prestige rosé,disneyland-park/auberge-de-cendrillon
2026-09-06,Casa de Coco,Disneyland Park,P1RR01_casa-de-coco.pdf,2,12,Burrito au bœuf,disneyland-park/casa-de-coco-restaurante-de-familia
2026-09-06,Casa de Coco,Disneyland Park,P1RR01_casa-de-coco.pdf,2,12,"guacamole, Salade végétarienne",disneyland-park/casa-de-coco-restaurante-de-familia
2026-09-06,Casa de Coco,Disneyland Park,P1RR01_casa-de-coco.pdf,2,12,"lettuce, tomato, red onion and cilantro Burrito au poulet",disneyland-park/casa-de-coco-restaurante-de-familia
2026-09-06,Casa de Coco,Disneyland Park,P1RR01_casa-de-coco.pdf,2,12,"lettuce, tomato, red onion and cilantro Burrito vegan",disneyland-park/casa-de-coco-restaurante-de-familia
2026-09-06,Casa de Coco,Disneyland Park,P1RR01_casa-de-coco.pdf,2,15,Empanadas de carne,disneyland-park/casa-de-coco-restaurante-de-familia
2026-09-06,Casa de Coco,Disneyland Park,P1RR01_casa-de-coco.pdf,2,6,"lettuce, tomato, red onion and cilantro Doritos®",disneyland-park/casa-de-coco-restaurante-de-familia
2026-09-06,Casa de Coco,Disneyland Park,P1RR01_casa-de-coco.pdf,2,9,saveur Margarita avec alcool,disneyland-park/casa-de-coco-restaurante-de-familia
2026-09-06,Casa de Coco,Disneyland Park,P1RR01_casa-de-coco.pdf,2,7,rit® sauce à La Vache qui,disneyland-park/casa-de-coco-restaurante-de-familia
2026-09-06,Casa de Coco,Disneyland Park,P1RR01_casa-de-coco.pdf,2,16,strawberry flavour Gourde Dante Dante sipper,disneyland-park/casa-de-coco-restaurante-de-familia
2026-09-06,Casa de Coco,Disneyland Park,P1RR01_casa-de-coco.pdf,2,18,gobelet Small cup avec boisson fraîche cl,disneyland-park/casa-de-coco-restaurante-de-familia
2026-09-06,Casa de Coco,Disneyland Park,P1RR01_casa-de-coco.pdf,2,6,cl Grand gobelet Large cup,disneyland-park/casa-de-coco-restaurante-de-familia
2026-09-06,Casa de Coco,Disneyland Park,P1RR01_casa-de-coco.pdf,2,15,Mug Coco Gobelet Tumbler,disneyland-park/casa-de-coco-restaurante-de-familia
2026-09-06,Casa de Coco,Disneyland Park,P1RR01_casa-de-coco.pdf,2,17,et boisson fraîche ou granité,disneyland-park/casa-de-coco-restaurante-de-familia
2026-09-06,Casa de Coco,Disneyland Park,P1RR01_casa-de-coco.pdf,2,4,Coffee with milk Café au lait,disneyland-park/casa-de-coco-restaurante-de-familia
2026-09-06,Casa de Coco,Disneyland Park,P1RR01_casa-de-coco.pdf,2,4,Café au lait Cappuccino,disneyland-park/casa-de-coco-restaurante-de-familia
2026-09-06,Casa de Coco,Disneyland Park,P1RR01_casa-de-coco.pdf,2,15,cl Mug Coco gourmand à emporter,disneyland-park/casa-de-coco-restaurante-de-familia
2026-09-06,Casa de Coco,Disneyland Park,P1RR01_casa-de-coco.pdf,2,10,"vanilla whipped cream, cookie chunks Mug Coco",disneyland-park/casa-de-coco-restaurante-de-familia
2026-09-06,Casa de Coco,Disneyland Park,P1RR01_casa-de-coco.pdf,2,15,Mug Coco Gobelet Tumbler Mug,disneyland-park/casa-de-coco-restaurante-de-familia
2026-09-06,Casa de Coco,Disneyland Park,P1RR01_casa-de-coco.pdf,2,6,Paille Mickey ou Minnie Straw,disneyland-park/casa-de-coco-restaurante-de-familia
2026-09-06,Casa de Coco,Disneyland Park,P1RR01_casa-de-coco.pdf,2,17,Gobelet Tumbler Mug boisson fraîche avec boisson chaude,disneyland-park/casa-de-coco-restaurante-de-familia
2026-09-06,Casa de Coco,Disneyland Park,P1RR01_casa-de-coco.pdf,2,7,Paille Mickey ou Minnie Straw et boisson fraîche,disneyland-park/casa-de-coco-restaurante-de-familia
2026-09-06,Casa de Coco,Disneyland Park,P1RR01_casa-de-coco.pdf,2,4,,disneyland-park/casa-de-coco-restaurante-de-familia
2026-09-06,Casa de Coco,Disneyland Park,P1RR01_casa-de-coco.pdf,2,5,Mickey Ice Cream Bar Vanilla flavour,disneyland-park/casa-de-coco-restaurante-de-familia
2026-09-06,Casa de Coco,Disneyland Park,P1RR01_casa-de-coco.pdf,2,5,Semi-skimmed milk Bière pression Premium,disneyland-park/casa-de-coco-restaurante-de-familia
2026-09-06,Restaurant Hakuna Matata,Disneyland Park,P1AR07_restaurant-hakuna-matata.pdf,1,16,Menu Chakalaka,disneyland-park/restaurant-hakuna-matata
2026-09-06,Restaurant Hakuna Matata,Disneyland Park,P1AR07_restaurant-hakuna-matata.pdf,1,16,Menu Menu poulet Chakalaka Yassa,disneyland-park/restaurant-hakuna-matata
2026-09-06,Restaurant Hakuna Matata,Disneyland Park,P1AR07_restaurant-hakuna-matata.pdf,1,17,Menu poulet Menu filets Yassa de poulet frits,disneyland-park/restaurant-hakuna-matata
2026-09-06,Restaurant Hakuna Matata,Disneyland Park,P1AR07_restaurant-hakuna-matata.pdf,1,18,Menu filets Menu sandwich à de poulet frits l’effiloché de bœuf,disneyland-park/restaurant-hakuna-matata
2026-09-06,Restaurant Hakuna Matata,Disneyland Park,P1AR07_restaurant-hakuna-matata.pdf,1,18,OR OR Cold drink cl Cold drink cl,disneyland-park/restaurant-hakuna-matata
2026-09-06,Restaurant Hakuna Matata,Disneyland Park,P1AR07_restaurant-hakuna-matata.pdf,1,7,À LA CARTE Salade Hakuna,disneyland-park/restaurant-hakuna-matata
2026-09-06,Restaurant Hakuna Matata,Disneyland Park,P1AR07_restaurant-hakuna-matata.pdf,1,5,DESSERTS Cupcake de la savane1,disneyland-park/restaurant-hakuna-matata
2026-09-06,Restaurant Hakuna Matata,Disneyland Park,P1AR07_restaurant-hakuna-matata.pdf,1,5,Small pulled beef Dessert Mickey1,disneyland-park/restaurant-hakuna-matata
2026-09-06,Restaurant Hakuna Matata,Disneyland Park,P1AR07_restaurant-hakuna-matata.pdf,1,4,Banane plantain “Curve” fries,disneyland-park/restaurant-hakuna-matata
2026-09-06,Restaurant Hakuna Matata,Disneyland Park,P1AR07_restaurant-hakuna-matata.pdf,1,3,Yaourt sur lit de fruit Flavoured sweet,disneyland-park/restaurant-hakuna-matata
2026-09-06,Restaurant Hakuna Matata,Disneyland Park,P1AR07_restaurant-hakuna-matata.pdf,1,14,"sweet peppers, red onions, grilled peanuts Chakalaka",disneyland-park/restaurant-hakuna-matata
2026-09-06,Restaurant Hakuna Matata,Disneyland Park,P1AR07_restaurant-hakuna-matata.pdf,1,13,Chakalaka Filets de poulet frits,disneyland-park/restaurant-hakuna-matata
2026-09-06,Restaurant Hakuna Matata,Disneyland Park,P1AR07_restaurant-hakuna-matata.pdf,1,14,Fried chicken stripes Poulet Yassa Yassa chicken,disneyland-park/restaurant-hakuna-matata
2026-09-06,Restaurant Hakuna Matata,Disneyland Park,P1AR07_restaurant-hakuna-matata.pdf,1,4,Magnum® Mini Almond Sachet de fruit Fruit bag,disneyland-park/restaurant-hakuna-matata
2026-09-06,Restaurant Hakuna Matata,Disneyland Park,P1AR07_restaurant-hakuna-matata.pdf,1,13,Poulet Yassa Yassa chicken Sandwich à l’effiloché de bœuf,disneyland-park/restaurant-hakuna-matata
2026-09-06,Restaurant Hakuna Matata,Disneyland Park,P1AR07_restaurant-hakuna-matata.pdf,1,4,O th e r c o l d drink cl) may replace similar item Magnum® on r e q u e s t La Pistache,disneyland-park/restaurant-hakuna-matata
2026-09-06,Restaurant Hakuna Matata,Disneyland Park,P1AR07_restaurant-hakuna-matata.pdf,1,4,on r e q u e s t La Pistache Magnum® Amande Almond,disneyland-park/restaurant-hakuna-matata
2026-09-06,Restaurant Hakuna Matata,Disneyland Park,P1AR07_restaurant-hakuna-matata.pdf,1,10,cassé Broken rice MENU DISNEY CHECK,disneyland-park/restaurant-hakuna-matata
2026-09-06,Restaurant Hakuna Matata,Disneyland Park,P1AR07_restaurant-hakuna-matata.pdf,1,4,Magnum® Amande Almond,disneyland-park/restaurant-hakuna-matata
2026-09-06,Restaurant Hakuna Matata,Disneyland Park,P1AR07_restaurant-hakuna-matata.pdf,1,7,Riz cassé Broken rice PAUSE GOÛTER,disneyland-park/restaurant-hakuna-matata
2026-09-06,Restaurant Hakuna Matata,Disneyland Park,P1AR07_restaurant-hakuna-matata.pdf,1,6,Paille Mickey ou Minnie Strawberry or apple flavour,disneyland-park/restaurant-hakuna-matata
2026-09-06,Restaurant Hakuna Matata,Disneyland Park,P1AR07_restaurant-hakuna-matata.pdf,1,6,Petit gobelet Small cup cl Grand gobelet Large cup cl,disneyland-park/restaurant-hakuna-matata
2026-09-06,Restaurant Hakuna Matata,Disneyland Park,P1AR07_restaurant-hakuna-matata.pdf,1,7,avec boisson fraîche Large cup cl,disneyland-park/restaurant-hakuna-matata
2026-09-06,Restaurant Hakuna Matata,Disneyland Park,P1AR07_restaurant-hakuna-matata.pdf,1,17,Grand gobelet Large cup cl Gobelet avec granité Tumbler with a slush,disneyland-park/restaurant-hakuna-matata
2026-09-06,Restaurant Hakuna Matata,Disneyland Park,P1AR07_restaurant-hakuna-matata.pdf,1,15,granité Tumbler with a slush and a cold drink Mug Simba,disneyland-park/restaurant-hakuna-matata
2026-09-06,Restaurant Hakuna Matata,Disneyland Park,P1AR07_restaurant-hakuna-matata.pdf,1,17,avec boisson chaude CHAUDES,disneyland-park/restaurant-hakuna-matata
2026-09-06,Restaurant Hakuna Matata,Disneyland Park,P1AR07_restaurant-hakuna-matata.pdf,1,15,Gobelet Tumbler Arabica,disneyland-park/restaurant-hakuna-matata
2026-09-06,Restaurant Hakuna Matata,Disneyland Park,P1AR07_restaurant-hakuna-matata.pdf,1,17,avec boisson fraîche ou granité Arabica,disneyland-park/restaurant-hakuna-matata
2026-09-06,Restaurant Hakuna Matata,Disneyland Park,P1AR07_restaurant-hakuna-matata.pdf,1,4,Café Arabica Coffee Café au lait Coffee with milk,disneyland-park/restaurant-hakuna-matata
2026-09-06,Restaurant Hakuna Matata,Disneyland Park,P1AR07_restaurant-hakuna-matata.pdf,1,15,Coffee Coffee with milk Gourde Simba Simba sipper,disneyland-park/restaurant-hakuna-matata
2026-09-06,Restaurant Hakuna Matata,Disneyland Park,P1AR07_restaurant-hakuna-matata.pdf,1,4,Café au lait Coffee with milk Cappuccino,disneyland-park/restaurant-hakuna-matata
2026-09-06,Restaurant Hakuna Matata,Disneyland Park,P1AR07_restaurant-hakuna-matata.pdf,1,17,Coffee with milk Gourde Simba Simba sipper avec boisson fraîche,disneyland-park/restaurant-hakuna-matata
2026-09-06,Restaurant Hakuna Matata,Disneyland Park,P1AR07_restaurant-hakuna-matata.pdf,1,5,DRAUGHT Premium cl,disneyland-park/restaurant-hakuna-matata
2026-09-06,Bleecker Street Lounge,Disney's Hotel New York,H02R06_bleecker-street-lounge.pdf,3,7,CROISSANT OU PAIN AU CHOCOLAT AVEC ESPRESSO OU RISTRETTO,disneys-hotel-new-york/bleecker-street-lounge
2026-09-06,Bleecker Street Lounge,Disney's Hotel New York,H02R06_bleecker-street-lounge.pdf,3,8,PAIN AU CHOCOLAT BOISSON CHAUDE «LES TRADITIONNELLES»1,disneys-hotel-new-york/bleecker-street-lounge
2026-09-06,Bleecker Street Lounge,Disney's Hotel New York,H02R06_bleecker-street-lounge.pdf,3,6,Arabica La Reserva de Tierra Bio Arabica La Reserva de Tierra Bio,disneys-hotel-new-york/bleecker-street-lounge
2026-09-06,Bleecker Street Lounge,Disney's Hotel New York,H02R06_bleecker-street-lounge.pdf,4,6,SPÉCIALITÉS CHAUDES OU GLACÉES HOT OR ICED SPECIALITIES,disneys-hotel-new-york/bleecker-street-lounge
2026-09-06,Bleecker Street Lounge,Disney's Hotel New York,H02R06_bleecker-street-lounge.pdf,4,7,SPÉCIALITÉS CHAUDES OU GLACÉES HOT OR ICED SPECIALITIES,disneys-hotel-new-york/bleecker-street-lounge
2026-09-06,Bleecker Street Lounge,Disney's Hotel New York,H02R06_bleecker-street-lounge.pdf,4,6,,disneys-hotel-new-york/bleecker-street-lounge
2026-09-06,Bleecker Street Lounge,Disney's Hotel New York,H02R06_bleecker-street-lounge.pdf,4,6,,disneys-hotel-new-york/bleecker-street-lounge
2026-09-06,Bleecker Street Lounge,Disney's Hotel New York,H02R06_bleecker-street-lounge.pdf,4,7,chamallow Hot chocolate with marshmallows,disneys-hotel-new-york/bleecker-street-lounge
2026-09-06,Bleecker Street Lounge,Disney's Hotel New York,H02R06_bleecker-street-lounge.pdf,4,5,COLD DRINKS Jus d’orange frais cl,disneys-hotel-new-york/bleecker-street-lounge
2026-09-06,Bleecker Street Lounge,Disney's Hotel New York,H02R06_bleecker-street-lounge.pdf,4,5,DRINKS MINERAL WATER Vittel® cl,disneys-hotel-new-york/bleecker-street-lounge
2026-09-06,Bleecker Street Lounge,Disney's Hotel New York,H02R06_bleecker-street-lounge.pdf,4,6,Fresh orange juice Jus de pomme cl,disneys-hotel-new-york/bleecker-street-lounge
2026-09-06,Bleecker Street Lounge,Disney's Hotel New York,H02R06_bleecker-street-lounge.pdf,4,7,cacao2 Mickey cake plain and cocoa2 pécan-chocolat-caramel,disneys-hotel-new-york/bleecker-street-lounge
2026-09-06,Bleecker Street Lounge,Disney's Hotel New York,H02R06_bleecker-street-lounge.pdf,4,3,cacao-amande-cranberry butter-almond-cranberry cookie,disneys-hotel-new-york/bleecker-street-lounge
2026-09-06,Bleecker Street Lounge,Disney's Hotel New York,H02R06_bleecker-street-lounge.pdf,4,3,butter-almond-cranberry cookie Vegan Croissant,disneys-hotel-new-york/bleecker-street-lounge
2026-09-06,Bleecker Street Lounge,Disney's Hotel New York,H02R06_bleecker-street-lounge.pdf,4,3,butter-almond-cranberry cookie Vegan Croissant,disneys-hotel-new-york/bleecker-street-lounge
2026-09-06,Bleecker Street Lounge,Disney's Hotel New York,H02R06_bleecker-street-lounge.pdf,5,7,Blondie cake noix de pécan-chocolat-caramel,disneys-hotel-new-york/bleecker-street-lounge
2026-09-06,Bleecker Street Lounge,Disney's Hotel New York,H02R06_bleecker-street-lounge.pdf,5,9,SIGNATURE MANDALA LATTE,disneys-hotel-new-york/bleecker-street-lounge
2026-09-06,Bleecker Street Lounge,Disney's Hotel New York,H02R06_bleecker-street-lounge.pdf,5,9,SIGNATURE DRINKS MANDALA LATTE PATRIOT LATTE,disneys-hotel-new-york/bleecker-street-lounge
2026-09-06,Bleecker Street Lounge,Disney's Hotel New York,H02R06_bleecker-street-lounge.pdf,5,7,"Muffin cacao-noisette, crème au mascarpone cacao-noisette",disneys-hotel-new-york/bleecker-street-lounge
2026-09-06,Bleecker Street Lounge,Disney's Hotel New York,H02R06_bleecker-street-lounge.pdf,5,9,QUANTUM FOAM DALGONA,disneys-hotel-new-york/bleecker-street-lounge
2026-09-06,Bleecker Street Lounge,Disney's Hotel New York,H02R06_bleecker-street-lounge.pdf,5,7,crémeux fruits rouges sirop,disneys-hotel-new-york/bleecker-street-lounge
2026-09-06,Bleecker Street Lounge,Disney's Hotel New York,H02R06_bleecker-street-lounge.pdf,5,9,SANCTUM UBE LATTE,disneys-hotel-new-york/bleecker-street-lounge
2026-09-06,Bleecker Street Lounge,Disney's Hotel New York,H02R06_bleecker-street-lounge.pdf,5,15,crushed AVOCADO TOAST,disneys-hotel-new-york/bleecker-street-lounge
2026-09-06,Bleecker Street Lounge,Disney's Hotel New York,H02R06_bleecker-street-lounge.pdf,5,6,Espresso Macchiato Arabica La Reserva de Tierra Bio Double Espresso Arabica La Reserva de Tierra Bio,disneys-hotel-new-york/bleecker-street-lounge
2026-09-06,Bleecker Street Lounge,Disney's Hotel New York,H02R06_bleecker-street-lounge.pdf,5,18,and romaine lettuce FOCACCIA CLUB,disneys-hotel-new-york/bleecker-street-lounge
2026-09-06,Bleecker Street Lounge,Disney's Hotel New York,H02R06_bleecker-street-lounge.pdf,5,18,"Chicken, bacon, tomatoes, boiled eggs, lettuce and mayonnaise SANDWICH AU PASTRAMI/ PASTRAMI SANDWICH",disneys-hotel-new-york/bleecker-street-lounge
2026-09-06,Bleecker Street Lounge,Disney's Hotel New York,H02R06_bleecker-street-lounge.pdf,5,10,Served with crisps or mixed salad APPLE PIE,disneys-hotel-new-york/bleecker-street-lounge
2026-09-06,Bleecker Street Lounge,Disney's Hotel New York,H02R06_bleecker-street-lounge.pdf,5,6,Coca-Cola Original cl,disneys-hotel-new-york/bleecker-street-lounge
2026-09-06,Bleecker Street Lounge,Disney's Hotel New York,H02R06_bleecker-street-lounge.pdf,5,5,Coca-Cola Original Jus d’orange frais cl cl,disneys-hotel-new-york/bleecker-street-lounge
2026-09-06,Bleecker Street Lounge,Disney's Hotel New York,H02R06_bleecker-street-lounge.pdf,5,6,cl Coca-Cola Zéro sucres cl,disneys-hotel-new-york/bleecker-street-lounge
2026-09-06,Bleecker Street Lounge,Disney's Hotel New York,H02R06_bleecker-street-lounge.pdf,5,6,Coca-Cola Zéro sucres cl Sprite cl,disneys-hotel-new-york/bleecker-street-lounge
2026-09-06,Bleecker Street Lounge,Disney's Hotel New York,H02R06_bleecker-street-lounge.pdf,5,6,Jus de pomme Sprite cl cl,disneys-hotel-new-york/bleecker-street-lounge
2026-09-06,Bleecker Street Lounge,Disney's Hotel New York,H02R06_bleecker-street-lounge.pdf,5,6,FuzeTea Saveur pêche cl,disneys-hotel-new-york/bleecker-street-lounge
2026-09-06,Bleecker Street Lounge,Disney's Hotel New York,H02R06_bleecker-street-lounge.pdf,5,5,Vittel® cl,disneys-hotel-new-york/bleecker-street-lounge
2026-09-06,Rio Grande Bar,Disney's Hotel Santa Fe,H06R01_rio-grande-bar.pdf,1,10,caLvadoS Le Domfrontais de Christian Drouin,disneys-hotel-santa-fe/rio-grande-bar
2026-09-06,Rio Grande Bar,Disney's Hotel Santa Fe,H06R01_rio-grande-bar.pdf,1,6,"snacks guacamole, sauce salsa",disneys-hotel-santa-fe/rio-grande-bar
2026-09-06,Rio Grande Bar,Disney's Hotel Santa Fe,H06R01_rio-grande-bar.pdf,1,7,Pays d'Oc Naturalys Gérard Bertrand Chardonnay Bio,disneys-hotel-santa-fe/rio-grande-bar
2026-09-06,Rio Grande Bar,Disney's Hotel Santa Fe,H06R01_rio-grande-bar.pdf,1,30,d'Oc Naturalys Gérard Bertrand Chardonnay Bio,disneys-hotel-santa-fe/rio-grande-bar
2026-09-06,Rio Grande Bar,Disney's Hotel Santa Fe,H06R01_rio-grande-bar.pdf,1,77,Spéciale Disneyland® Paris Mignon Grande Réserve Brut,disneys-hotel-santa-fe/rio-grande-bar
2026-09-06,Rio Grande Bar,Disney's Hotel Santa Fe,H06R01_rio-grande-bar.pdf,1,87,Mignon Grande Réserve Brut Chandon Impérial Brut,disneys-hotel-santa-fe/rio-grande-bar
2026-09-06,Rio Grande Bar,Disney's Hotel Santa Fe,H06R01_rio-grande-bar.pdf,1,30,Bordeaux Agneau Blanc Philippe de Rothschild,disneys-hotel-santa-fe/rio-grande-bar
2026-09-06,Rio Grande Bar,Disney's Hotel Santa Fe,H06R01_rio-grande-bar.pdf,1,38,Disneyland® Paris AOP La Clape L'Hospitalet Bio Demeter,disneys-hotel-santa-fe/rio-grande-bar
2026-09-06,Rio Grande Bar,Disney's Hotel Santa Fe,H06R01_rio-grande-bar.pdf,1,30,cl Prosecco Extra Dry,disneys-hotel-santa-fe/rio-grande-bar
2026-09-06,Rio Grande Bar,Disney's Hotel Santa Fe,H06R01_rio-grande-bar.pdf,1,30,red wine d'OC Naturalys Gérard Bertrand,disneys-hotel-santa-fe/rio-grande-bar
2026-09-06,Rio Grande Bar,Disney's Hotel Santa Fe,H06R01_rio-grande-bar.pdf,1,38,Disneyland® Paris AOP La Clape L'Hospitalet Bio Demeter,disneys-hotel-santa-fe/rio-grande-bar
2026-09-06,Rio Grande Bar,Disney's Hotel Santa Fe,H06R01_rio-grande-bar.pdf,1,30,L'Hospitalet Bio Demeter du Rhône Esprit Brotte,disneys-hotel-santa-fe/rio-grande-bar
2026-09-06,Rio Grande Bar,Disney's Hotel Santa Fe,H06R01_rio-grande-bar.pdf,1,10,Grimbergen blonde Premium cl avec Chips Lay's®,disneys-hotel-santa-fe/rio-grande-bar
2026-09-06,Rio Grande Bar,Disney's Hotel Santa Fe,H06R01_rio-grande-bar.pdf,1,30,Languedoc Art de Vivre Bertrand Rosé,disneys-hotel-santa-fe/rio-grande-bar
2026-09-06,Rio Grande Bar,Disney's Hotel Santa Fe,H06R01_rio-grande-bar.pdf,1,33,de Provence Minuty rosé,disneys-hotel-santa-fe/rio-grande-bar
2026-09-06,Rio Grande Bar,Disney's Hotel Santa Fe,H06R01_rio-grande-bar.pdf,1,7,bottLed d'Abbaye blanche,disneys-hotel-santa-fe/rio-grande-bar
2026-09-06,Rio Grande Bar,Disney's Hotel Santa Fe,H06R01_rio-grande-bar.pdf,1,7,d'Abbaye blanche Grimbergen d'Abbaye rouge,disneys-hotel-santa-fe/rio-grande-bar
2026-09-06,Rio Grande Bar,Disney's Hotel Santa Fe,H06R01_rio-grande-bar.pdf,1,8,Draught cl,disneys-hotel-santa-fe/rio-grande-bar
2026-09-06,Rio Grande Bar,Disney's Hotel Santa Fe,H06R01_rio-grande-bar.pdf,1,10,Nooh by La Coste Effervescent Sparkling Rosé alcool,disneys-hotel-santa-fe/rio-grande-bar
2026-09-06,Rio Grande Bar,Disney's Hotel Santa Fe,H06R01_rio-grande-bar.pdf,1,45,Coste Effervescent Sparkling Rosé alcool,disneys-hotel-santa-fe/rio-grande-bar
2026-09-06,Rio Grande Bar,Disney's Hotel Santa Fe,H06R01_rio-grande-bar.pdf,1,7,cl cider,disneys-hotel-santa-fe/rio-grande-bar
2026-09-06,Rio Grande Bar,Disney's Hotel Santa Fe,H06R01_rio-grande-bar.pdf,1,6,non-aLcohoLic beer Special Effects,disneys-hotel-santa-fe/rio-grande-bar
2026-09-06,Rio Grande Bar,Disney's Hotel Santa Fe,H06R01_rio-grande-bar.pdf,1,10,N°Ten Italian Organic Gin Vegan Bio,disneys-hotel-santa-fe/rio-grande-bar
2026-09-06,Rio Grande Bar,Disney's Hotel Santa Fe,H06R01_rio-grande-bar.pdf,1,9,Mark Bourbon Whisky Daniel's Old N°,disneys-hotel-santa-fe/rio-grande-bar
